solid OpenSCAD_Model
  facet normal -0.989176 -0.146733 0
    outer loop
      vertex 0.0960732 4.02455 0
      vertex 0.0240755 4.50991 10
      vertex 0.0240755 4.50991 0
    endloop
  endfacet
  facet normal -0.989176 -0.146733 0
    outer loop
      vertex 0.0240755 4.50991 10
      vertex 0.0960732 4.02455 0
      vertex 0.0960732 4.02455 10
    endloop
  endfacet
  facet normal 0.998803 0.048911 0
    outer loop
      vertex 112.3 21 10
      vertex 112.276 21.4901 0
      vertex 112.276 21.4901 10
    endloop
  endfacet
  facet normal 0.998803 0.048911 0
    outer loop
      vertex 112.276 21.4901 0
      vertex 112.3 21 10
      vertex 112.3 21 0
    endloop
  endfacet
  facet normal -0.998796 -0.0490655 0
    outer loop
      vertex 0.0240755 4.50991 0
      vertex 0 5 10
      vertex 0 5 0
    endloop
  endfacet
  facet normal -0.998796 -0.0490655 0
    outer loop
      vertex 0 5 10
      vertex 0.0240755 4.50991 0
      vertex 0.0240755 4.50991 10
    endloop
  endfacet
  facet normal -0.989178 0.146721 0
    outer loop
      vertex 0.0240755 21.4901 0
      vertex 0.0960732 21.9755 10
      vertex 0.0960732 21.9755 0
    endloop
  endfacet
  facet normal -0.989178 0.146721 0
    outer loop
      vertex 0.0960732 21.9755 10
      vertex 0.0240755 21.4901 0
      vertex 0.0240755 21.4901 10
    endloop
  endfacet
  facet normal 0.989175 -0.146738 0
    outer loop
      vertex 112.204 4.02455 10
      vertex 112.276 4.50991 0
      vertex 112.276 4.50991 10
    endloop
  endfacet
  facet normal 0.989175 -0.146738 0
    outer loop
      vertex 112.276 4.50991 0
      vertex 112.204 4.02455 10
      vertex 112.204 4.02455 0
    endloop
  endfacet
  facet normal 0.998803 -0.048912 0
    outer loop
      vertex 112.276 4.50991 10
      vertex 112.3 5 0
      vertex 112.3 5 10
    endloop
  endfacet
  facet normal 0.998803 -0.048912 0
    outer loop
      vertex 112.3 5 0
      vertex 112.276 4.50991 10
      vertex 112.276 4.50991 0
    endloop
  endfacet
  facet normal -0.242934 0.970043 0
    outer loop
      vertex 4.02455 25.9039 0
      vertex 3.54858 25.7847 10
      vertex 4.02455 25.9039 10
    endloop
  endfacet
  facet normal -0.242934 0.970043 0
    outer loop
      vertex 3.54858 25.7847 10
      vertex 4.02455 25.9039 0
      vertex 3.54858 25.7847 0
    endloop
  endfacet
  facet normal -0.998796 0.0490645 0
    outer loop
      vertex 0 21 0
      vertex 0.0240755 21.4901 10
      vertex 0.0240755 21.4901 0
    endloop
  endfacet
  facet normal -0.998796 0.0490645 0
    outer loop
      vertex 0.0240755 21.4901 10
      vertex 0 21 0
      vertex 0 21 10
    endloop
  endfacet
  facet normal -0.671568 -0.740943 0
    outer loop
      vertex 1.46447 1.46447 0
      vertex 1.82803 1.13495 10
      vertex 1.46447 1.46447 10
    endloop
  endfacet
  facet normal -0.671568 -0.740943 -0
    outer loop
      vertex 1.82803 1.13495 10
      vertex 1.46447 1.46447 0
      vertex 1.82803 1.13495 0
    endloop
  endfacet
  facet normal -0.595699 -0.803208 0
    outer loop
      vertex 1.82803 1.13495 0
      vertex 2.22215 0.842651 10
      vertex 1.82803 1.13495 10
    endloop
  endfacet
  facet normal -0.595699 -0.803208 -0
    outer loop
      vertex 2.22215 0.842651 10
      vertex 1.82803 1.13495 0
      vertex 2.22215 0.842651 0
    endloop
  endfacet
  facet normal 0.0490745 -0.998795 0
    outer loop
      vertex 107.3 0 0
      vertex 107.79 0.0240755 10
      vertex 107.3 0 10
    endloop
  endfacet
  facet normal 0.0490745 -0.998795 0
    outer loop
      vertex 107.79 0.0240755 10
      vertex 107.3 0 0
      vertex 107.79 0.0240755 0
    endloop
  endfacet
  facet normal 0 -1 0
    outer loop
      vertex 5 0 0
      vertex 107.3 0 10
      vertex 5 0 10
    endloop
  endfacet
  facet normal 0 -1 -0
    outer loop
      vertex 107.3 0 10
      vertex 5 0 0
      vertex 107.3 0 0
    endloop
  endfacet
  facet normal -0.0491153 0.998793 0
    outer loop
      vertex 5 26 0
      vertex 4.50991 25.9759 10
      vertex 5 26 10
    endloop
  endfacet
  facet normal -0.0491153 0.998793 0
    outer loop
      vertex 4.50991 25.9759 10
      vertex 5 26 0
      vertex 4.50991 25.9759 0
    endloop
  endfacet
  facet normal -0.336879 0.941548 0
    outer loop
      vertex 3.54858 25.7847 0
      vertex 3.08658 25.6194 10
      vertex 3.54858 25.7847 10
    endloop
  endfacet
  facet normal -0.336879 0.941548 0
    outer loop
      vertex 3.08658 25.6194 10
      vertex 3.54858 25.7847 0
      vertex 3.08658 25.6194 0
    endloop
  endfacet
  facet normal 0.970131 0.242584 0
    outer loop
      vertex 112.204 21.9755 10
      vertex 112.085 22.4514 0
      vertex 112.085 22.4514 10
    endloop
  endfacet
  facet normal 0.970131 0.242584 0
    outer loop
      vertex 112.085 22.4514 0
      vertex 112.204 21.9755 10
      vertex 112.204 21.9755 0
    endloop
  endfacet
  facet normal 0 1 -0
    outer loop
      vertex 107.3 26 0
      vertex 5 26 10
      vertex 107.3 26 10
    endloop
  endfacet
  facet normal 0 1 0
    outer loop
      vertex 5 26 10
      vertex 107.3 26 0
      vertex 5 26 0
    endloop
  endfacet
  facet normal 0.595686 0.803218 -0
    outer loop
      vertex 110.472 24.8651 0
      vertex 110.078 25.1573 10
      vertex 110.472 24.8651 10
    endloop
  endfacet
  facet normal 0.595686 0.803218 0
    outer loop
      vertex 110.078 25.1573 10
      vertex 110.472 24.8651 0
      vertex 110.078 25.1573 0
    endloop
  endfacet
  facet normal -1 0 0
    outer loop
      vertex 0 5 0
      vertex 0 21 10
      vertex 0 21 0
    endloop
  endfacet
  facet normal -1 -0 0
    outer loop
      vertex 0 21 10
      vertex 0 5 0
      vertex 0 5 10
    endloop
  endfacet
  facet normal 0.671212 0.741266 -0
    outer loop
      vertex 110.836 24.5355 0
      vertex 110.472 24.8651 10
      vertex 110.836 24.5355 10
    endloop
  endfacet
  facet normal 0.671212 0.741266 0
    outer loop
      vertex 110.472 24.8651 10
      vertex 110.836 24.5355 0
      vertex 110.472 24.8651 0
    endloop
  endfacet
  facet normal -0.857746 0.514073 0
    outer loop
      vertex 0.590393 23.357 0
      vertex 0.842651 23.7779 10
      vertex 0.842651 23.7779 0
    endloop
  endfacet
  facet normal -0.857746 0.514073 0
    outer loop
      vertex 0.842651 23.7779 10
      vertex 0.590393 23.357 0
      vertex 0.590393 23.357 10
    endloop
  endfacet
  facet normal -0.5141 -0.85773 0
    outer loop
      vertex 2.22215 0.842651 0
      vertex 2.64302 0.590393 10
      vertex 2.22215 0.842651 10
    endloop
  endfacet
  facet normal -0.5141 -0.85773 -0
    outer loop
      vertex 2.64302 0.590393 10
      vertex 2.22215 0.842651 0
      vertex 2.64302 0.590393 0
    endloop
  endfacet
  facet normal -0.740943 -0.671568 0
    outer loop
      vertex 1.46447 1.46447 0
      vertex 1.13495 1.82803 10
      vertex 1.13495 1.82803 0
    endloop
  endfacet
  facet normal -0.740943 -0.671568 0
    outer loop
      vertex 1.13495 1.82803 10
      vertex 1.46447 1.46447 0
      vertex 1.46447 1.46447 10
    endloop
  endfacet
  facet normal 0.514046 0.857762 -0
    outer loop
      vertex 110.078 25.1573 0
      vertex 109.657 25.4096 10
      vertex 110.078 25.1573 10
    endloop
  endfacet
  facet normal 0.514046 0.857762 0
    outer loop
      vertex 109.657 25.4096 10
      vertex 110.078 25.1573 0
      vertex 109.657 25.4096 0
    endloop
  endfacet
  facet normal 0.0491243 0.998793 -0
    outer loop
      vertex 107.79 25.9759 0
      vertex 107.3 26 10
      vertex 107.79 25.9759 10
    endloop
  endfacet
  facet normal 0.0491243 0.998793 0
    outer loop
      vertex 107.3 26 10
      vertex 107.79 25.9759 0
      vertex 107.3 26 0
    endloop
  endfacet
  facet normal 0.242967 -0.970035 0
    outer loop
      vertex 108.275 0.0960732 0
      vertex 108.751 0.215298 10
      vertex 108.275 0.0960732 10
    endloop
  endfacet
  facet normal 0.242967 -0.970035 0
    outer loop
      vertex 108.751 0.215298 10
      vertex 108.275 0.0960732 0
      vertex 108.751 0.215298 0
    endloop
  endfacet
  facet normal 0.989177 0.146726 0
    outer loop
      vertex 112.276 21.4901 10
      vertex 112.204 21.9755 0
      vertex 112.204 21.9755 10
    endloop
  endfacet
  facet normal 0.989177 0.146726 0
    outer loop
      vertex 112.204 21.9755 0
      vertex 112.276 21.4901 10
      vertex 112.276 21.4901 0
    endloop
  endfacet
  facet normal 0.14684 -0.98916 0
    outer loop
      vertex 107.79 0.0240755 0
      vertex 108.275 0.0960732 10
      vertex 107.79 0.0240755 10
    endloop
  endfacet
  facet normal 0.14684 -0.98916 0
    outer loop
      vertex 108.275 0.0960732 10
      vertex 107.79 0.0240755 0
      vertex 108.275 0.0960732 0
    endloop
  endfacet
  facet normal 1 -0 0
    outer loop
      vertex 112.3 5 10
      vertex 112.3 21 0
      vertex 112.3 21 10
    endloop
  endfacet
  facet normal 1 0 0
    outer loop
      vertex 112.3 21 0
      vertex 112.3 5 10
      vertex 112.3 5 0
    endloop
  endfacet
  facet normal 0.904625 0.426209 0
    outer loop
      vertex 111.919 22.9134 10
      vertex 111.71 23.357 0
      vertex 111.71 23.357 10
    endloop
  endfacet
  facet normal 0.904625 0.426209 0
    outer loop
      vertex 111.71 23.357 0
      vertex 111.919 22.9134 10
      vertex 111.919 22.9134 0
    endloop
  endfacet
  facet normal 0.857063 -0.515211 0
    outer loop
      vertex 111.457 2.22215 10
      vertex 111.71 2.64302 0
      vertex 111.71 2.64302 10
    endloop
  endfacet
  facet normal 0.857063 -0.515211 0
    outer loop
      vertex 111.71 2.64302 0
      vertex 111.457 2.22215 10
      vertex 111.457 2.22215 0
    endloop
  endfacet
  facet normal -0.514163 0.857692 0
    outer loop
      vertex 2.64302 25.4096 0
      vertex 2.22215 25.1573 10
      vertex 2.64302 25.4096 10
    endloop
  endfacet
  facet normal -0.514163 0.857692 0
    outer loop
      vertex 2.22215 25.1573 10
      vertex 2.64302 25.4096 0
      vertex 2.22215 25.1573 0
    endloop
  endfacet
  facet normal 0.427228 0.904144 -0
    outer loop
      vertex 109.657 25.4096 0
      vertex 109.213 25.6194 10
      vertex 109.657 25.4096 10
    endloop
  endfacet
  facet normal 0.427228 0.904144 0
    outer loop
      vertex 109.213 25.6194 10
      vertex 109.657 25.4096 0
      vertex 109.213 25.6194 0
    endloop
  endfacet
  facet normal 0.941095 0.338142 0
    outer loop
      vertex 112.085 22.4514 10
      vertex 111.919 22.9134 0
      vertex 111.919 22.9134 10
    endloop
  endfacet
  facet normal 0.941095 0.338142 0
    outer loop
      vertex 111.919 22.9134 0
      vertex 112.085 22.4514 10
      vertex 112.085 22.4514 0
    endloop
  endfacet
  facet normal 0.146844 0.98916 -0
    outer loop
      vertex 108.275 25.9039 0
      vertex 107.79 25.9759 10
      vertex 108.275 25.9039 10
    endloop
  endfacet
  facet normal 0.146844 0.98916 0
    outer loop
      vertex 107.79 25.9759 10
      vertex 108.275 25.9039 0
      vertex 107.79 25.9759 0
    endloop
  endfacet
  facet normal 0.513983 -0.8578 0
    outer loop
      vertex 109.657 0.590393 0
      vertex 110.078 0.842651 10
      vertex 109.657 0.590393 10
    endloop
  endfacet
  facet normal 0.513983 -0.8578 0
    outer loop
      vertex 110.078 0.842651 10
      vertex 109.657 0.590393 0
      vertex 110.078 0.842651 0
    endloop
  endfacet
  facet normal 0.90461 -0.426241 0
    outer loop
      vertex 111.71 2.64302 10
      vertex 111.919 3.08658 0
      vertex 111.919 3.08658 10
    endloop
  endfacet
  facet normal 0.90461 -0.426241 0
    outer loop
      vertex 111.919 3.08658 0
      vertex 111.71 2.64302 10
      vertex 111.71 2.64302 0
    endloop
  endfacet
  facet normal -0.146738 0.989175 0
    outer loop
      vertex 4.50991 25.9759 0
      vertex 4.02455 25.9039 10
      vertex 4.50991 25.9759 10
    endloop
  endfacet
  facet normal -0.146738 0.989175 0
    outer loop
      vertex 4.02455 25.9039 10
      vertex 4.50991 25.9759 0
      vertex 4.02455 25.9039 0
    endloop
  endfacet
  facet normal 0.857079 0.515184 0
    outer loop
      vertex 111.71 23.357 10
      vertex 111.457 23.7779 0
      vertex 111.457 23.7779 10
    endloop
  endfacet
  facet normal 0.857079 0.515184 0
    outer loop
      vertex 111.457 23.7779 0
      vertex 111.71 23.357 10
      vertex 111.71 23.357 0
    endloop
  endfacet
  facet normal 0.741415 0.671047 0
    outer loop
      vertex 111.165 24.172 10
      vertex 110.836 24.5355 0
      vertex 110.836 24.5355 10
    endloop
  endfacet
  facet normal 0.741415 0.671047 0
    outer loop
      vertex 110.836 24.5355 0
      vertex 111.165 24.172 10
      vertex 111.165 24.172 0
    endloop
  endfacet
  facet normal -0.336886 -0.941546 0
    outer loop
      vertex 3.08658 0.380602 0
      vertex 3.54858 0.215298 10
      vertex 3.08658 0.380602 10
    endloop
  endfacet
  facet normal -0.336886 -0.941546 -0
    outer loop
      vertex 3.54858 0.215298 10
      vertex 3.08658 0.380602 0
      vertex 3.54858 0.215298 0
    endloop
  endfacet
  facet normal -0.941546 0.336886 0
    outer loop
      vertex 0.215298 22.4514 0
      vertex 0.380602 22.9134 10
      vertex 0.380602 22.9134 0
    endloop
  endfacet
  facet normal -0.941546 0.336886 0
    outer loop
      vertex 0.380602 22.9134 10
      vertex 0.215298 22.4514 0
      vertex 0.215298 22.4514 10
    endloop
  endfacet
  facet normal 0.427213 -0.904151 0
    outer loop
      vertex 109.213 0.380602 0
      vertex 109.657 0.590393 10
      vertex 109.213 0.380602 10
    endloop
  endfacet
  facet normal 0.427213 -0.904151 0
    outer loop
      vertex 109.657 0.590393 10
      vertex 109.213 0.380602 0
      vertex 109.657 0.590393 0
    endloop
  endfacet
  facet normal -0.671658 0.740861 0
    outer loop
      vertex 1.82803 24.8651 0
      vertex 1.46447 24.5355 10
      vertex 1.82803 24.8651 10
    endloop
  endfacet
  facet normal -0.671658 0.740861 0
    outer loop
      vertex 1.46447 24.5355 10
      vertex 1.82803 24.8651 0
      vertex 1.46447 24.5355 0
    endloop
  endfacet
  facet normal -0.146733 -0.989176 0
    outer loop
      vertex 4.02455 0.0960732 0
      vertex 4.50991 0.0240755 10
      vertex 4.02455 0.0960732 10
    endloop
  endfacet
  facet normal -0.146733 -0.989176 -0
    outer loop
      vertex 4.50991 0.0240755 10
      vertex 4.02455 0.0960732 0
      vertex 4.50991 0.0240755 0
    endloop
  endfacet
  facet normal 0.671122 -0.741347 0
    outer loop
      vertex 110.472 1.13495 0
      vertex 110.836 1.46447 10
      vertex 110.472 1.13495 10
    endloop
  endfacet
  facet normal 0.671122 -0.741347 0
    outer loop
      vertex 110.836 1.46447 10
      vertex 110.472 1.13495 0
      vertex 110.836 1.46447 0
    endloop
  endfacet
  facet normal 0.803485 0.595325 0
    outer loop
      vertex 111.457 23.7779 10
      vertex 111.165 24.172 0
      vertex 111.165 24.172 10
    endloop
  endfacet
  facet normal 0.803485 0.595325 0
    outer loop
      vertex 111.165 24.172 0
      vertex 111.457 23.7779 10
      vertex 111.457 23.7779 0
    endloop
  endfacet
  facet normal -0.427575 0.90398 0
    outer loop
      vertex 3.08658 25.6194 0
      vertex 2.64302 25.4096 10
      vertex 3.08658 25.6194 10
    endloop
  endfacet
  facet normal -0.427575 0.90398 0
    outer loop
      vertex 2.64302 25.4096 10
      vertex 3.08658 25.6194 0
      vertex 2.64302 25.4096 0
    endloop
  endfacet
  facet normal -0.970023 0.243015 0
    outer loop
      vertex 0.0960732 21.9755 0
      vertex 0.215298 22.4514 10
      vertex 0.215298 22.4514 0
    endloop
  endfacet
  facet normal -0.970023 0.243015 0
    outer loop
      vertex 0.215298 22.4514 10
      vertex 0.0960732 21.9755 0
      vertex 0.0960732 21.9755 10
    endloop
  endfacet
  facet normal 0.970139 -0.24255 0
    outer loop
      vertex 112.085 3.54858 10
      vertex 112.204 4.02455 0
      vertex 112.204 4.02455 10
    endloop
  endfacet
  facet normal 0.970139 -0.24255 0
    outer loop
      vertex 112.204 4.02455 0
      vertex 112.085 3.54858 10
      vertex 112.085 3.54858 0
    endloop
  endfacet
  facet normal 0.336879 0.941548 -0
    outer loop
      vertex 109.213 25.6194 0
      vertex 108.751 25.7847 10
      vertex 109.213 25.6194 10
    endloop
  endfacet
  facet normal 0.336879 0.941548 0
    outer loop
      vertex 108.751 25.7847 10
      vertex 109.213 25.6194 0
      vertex 108.751 25.7847 0
    endloop
  endfacet
  facet normal 0 0 -1
    outer loop
      vertex 107.3 0 0
      vertex 112.3 5 0
      vertex 112.276 4.50991 0
    endloop
  endfacet
  facet normal 0 0 -1
    outer loop
      vertex 112.3 5 0
      vertex 104 13 0
      vertex 112.3 21 0
    endloop
  endfacet
  facet normal 0 0 -1
    outer loop
      vertex 107.3 0 0
      vertex 112.276 4.50991 0
      vertex 112.204 4.02455 0
    endloop
  endfacet
  facet normal 0 0 -1
    outer loop
      vertex 103.981 13.3921 0
      vertex 112.3 21 0
      vertex 104 13 0
    endloop
  endfacet
  facet normal 0 0 -1
    outer loop
      vertex 107.3 0 0
      vertex 112.204 4.02455 0
      vertex 112.085 3.54858 0
    endloop
  endfacet
  facet normal 0 0 -1
    outer loop
      vertex 103.923 13.7804 0
      vertex 112.3 21 0
      vertex 103.981 13.3921 0
    endloop
  endfacet
  facet normal 0 0 -1
    outer loop
      vertex 107.3 0 0
      vertex 112.085 3.54858 0
      vertex 111.919 3.08658 0
    endloop
  endfacet
  facet normal 0 0 -1
    outer loop
      vertex 103.828 14.1611 0
      vertex 112.3 21 0
      vertex 103.923 13.7804 0
    endloop
  endfacet
  facet normal 0 0 -1
    outer loop
      vertex 107.3 0 0
      vertex 111.919 3.08658 0
      vertex 111.71 2.64302 0
    endloop
  endfacet
  facet normal 0 0 -1
    outer loop
      vertex 103.696 14.5307 0
      vertex 112.3 21 0
      vertex 103.828 14.1611 0
    endloop
  endfacet
  facet normal 0 0 -1
    outer loop
      vertex 107.3 0 0
      vertex 111.71 2.64302 0
      vertex 111.457 2.22215 0
    endloop
  endfacet
  facet normal 0 0 -1
    outer loop
      vertex 103.528 14.8856 0
      vertex 112.3 21 0
      vertex 103.696 14.5307 0
    endloop
  endfacet
  facet normal 0 0 -1
    outer loop
      vertex 107.3 0 0
      vertex 111.457 2.22215 0
      vertex 111.165 1.82803 0
    endloop
  endfacet
  facet normal 0 0 -1
    outer loop
      vertex 103.326 15.2223 0
      vertex 112.3 21 0
      vertex 103.528 14.8856 0
    endloop
  endfacet
  facet normal 0 0 -1
    outer loop
      vertex 107.3 0 0
      vertex 111.165 1.82803 0
      vertex 110.836 1.46447 0
    endloop
  endfacet
  facet normal 0 0 -1
    outer loop
      vertex 103.092 15.5376 0
      vertex 112.3 21 0
      vertex 103.326 15.2223 0
    endloop
  endfacet
  facet normal 0 0 -1
    outer loop
      vertex 107.3 0 0
      vertex 110.836 1.46447 0
      vertex 110.472 1.13495 0
    endloop
  endfacet
  facet normal 0 0 -1
    outer loop
      vertex 102.828 15.8284 0
      vertex 112.3 21 0
      vertex 103.092 15.5376 0
    endloop
  endfacet
  facet normal 0 0 -1
    outer loop
      vertex 107.3 0 0
      vertex 110.472 1.13495 0
      vertex 110.078 0.842651 0
    endloop
  endfacet
  facet normal 0 -0 -1
    outer loop
      vertex 107.3 26 0
      vertex 112.3 21 0
      vertex 102.828 15.8284 0
    endloop
  endfacet
  facet normal 0 0 -1
    outer loop
      vertex 107.3 0 0
      vertex 110.078 0.842651 0
      vertex 109.657 0.590393 0
    endloop
  endfacet
  facet normal 0 0 -1
    outer loop
      vertex 112.3 21 0
      vertex 107.3 26 0
      vertex 112.276 21.4901 0
    endloop
  endfacet
  facet normal 0 0 -1
    outer loop
      vertex 107.3 0 0
      vertex 109.657 0.590393 0
      vertex 109.213 0.380602 0
    endloop
  endfacet
  facet normal 0 0 -1
    outer loop
      vertex 112.276 21.4901 0
      vertex 107.3 26 0
      vertex 112.204 21.9755 0
    endloop
  endfacet
  facet normal 0 0 -1
    outer loop
      vertex 107.3 0 0
      vertex 109.213 0.380602 0
      vertex 108.751 0.215298 0
    endloop
  endfacet
  facet normal 0 0 -1
    outer loop
      vertex 112.204 21.9755 0
      vertex 107.3 26 0
      vertex 112.085 22.4514 0
    endloop
  endfacet
  facet normal 0 0 -1
    outer loop
      vertex 107.3 0 0
      vertex 108.751 0.215298 0
      vertex 108.275 0.0960732 0
    endloop
  endfacet
  facet normal 0 0 -1
    outer loop
      vertex 112.085 22.4514 0
      vertex 107.3 26 0
      vertex 111.919 22.9134 0
    endloop
  endfacet
  facet normal 0 0 -1
    outer loop
      vertex 107.3 0 0
      vertex 108.275 0.0960732 0
      vertex 107.79 0.0240755 0
    endloop
  endfacet
  facet normal 0 0 -1
    outer loop
      vertex 111.919 22.9134 0
      vertex 107.3 26 0
      vertex 111.71 23.357 0
    endloop
  endfacet
  facet normal -0 0 -1
    outer loop
      vertex 112.3 5 0
      vertex 107.3 0 0
      vertex 102.828 10.1716 0
    endloop
  endfacet
  facet normal 0 0 -1
    outer loop
      vertex 111.71 23.357 0
      vertex 107.3 26 0
      vertex 111.457 23.7779 0
    endloop
  endfacet
  facet normal 0 0 -1
    outer loop
      vertex 111.457 23.7779 0
      vertex 107.3 26 0
      vertex 111.165 24.172 0
    endloop
  endfacet
  facet normal 0 0 -1
    outer loop
      vertex 112.3 5 0
      vertex 103.981 12.6079 0
      vertex 104 13 0
    endloop
  endfacet
  facet normal 0 0 -1
    outer loop
      vertex 112.3 5 0
      vertex 103.923 12.2196 0
      vertex 103.981 12.6079 0
    endloop
  endfacet
  facet normal 0 0 -1
    outer loop
      vertex 112.3 5 0
      vertex 103.828 11.8389 0
      vertex 103.923 12.2196 0
    endloop
  endfacet
  facet normal 0 0 -1
    outer loop
      vertex 112.3 5 0
      vertex 103.696 11.4693 0
      vertex 103.828 11.8389 0
    endloop
  endfacet
  facet normal 0 0 -1
    outer loop
      vertex 112.3 5 0
      vertex 103.528 11.1144 0
      vertex 103.696 11.4693 0
    endloop
  endfacet
  facet normal 0 0 -1
    outer loop
      vertex 112.3 5 0
      vertex 103.326 10.7777 0
      vertex 103.528 11.1144 0
    endloop
  endfacet
  facet normal 0 0 -1
    outer loop
      vertex 112.3 5 0
      vertex 103.092 10.4624 0
      vertex 103.326 10.7777 0
    endloop
  endfacet
  facet normal 0 0 -1
    outer loop
      vertex 112.3 5 0
      vertex 102.828 10.1716 0
      vertex 103.092 10.4624 0
    endloop
  endfacet
  facet normal 0 0 -1
    outer loop
      vertex 107.3 0 0
      vertex 102.538 9.90796 0
      vertex 102.828 10.1716 0
    endloop
  endfacet
  facet normal 0 0 -1
    outer loop
      vertex 107.3 0 0
      vertex 102.222 9.67412 0
      vertex 102.538 9.90796 0
    endloop
  endfacet
  facet normal 0 0 -1
    outer loop
      vertex 107.3 0 0
      vertex 101.886 9.47231 0
      vertex 102.222 9.67412 0
    endloop
  endfacet
  facet normal 0 0 -1
    outer loop
      vertex 107.3 0 0
      vertex 101.531 9.30448 0
      vertex 101.886 9.47231 0
    endloop
  endfacet
  facet normal 0 0 -1
    outer loop
      vertex 107.3 0 0
      vertex 101.161 9.17224 0
      vertex 101.531 9.30448 0
    endloop
  endfacet
  facet normal 0 0 -1
    outer loop
      vertex 107.3 0 0
      vertex 100.78 9.07686 0
      vertex 101.161 9.17224 0
    endloop
  endfacet
  facet normal 0 0 -1
    outer loop
      vertex 107.3 0 0
      vertex 100.392 9.01926 0
      vertex 100.78 9.07686 0
    endloop
  endfacet
  facet normal 0 0 -1
    outer loop
      vertex 107.3 0 0
      vertex 100 9 0
      vertex 100.392 9.01926 0
    endloop
  endfacet
  facet normal 0 0 -1
    outer loop
      vertex 107.3 0 0
      vertex 99.6079 9.01926 0
      vertex 100 9 0
    endloop
  endfacet
  facet normal 0 0 -1
    outer loop
      vertex 107.3 0 0
      vertex 99.2196 9.07686 0
      vertex 99.6079 9.01926 0
    endloop
  endfacet
  facet normal 0 0 -1
    outer loop
      vertex 107.3 0 0
      vertex 98.8389 9.17224 0
      vertex 99.2196 9.07686 0
    endloop
  endfacet
  facet normal 0 0 -1
    outer loop
      vertex 107.3 0 0
      vertex 98.4693 9.30448 0
      vertex 98.8389 9.17224 0
    endloop
  endfacet
  facet normal 0 0 -1
    outer loop
      vertex 107.3 0 0
      vertex 98.1144 9.47231 0
      vertex 98.4693 9.30448 0
    endloop
  endfacet
  facet normal 0 0 -1
    outer loop
      vertex 84.8708 10.1292 0
      vertex 98.1144 9.47231 0
      vertex 107.3 0 0
    endloop
  endfacet
  facet normal 0 -0 -1
    outer loop
      vertex 85.148 10.2284 0
      vertex 98.1144 9.47231 0
      vertex 84.8708 10.1292 0
    endloop
  endfacet
  facet normal 0 -0 -1
    outer loop
      vertex 85.4142 10.3542 0
      vertex 97.7777 9.67412 0
      vertex 85.148 10.2284 0
    endloop
  endfacet
  facet normal 0 0 -1
    outer loop
      vertex 86.9855 12.7059 0
      vertex 96 13 0
      vertex 96.0193 12.6079 0
    endloop
  endfacet
  facet normal 0 0 -1
    outer loop
      vertex 86.9424 12.4147 0
      vertex 96.0193 12.6079 0
      vertex 96.0769 12.2196 0
    endloop
  endfacet
  facet normal 0 0 -1
    outer loop
      vertex 86.8708 12.1291 0
      vertex 96.0769 12.2196 0
      vertex 96.1722 11.8389 0
    endloop
  endfacet
  facet normal 0 0 -1
    outer loop
      vertex 86.7716 11.8519 0
      vertex 96.1722 11.8389 0
      vertex 96.3045 11.4693 0
    endloop
  endfacet
  facet normal 0 0 -1
    outer loop
      vertex 86.6458 11.5858 0
      vertex 96.3045 11.4693 0
      vertex 96.4723 11.1144 0
    endloop
  endfacet
  facet normal 0 0 -1
    outer loop
      vertex 86.4944 11.3333 0
      vertex 96.4723 11.1144 0
      vertex 96.6741 10.7777 0
    endloop
  endfacet
  facet normal 0 0 -1
    outer loop
      vertex 86.319 11.0968 0
      vertex 96.6741 10.7777 0
      vertex 96.908 10.4624 0
    endloop
  endfacet
  facet normal 0 0 -1
    outer loop
      vertex 86.1213 10.8787 0
      vertex 96.908 10.4624 0
      vertex 97.1716 10.1716 0
    endloop
  endfacet
  facet normal 0 0 -1
    outer loop
      vertex 97.7777 9.67412 0
      vertex 85.4142 10.3542 0
      vertex 97.4624 9.90796 0
    endloop
  endfacet
  facet normal -0 0 -1
    outer loop
      vertex 96 13 0
      vertex 86.9855 12.7059 0
      vertex 87 13 0
    endloop
  endfacet
  facet normal -0 0 -1
    outer loop
      vertex 96.0193 12.6079 0
      vertex 86.9424 12.4147 0
      vertex 86.9855 12.7059 0
    endloop
  endfacet
  facet normal -0 0 -1
    outer loop
      vertex 96.0769 12.2196 0
      vertex 86.8708 12.1291 0
      vertex 86.9424 12.4147 0
    endloop
  endfacet
  facet normal 0 0 -1
    outer loop
      vertex 96.1722 11.8389 0
      vertex 86.7716 11.8519 0
      vertex 86.8708 12.1291 0
    endloop
  endfacet
  facet normal 0 0 -1
    outer loop
      vertex 96.3045 11.4693 0
      vertex 86.6458 11.5858 0
      vertex 86.7716 11.8519 0
    endloop
  endfacet
  facet normal 0 0 -1
    outer loop
      vertex 96.4723 11.1144 0
      vertex 86.4944 11.3333 0
      vertex 86.6458 11.5858 0
    endloop
  endfacet
  facet normal 0 0 -1
    outer loop
      vertex 96.6741 10.7777 0
      vertex 86.319 11.0968 0
      vertex 86.4944 11.3333 0
    endloop
  endfacet
  facet normal 0 0 -1
    outer loop
      vertex 96.908 10.4624 0
      vertex 86.1213 10.8787 0
      vertex 86.319 11.0968 0
    endloop
  endfacet
  facet normal 0 0 -1
    outer loop
      vertex 97.1716 10.1716 0
      vertex 85.9032 10.681 0
      vertex 86.1213 10.8787 0
    endloop
  endfacet
  facet normal 0 0 -1
    outer loop
      vertex 97.1716 10.1716 0
      vertex 85.6667 10.5056 0
      vertex 85.9032 10.681 0
    endloop
  endfacet
  facet normal 0 0 -1
    outer loop
      vertex 97.4624 9.90796 0
      vertex 85.6667 10.5056 0
      vertex 97.1716 10.1716 0
    endloop
  endfacet
  facet normal 0 -0 -1
    outer loop
      vertex 85.6667 10.5056 0
      vertex 97.4624 9.90796 0
      vertex 85.4142 10.3542 0
    endloop
  endfacet
  facet normal 0 0 -1
    outer loop
      vertex 98.1144 9.47231 0
      vertex 85.148 10.2284 0
      vertex 97.7777 9.67412 0
    endloop
  endfacet
  facet normal 0 0 -1
    outer loop
      vertex 107.3 0 0
      vertex 84.5853 10.0576 0
      vertex 84.8708 10.1292 0
    endloop
  endfacet
  facet normal 0 0 -1
    outer loop
      vertex 107.3 0 0
      vertex 84.2941 10.0144 0
      vertex 84.5853 10.0576 0
    endloop
  endfacet
  facet normal 0 0 -1
    outer loop
      vertex 107.3 0 0
      vertex 84 10 0
      vertex 84.2941 10.0144 0
    endloop
  endfacet
  facet normal 0 0 -1
    outer loop
      vertex 107.3 0 0
      vertex 28 10 0
      vertex 84 10 0
    endloop
  endfacet
  facet normal 0 0 -1
    outer loop
      vertex 5 0 0
      vertex 28 10 0
      vertex 107.3 0 0
    endloop
  endfacet
  facet normal 0 0 -1
    outer loop
      vertex 0 5 0
      vertex 25.0144 12.7059 0
      vertex 5 0 0
    endloop
  endfacet
  facet normal -0 0 -1
    outer loop
      vertex 25.0576 12.4147 0
      vertex 5 0 0
      vertex 25.0144 12.7059 0
    endloop
  endfacet
  facet normal -0 0 -1
    outer loop
      vertex 25.1292 12.1291 0
      vertex 5 0 0
      vertex 25.0576 12.4147 0
    endloop
  endfacet
  facet normal -0 0 -1
    outer loop
      vertex 25.2284 11.8519 0
      vertex 5 0 0
      vertex 25.1292 12.1291 0
    endloop
  endfacet
  facet normal -0 0 -1
    outer loop
      vertex 25.3542 11.5858 0
      vertex 5 0 0
      vertex 25.2284 11.8519 0
    endloop
  endfacet
  facet normal -0 0 -1
    outer loop
      vertex 25.5056 11.3333 0
      vertex 5 0 0
      vertex 25.3542 11.5858 0
    endloop
  endfacet
  facet normal -0 0 -1
    outer loop
      vertex 25.681 11.0968 0
      vertex 5 0 0
      vertex 25.5056 11.3333 0
    endloop
  endfacet
  facet normal -0 0 -1
    outer loop
      vertex 25.8787 10.8787 0
      vertex 5 0 0
      vertex 25.681 11.0968 0
    endloop
  endfacet
  facet normal -0 0 -1
    outer loop
      vertex 26.0968 10.681 0
      vertex 5 0 0
      vertex 25.8787 10.8787 0
    endloop
  endfacet
  facet normal -0 0 -1
    outer loop
      vertex 26.3333 10.5056 0
      vertex 5 0 0
      vertex 26.0968 10.681 0
    endloop
  endfacet
  facet normal -0 0 -1
    outer loop
      vertex 26.5858 10.3542 0
      vertex 5 0 0
      vertex 26.3333 10.5056 0
    endloop
  endfacet
  facet normal -0 0 -1
    outer loop
      vertex 26.8519 10.2284 0
      vertex 5 0 0
      vertex 26.5858 10.3542 0
    endloop
  endfacet
  facet normal -0 0 -1
    outer loop
      vertex 27.1291 10.1292 0
      vertex 5 0 0
      vertex 26.8519 10.2284 0
    endloop
  endfacet
  facet normal -0 0 -1
    outer loop
      vertex 27.4147 10.0576 0
      vertex 5 0 0
      vertex 27.1291 10.1292 0
    endloop
  endfacet
  facet normal -0 0 -1
    outer loop
      vertex 27.7059 10.0144 0
      vertex 5 0 0
      vertex 27.4147 10.0576 0
    endloop
  endfacet
  facet normal -0 0 -1
    outer loop
      vertex 28 10 0
      vertex 5 0 0
      vertex 27.7059 10.0144 0
    endloop
  endfacet
  facet normal 0 0 -1
    outer loop
      vertex 111.165 24.172 0
      vertex 107.3 26 0
      vertex 110.836 24.5355 0
    endloop
  endfacet
  facet normal 0 0 -1
    outer loop
      vertex 110.836 24.5355 0
      vertex 107.3 26 0
      vertex 110.472 24.8651 0
    endloop
  endfacet
  facet normal 0 0 -1
    outer loop
      vertex 110.472 24.8651 0
      vertex 107.3 26 0
      vertex 110.078 25.1573 0
    endloop
  endfacet
  facet normal 0 0 -1
    outer loop
      vertex 110.078 25.1573 0
      vertex 107.3 26 0
      vertex 109.657 25.4096 0
    endloop
  endfacet
  facet normal 0 0 -1
    outer loop
      vertex 109.657 25.4096 0
      vertex 107.3 26 0
      vertex 109.213 25.6194 0
    endloop
  endfacet
  facet normal 0 0 -1
    outer loop
      vertex 109.213 25.6194 0
      vertex 107.3 26 0
      vertex 108.751 25.7847 0
    endloop
  endfacet
  facet normal 0 0 -1
    outer loop
      vertex 108.751 25.7847 0
      vertex 107.3 26 0
      vertex 108.275 25.9039 0
    endloop
  endfacet
  facet normal 0 0 -1
    outer loop
      vertex 108.275 25.9039 0
      vertex 107.3 26 0
      vertex 107.79 25.9759 0
    endloop
  endfacet
  facet normal 0 0 -1
    outer loop
      vertex 102.538 16.092 0
      vertex 107.3 26 0
      vertex 102.828 15.8284 0
    endloop
  endfacet
  facet normal 0 0 -1
    outer loop
      vertex 102.222 16.3259 0
      vertex 107.3 26 0
      vertex 102.538 16.092 0
    endloop
  endfacet
  facet normal 0 0 -1
    outer loop
      vertex 101.886 16.5277 0
      vertex 107.3 26 0
      vertex 102.222 16.3259 0
    endloop
  endfacet
  facet normal 0 0 -1
    outer loop
      vertex 101.531 16.6955 0
      vertex 107.3 26 0
      vertex 101.886 16.5277 0
    endloop
  endfacet
  facet normal 0 0 -1
    outer loop
      vertex 101.161 16.8278 0
      vertex 107.3 26 0
      vertex 101.531 16.6955 0
    endloop
  endfacet
  facet normal 0 0 -1
    outer loop
      vertex 100.78 16.9231 0
      vertex 107.3 26 0
      vertex 101.161 16.8278 0
    endloop
  endfacet
  facet normal 0 0 -1
    outer loop
      vertex 100.392 16.9807 0
      vertex 107.3 26 0
      vertex 100.78 16.9231 0
    endloop
  endfacet
  facet normal 0 0 -1
    outer loop
      vertex 100 17 0
      vertex 107.3 26 0
      vertex 100.392 16.9807 0
    endloop
  endfacet
  facet normal 0 0 -1
    outer loop
      vertex 99.6079 16.9807 0
      vertex 107.3 26 0
      vertex 100 17 0
    endloop
  endfacet
  facet normal 0 0 -1
    outer loop
      vertex 99.2196 16.9231 0
      vertex 107.3 26 0
      vertex 99.6079 16.9807 0
    endloop
  endfacet
  facet normal 0 0 -1
    outer loop
      vertex 98.8389 16.8278 0
      vertex 107.3 26 0
      vertex 99.2196 16.9231 0
    endloop
  endfacet
  facet normal 0 0 -1
    outer loop
      vertex 98.4693 16.6955 0
      vertex 107.3 26 0
      vertex 98.8389 16.8278 0
    endloop
  endfacet
  facet normal 0 0 -1
    outer loop
      vertex 98.1144 16.5277 0
      vertex 107.3 26 0
      vertex 98.4693 16.6955 0
    endloop
  endfacet
  facet normal 0 0 -1
    outer loop
      vertex 85.148 15.7716 0
      vertex 98.1144 16.5277 0
      vertex 97.7777 16.3259 0
    endloop
  endfacet
  facet normal 0 0 -1
    outer loop
      vertex 85.4142 15.6458 0
      vertex 97.7777 16.3259 0
      vertex 97.4624 16.092 0
    endloop
  endfacet
  facet normal 0 0 -1
    outer loop
      vertex 85.6667 15.4944 0
      vertex 97.4624 16.092 0
      vertex 97.1716 15.8284 0
    endloop
  endfacet
  facet normal 0 0 -1
    outer loop
      vertex 86.9855 13.2941 0
      vertex 96 13 0
      vertex 87 13 0
    endloop
  endfacet
  facet normal 0 0 -1
    outer loop
      vertex 96 13 0
      vertex 86.9855 13.2941 0
      vertex 96.0193 13.3921 0
    endloop
  endfacet
  facet normal 0 0 -1
    outer loop
      vertex 86.9424 13.5853 0
      vertex 96.0193 13.3921 0
      vertex 86.9855 13.2941 0
    endloop
  endfacet
  facet normal 0 0 -1
    outer loop
      vertex 96.0193 13.3921 0
      vertex 86.9424 13.5853 0
      vertex 96.0769 13.7804 0
    endloop
  endfacet
  facet normal 0 0 -1
    outer loop
      vertex 86.8708 13.8709 0
      vertex 96.0769 13.7804 0
      vertex 86.9424 13.5853 0
    endloop
  endfacet
  facet normal 0 0 -1
    outer loop
      vertex 96.0769 13.7804 0
      vertex 86.8708 13.8709 0
      vertex 96.1722 14.1611 0
    endloop
  endfacet
  facet normal 0 0 -1
    outer loop
      vertex 86.7716 14.148 0
      vertex 96.1722 14.1611 0
      vertex 86.8708 13.8709 0
    endloop
  endfacet
  facet normal -0 0 -1
    outer loop
      vertex 96.1722 14.1611 0
      vertex 86.7716 14.148 0
      vertex 96.3045 14.5307 0
    endloop
  endfacet
  facet normal 0 0 -1
    outer loop
      vertex 86.6458 14.4142 0
      vertex 96.3045 14.5307 0
      vertex 86.7716 14.148 0
    endloop
  endfacet
  facet normal -0 0 -1
    outer loop
      vertex 96.3045 14.5307 0
      vertex 86.6458 14.4142 0
      vertex 96.4723 14.8856 0
    endloop
  endfacet
  facet normal 0 0 -1
    outer loop
      vertex 86.4944 14.6667 0
      vertex 96.4723 14.8856 0
      vertex 86.6458 14.4142 0
    endloop
  endfacet
  facet normal -0 0 -1
    outer loop
      vertex 96.4723 14.8856 0
      vertex 86.4944 14.6667 0
      vertex 96.6741 15.2223 0
    endloop
  endfacet
  facet normal 0 0 -1
    outer loop
      vertex 86.319 14.9032 0
      vertex 96.6741 15.2223 0
      vertex 86.4944 14.6667 0
    endloop
  endfacet
  facet normal -0 0 -1
    outer loop
      vertex 96.6741 15.2223 0
      vertex 86.319 14.9032 0
      vertex 96.908 15.5376 0
    endloop
  endfacet
  facet normal 0 0 -1
    outer loop
      vertex 86.1213 15.1213 0
      vertex 96.908 15.5376 0
      vertex 86.319 14.9032 0
    endloop
  endfacet
  facet normal -0 0 -1
    outer loop
      vertex 96.908 15.5376 0
      vertex 86.1213 15.1213 0
      vertex 97.1716 15.8284 0
    endloop
  endfacet
  facet normal 0 0 -1
    outer loop
      vertex 85.9032 15.319 0
      vertex 97.1716 15.8284 0
      vertex 86.1213 15.1213 0
    endloop
  endfacet
  facet normal 0 0 -1
    outer loop
      vertex 85.6667 15.4944 0
      vertex 97.1716 15.8284 0
      vertex 85.9032 15.319 0
    endloop
  endfacet
  facet normal 0 0 -1
    outer loop
      vertex 97.4624 16.092 0
      vertex 85.6667 15.4944 0
      vertex 85.4142 15.6458 0
    endloop
  endfacet
  facet normal 0 0 -1
    outer loop
      vertex 97.7777 16.3259 0
      vertex 85.4142 15.6458 0
      vertex 85.148 15.7716 0
    endloop
  endfacet
  facet normal 0 0 -1
    outer loop
      vertex 98.1144 16.5277 0
      vertex 85.148 15.7716 0
      vertex 84.8708 15.8708 0
    endloop
  endfacet
  facet normal -0 0 -1
    outer loop
      vertex 98.1144 16.5277 0
      vertex 84.8708 15.8708 0
      vertex 107.3 26 0
    endloop
  endfacet
  facet normal 0 0 -1
    outer loop
      vertex 84.5853 15.9424 0
      vertex 107.3 26 0
      vertex 84.8708 15.8708 0
    endloop
  endfacet
  facet normal 0 0 -1
    outer loop
      vertex 84.2941 15.9856 0
      vertex 107.3 26 0
      vertex 84.5853 15.9424 0
    endloop
  endfacet
  facet normal 0 0 -1
    outer loop
      vertex 84 16 0
      vertex 107.3 26 0
      vertex 84.2941 15.9856 0
    endloop
  endfacet
  facet normal 0 0 -1
    outer loop
      vertex 28 16 0
      vertex 107.3 26 0
      vertex 84 16 0
    endloop
  endfacet
  facet normal 0 0 -1
    outer loop
      vertex 5 26 0
      vertex 28 16 0
      vertex 27.7059 15.9856 0
    endloop
  endfacet
  facet normal -0 0 -1
    outer loop
      vertex 25.0144 12.7059 0
      vertex 0 5 0
      vertex 25 13 0
    endloop
  endfacet
  facet normal 0 0 -1
    outer loop
      vertex 0 21 0
      vertex 25 13 0
      vertex 0 5 0
    endloop
  endfacet
  facet normal 0 0 -1
    outer loop
      vertex 25 13 0
      vertex 0 21 0
      vertex 25.0144 13.2941 0
    endloop
  endfacet
  facet normal 0 -0 -1
    outer loop
      vertex 5 26 0
      vertex 25.0144 13.2941 0
      vertex 0 21 0
    endloop
  endfacet
  facet normal 0 0 -1
    outer loop
      vertex 25.0144 13.2941 0
      vertex 5 26 0
      vertex 25.0576 13.5853 0
    endloop
  endfacet
  facet normal 0 0 -1
    outer loop
      vertex 25.0576 13.5853 0
      vertex 5 26 0
      vertex 25.1292 13.8709 0
    endloop
  endfacet
  facet normal 0 0 -1
    outer loop
      vertex 25.1292 13.8709 0
      vertex 5 26 0
      vertex 25.2284 14.148 0
    endloop
  endfacet
  facet normal 0 0 -1
    outer loop
      vertex 25.2284 14.148 0
      vertex 5 26 0
      vertex 25.3542 14.4142 0
    endloop
  endfacet
  facet normal 0 0 -1
    outer loop
      vertex 25.3542 14.4142 0
      vertex 5 26 0
      vertex 25.5056 14.6667 0
    endloop
  endfacet
  facet normal 0 0 -1
    outer loop
      vertex 25.5056 14.6667 0
      vertex 5 26 0
      vertex 25.681 14.9032 0
    endloop
  endfacet
  facet normal 0 0 -1
    outer loop
      vertex 28 16 0
      vertex 5 26 0
      vertex 107.3 26 0
    endloop
  endfacet
  facet normal 0 0 -1
    outer loop
      vertex 27.4147 15.9424 0
      vertex 5 26 0
      vertex 27.7059 15.9856 0
    endloop
  endfacet
  facet normal 0 0 -1
    outer loop
      vertex 27.1291 15.8708 0
      vertex 5 26 0
      vertex 27.4147 15.9424 0
    endloop
  endfacet
  facet normal 0 0 -1
    outer loop
      vertex 26.8519 15.7716 0
      vertex 5 26 0
      vertex 27.1291 15.8708 0
    endloop
  endfacet
  facet normal 0 0 -1
    outer loop
      vertex 26.5858 15.6458 0
      vertex 5 26 0
      vertex 26.8519 15.7716 0
    endloop
  endfacet
  facet normal 0 0 -1
    outer loop
      vertex 26.3333 15.4944 0
      vertex 5 26 0
      vertex 26.5858 15.6458 0
    endloop
  endfacet
  facet normal 0 0 -1
    outer loop
      vertex 25.681 14.9032 0
      vertex 5 26 0
      vertex 25.8787 15.1213 0
    endloop
  endfacet
  facet normal 0 0 -1
    outer loop
      vertex 0 5 0
      vertex 5 0 0
      vertex 4.50991 0.0240755 0
    endloop
  endfacet
  facet normal 0 0 -1
    outer loop
      vertex 25.8787 15.1213 0
      vertex 5 26 0
      vertex 26.0968 15.319 0
    endloop
  endfacet
  facet normal 0 0 -1
    outer loop
      vertex 0 5 0
      vertex 4.50991 0.0240755 0
      vertex 4.02455 0.0960732 0
    endloop
  endfacet
  facet normal 0 0 -1
    outer loop
      vertex 26.0968 15.319 0
      vertex 5 26 0
      vertex 26.3333 15.4944 0
    endloop
  endfacet
  facet normal 0 0 -1
    outer loop
      vertex 0 5 0
      vertex 4.02455 0.0960732 0
      vertex 3.54858 0.215298 0
    endloop
  endfacet
  facet normal 0 0 -1
    outer loop
      vertex 5 26 0
      vertex 0 21 0
      vertex 4.50991 25.9759 0
    endloop
  endfacet
  facet normal 0 0 -1
    outer loop
      vertex 0 5 0
      vertex 3.54858 0.215298 0
      vertex 3.08658 0.380602 0
    endloop
  endfacet
  facet normal 0 0 -1
    outer loop
      vertex 4.50991 25.9759 0
      vertex 0 21 0
      vertex 4.02455 25.9039 0
    endloop
  endfacet
  facet normal 0 0 -1
    outer loop
      vertex 0 5 0
      vertex 3.08658 0.380602 0
      vertex 2.64302 0.590393 0
    endloop
  endfacet
  facet normal 0 0 -1
    outer loop
      vertex 4.02455 25.9039 0
      vertex 0 21 0
      vertex 3.54858 25.7847 0
    endloop
  endfacet
  facet normal 0 0 -1
    outer loop
      vertex 0 5 0
      vertex 2.64302 0.590393 0
      vertex 2.22215 0.842651 0
    endloop
  endfacet
  facet normal 0 0 -1
    outer loop
      vertex 3.54858 25.7847 0
      vertex 0 21 0
      vertex 3.08658 25.6194 0
    endloop
  endfacet
  facet normal 0 0 -1
    outer loop
      vertex 0 5 0
      vertex 2.22215 0.842651 0
      vertex 1.82803 1.13495 0
    endloop
  endfacet
  facet normal 0 0 -1
    outer loop
      vertex 3.08658 25.6194 0
      vertex 0 21 0
      vertex 2.64302 25.4096 0
    endloop
  endfacet
  facet normal 0 0 -1
    outer loop
      vertex 0 5 0
      vertex 1.82803 1.13495 0
      vertex 1.46447 1.46447 0
    endloop
  endfacet
  facet normal 0 0 -1
    outer loop
      vertex 2.64302 25.4096 0
      vertex 0 21 0
      vertex 2.22215 25.1573 0
    endloop
  endfacet
  facet normal 0 0 -1
    outer loop
      vertex 0 5 0
      vertex 1.46447 1.46447 0
      vertex 1.13495 1.82803 0
    endloop
  endfacet
  facet normal 0 0 -1
    outer loop
      vertex 2.22215 25.1573 0
      vertex 0 21 0
      vertex 1.82803 24.8651 0
    endloop
  endfacet
  facet normal 0 0 -1
    outer loop
      vertex 0 5 0
      vertex 1.13495 1.82803 0
      vertex 0.842651 2.22215 0
    endloop
  endfacet
  facet normal 0 0 -1
    outer loop
      vertex 1.82803 24.8651 0
      vertex 0 21 0
      vertex 1.46447 24.5355 0
    endloop
  endfacet
  facet normal 0 0 -1
    outer loop
      vertex 0 5 0
      vertex 0.842651 2.22215 0
      vertex 0.590393 2.64302 0
    endloop
  endfacet
  facet normal 0 0 -1
    outer loop
      vertex 1.46447 24.5355 0
      vertex 0 21 0
      vertex 1.13495 24.172 0
    endloop
  endfacet
  facet normal 0 0 -1
    outer loop
      vertex 0 5 0
      vertex 0.590393 2.64302 0
      vertex 0.380602 3.08658 0
    endloop
  endfacet
  facet normal 0 0 -1
    outer loop
      vertex 1.13495 24.172 0
      vertex 0 21 0
      vertex 0.842651 23.7779 0
    endloop
  endfacet
  facet normal 0 0 -1
    outer loop
      vertex 0 5 0
      vertex 0.380602 3.08658 0
      vertex 0.215298 3.54858 0
    endloop
  endfacet
  facet normal 0 0 -1
    outer loop
      vertex 0.842651 23.7779 0
      vertex 0 21 0
      vertex 0.590393 23.357 0
    endloop
  endfacet
  facet normal 0 0 -1
    outer loop
      vertex 0 5 0
      vertex 0.215298 3.54858 0
      vertex 0.0960732 4.02455 0
    endloop
  endfacet
  facet normal 0 0 -1
    outer loop
      vertex 0.590393 23.357 0
      vertex 0 21 0
      vertex 0.380602 22.9134 0
    endloop
  endfacet
  facet normal 0 0 -1
    outer loop
      vertex 0 5 0
      vertex 0.0960732 4.02455 0
      vertex 0.0240755 4.50991 0
    endloop
  endfacet
  facet normal 0 0 -1
    outer loop
      vertex 0.380602 22.9134 0
      vertex 0 21 0
      vertex 0.215298 22.4514 0
    endloop
  endfacet
  facet normal 0 0 -1
    outer loop
      vertex 0.215298 22.4514 0
      vertex 0 21 0
      vertex 0.0960732 21.9755 0
    endloop
  endfacet
  facet normal 0 0 -1
    outer loop
      vertex 0.0960732 21.9755 0
      vertex 0 21 0
      vertex 0.0240755 21.4901 0
    endloop
  endfacet
  facet normal -0.803193 0.595718 0
    outer loop
      vertex 0.842651 23.7779 0
      vertex 1.13495 24.172 10
      vertex 1.13495 24.172 0
    endloop
  endfacet
  facet normal -0.803193 0.595718 0
    outer loop
      vertex 1.13495 24.172 10
      vertex 0.842651 23.7779 0
      vertex 0.842651 23.7779 10
    endloop
  endfacet
  facet normal -0.740887 0.671629 0
    outer loop
      vertex 1.13495 24.172 0
      vertex 1.46447 24.5355 10
      vertex 1.46447 24.5355 0
    endloop
  endfacet
  facet normal -0.740887 0.671629 0
    outer loop
      vertex 1.46447 24.5355 10
      vertex 1.13495 24.172 0
      vertex 1.13495 24.172 10
    endloop
  endfacet
  facet normal 0.595816 -0.803121 0
    outer loop
      vertex 110.078 0.842651 0
      vertex 110.472 1.13495 10
      vertex 110.078 0.842651 10
    endloop
  endfacet
  facet normal 0.595816 -0.803121 0
    outer loop
      vertex 110.472 1.13495 10
      vertex 110.078 0.842651 0
      vertex 110.472 1.13495 0
    endloop
  endfacet
  facet normal 0.336886 -0.941546 0
    outer loop
      vertex 108.751 0.215298 0
      vertex 109.213 0.380602 10
      vertex 108.751 0.215298 10
    endloop
  endfacet
  facet normal 0.336886 -0.941546 0
    outer loop
      vertex 109.213 0.380602 10
      vertex 108.751 0.215298 0
      vertex 109.213 0.380602 0
    endloop
  endfacet
  facet normal -0.970031 -0.242981 0
    outer loop
      vertex 0.215298 3.54858 0
      vertex 0.0960732 4.02455 10
      vertex 0.0960732 4.02455 0
    endloop
  endfacet
  facet normal -0.970031 -0.242981 0
    outer loop
      vertex 0.0960732 4.02455 10
      vertex 0.215298 3.54858 0
      vertex 0.215298 3.54858 10
    endloop
  endfacet
  facet normal -0.904002 0.427528 0
    outer loop
      vertex 0.380602 22.9134 0
      vertex 0.590393 23.357 10
      vertex 0.590393 23.357 0
    endloop
  endfacet
  facet normal -0.904002 0.427528 0
    outer loop
      vertex 0.590393 23.357 10
      vertex 0.380602 22.9134 0
      vertex 0.380602 22.9134 10
    endloop
  endfacet
  facet normal -0.42756 -0.903987 0
    outer loop
      vertex 2.64302 0.590393 0
      vertex 3.08658 0.380602 10
      vertex 2.64302 0.590393 10
    endloop
  endfacet
  facet normal -0.42756 -0.903987 -0
    outer loop
      vertex 3.08658 0.380602 10
      vertex 2.64302 0.590393 0
      vertex 3.08658 0.380602 0
    endloop
  endfacet
  facet normal -0 0 1
    outer loop
      vertex 86.9855 12.7059 10
      vertex 92 10 10
      vertex 87 13 10
    endloop
  endfacet
  facet normal -0 0 1
    outer loop
      vertex 86.9424 12.4147 10
      vertex 92 10 10
      vertex 86.9855 12.7059 10
    endloop
  endfacet
  facet normal -0 0 1
    outer loop
      vertex 86.8708 12.1291 10
      vertex 92 10 10
      vertex 86.9424 12.4147 10
    endloop
  endfacet
  facet normal -0 0 1
    outer loop
      vertex 86.7716 11.8519 10
      vertex 92 10 10
      vertex 86.8708 12.1291 10
    endloop
  endfacet
  facet normal -0 0 1
    outer loop
      vertex 86.6458 11.5858 10
      vertex 92 10 10
      vertex 86.7716 11.8519 10
    endloop
  endfacet
  facet normal -0 0 1
    outer loop
      vertex 86.4944 11.3333 10
      vertex 92 10 10
      vertex 86.6458 11.5858 10
    endloop
  endfacet
  facet normal -0 0 1
    outer loop
      vertex 86.319 11.0968 10
      vertex 92 10 10
      vertex 86.4944 11.3333 10
    endloop
  endfacet
  facet normal -0 0 1
    outer loop
      vertex 86.1213 10.8787 10
      vertex 92 10 10
      vertex 86.319 11.0968 10
    endloop
  endfacet
  facet normal -0 0 1
    outer loop
      vertex 85.9032 10.681 10
      vertex 92 10 10
      vertex 86.1213 10.8787 10
    endloop
  endfacet
  facet normal -0 0 1
    outer loop
      vertex 85.6667 10.5056 10
      vertex 92 10 10
      vertex 85.9032 10.681 10
    endloop
  endfacet
  facet normal -0 0 1
    outer loop
      vertex 85.4142 10.3542 10
      vertex 92 10 10
      vertex 85.6667 10.5056 10
    endloop
  endfacet
  facet normal -0 0 1
    outer loop
      vertex 85.148 10.2284 10
      vertex 92 10 10
      vertex 85.4142 10.3542 10
    endloop
  endfacet
  facet normal -0 0 1
    outer loop
      vertex 84.8708 10.1292 10
      vertex 92 10 10
      vertex 85.148 10.2284 10
    endloop
  endfacet
  facet normal -0 0 1
    outer loop
      vertex 84.5853 10.0576 10
      vertex 92 10 10
      vertex 84.8708 10.1292 10
    endloop
  endfacet
  facet normal -0 0 1
    outer loop
      vertex 84.2941 10.0144 10
      vertex 92 10 10
      vertex 84.5853 10.0576 10
    endloop
  endfacet
  facet normal 0 0 1
    outer loop
      vertex 92 10 10
      vertex 84.2941 10.0144 10
      vertex 84 10 10
    endloop
  endfacet
  facet normal 0 0 1
    outer loop
      vertex 107.3 26 10
      vertex 112.3 21 10
      vertex 112.276 21.4901 10
    endloop
  endfacet
  facet normal 0 0 1
    outer loop
      vertex 112.3 21 10
      vertex 104 13 10
      vertex 112.3 5 10
    endloop
  endfacet
  facet normal 0 0 1
    outer loop
      vertex 107.3 26 10
      vertex 112.276 21.4901 10
      vertex 112.204 21.9755 10
    endloop
  endfacet
  facet normal -0 0 1
    outer loop
      vertex 103.981 12.6079 10
      vertex 112.3 5 10
      vertex 104 13 10
    endloop
  endfacet
  facet normal 0 0 1
    outer loop
      vertex 107.3 26 10
      vertex 112.204 21.9755 10
      vertex 112.085 22.4514 10
    endloop
  endfacet
  facet normal -0 0 1
    outer loop
      vertex 103.923 12.2196 10
      vertex 112.3 5 10
      vertex 103.981 12.6079 10
    endloop
  endfacet
  facet normal 0 0 1
    outer loop
      vertex 107.3 26 10
      vertex 112.085 22.4514 10
      vertex 111.919 22.9134 10
    endloop
  endfacet
  facet normal -0 0 1
    outer loop
      vertex 103.828 11.8389 10
      vertex 112.3 5 10
      vertex 103.923 12.2196 10
    endloop
  endfacet
  facet normal 0 0 1
    outer loop
      vertex 107.3 26 10
      vertex 111.919 22.9134 10
      vertex 111.71 23.357 10
    endloop
  endfacet
  facet normal -0 0 1
    outer loop
      vertex 103.696 11.4693 10
      vertex 112.3 5 10
      vertex 103.828 11.8389 10
    endloop
  endfacet
  facet normal 0 0 1
    outer loop
      vertex 107.3 26 10
      vertex 111.71 23.357 10
      vertex 111.457 23.7779 10
    endloop
  endfacet
  facet normal -0 0 1
    outer loop
      vertex 103.528 11.1144 10
      vertex 112.3 5 10
      vertex 103.696 11.4693 10
    endloop
  endfacet
  facet normal 0 0 1
    outer loop
      vertex 107.3 26 10
      vertex 111.457 23.7779 10
      vertex 111.165 24.172 10
    endloop
  endfacet
  facet normal -0 0 1
    outer loop
      vertex 103.326 10.7777 10
      vertex 112.3 5 10
      vertex 103.528 11.1144 10
    endloop
  endfacet
  facet normal 0 0 1
    outer loop
      vertex 107.3 26 10
      vertex 111.165 24.172 10
      vertex 110.836 24.5355 10
    endloop
  endfacet
  facet normal -0 0 1
    outer loop
      vertex 103.092 10.4624 10
      vertex 112.3 5 10
      vertex 103.326 10.7777 10
    endloop
  endfacet
  facet normal 0 0 1
    outer loop
      vertex 107.3 26 10
      vertex 110.836 24.5355 10
      vertex 110.472 24.8651 10
    endloop
  endfacet
  facet normal -0 0 1
    outer loop
      vertex 102.828 10.1716 10
      vertex 112.3 5 10
      vertex 103.092 10.4624 10
    endloop
  endfacet
  facet normal 0 0 1
    outer loop
      vertex 107.3 26 10
      vertex 110.472 24.8651 10
      vertex 110.078 25.1573 10
    endloop
  endfacet
  facet normal 0 -0 1
    outer loop
      vertex 107.3 0 10
      vertex 112.3 5 10
      vertex 102.828 10.1716 10
    endloop
  endfacet
  facet normal 0 0 1
    outer loop
      vertex 107.3 26 10
      vertex 110.078 25.1573 10
      vertex 109.657 25.4096 10
    endloop
  endfacet
  facet normal 0 0 1
    outer loop
      vertex 112.3 5 10
      vertex 107.3 0 10
      vertex 112.276 4.50991 10
    endloop
  endfacet
  facet normal 0 0 1
    outer loop
      vertex 107.3 26 10
      vertex 109.657 25.4096 10
      vertex 109.213 25.6194 10
    endloop
  endfacet
  facet normal 0 0 1
    outer loop
      vertex 112.276 4.50991 10
      vertex 107.3 0 10
      vertex 112.204 4.02455 10
    endloop
  endfacet
  facet normal 0 0 1
    outer loop
      vertex 107.3 26 10
      vertex 109.213 25.6194 10
      vertex 108.751 25.7847 10
    endloop
  endfacet
  facet normal 0 0 1
    outer loop
      vertex 112.204 4.02455 10
      vertex 107.3 0 10
      vertex 112.085 3.54858 10
    endloop
  endfacet
  facet normal 0 0 1
    outer loop
      vertex 107.3 26 10
      vertex 108.751 25.7847 10
      vertex 108.275 25.9039 10
    endloop
  endfacet
  facet normal 0 0 1
    outer loop
      vertex 112.085 3.54858 10
      vertex 107.3 0 10
      vertex 111.919 3.08658 10
    endloop
  endfacet
  facet normal 0 0 1
    outer loop
      vertex 107.3 26 10
      vertex 108.275 25.9039 10
      vertex 107.79 25.9759 10
    endloop
  endfacet
  facet normal 0 0 1
    outer loop
      vertex 111.919 3.08658 10
      vertex 107.3 0 10
      vertex 111.71 2.64302 10
    endloop
  endfacet
  facet normal 0 0 1
    outer loop
      vertex 112.3 21 10
      vertex 107.3 26 10
      vertex 102.828 15.8284 10
    endloop
  endfacet
  facet normal 0 0 1
    outer loop
      vertex 111.71 2.64302 10
      vertex 107.3 0 10
      vertex 111.457 2.22215 10
    endloop
  endfacet
  facet normal 0 0 1
    outer loop
      vertex 111.457 2.22215 10
      vertex 107.3 0 10
      vertex 111.165 1.82803 10
    endloop
  endfacet
  facet normal 0 0 1
    outer loop
      vertex 112.3 21 10
      vertex 103.981 13.3921 10
      vertex 104 13 10
    endloop
  endfacet
  facet normal 0 0 1
    outer loop
      vertex 112.3 21 10
      vertex 103.923 13.7804 10
      vertex 103.981 13.3921 10
    endloop
  endfacet
  facet normal 0 0 1
    outer loop
      vertex 112.3 21 10
      vertex 103.828 14.1611 10
      vertex 103.923 13.7804 10
    endloop
  endfacet
  facet normal 0 0 1
    outer loop
      vertex 112.3 21 10
      vertex 103.696 14.5307 10
      vertex 103.828 14.1611 10
    endloop
  endfacet
  facet normal 0 0 1
    outer loop
      vertex 112.3 21 10
      vertex 103.528 14.8856 10
      vertex 103.696 14.5307 10
    endloop
  endfacet
  facet normal 0 0 1
    outer loop
      vertex 112.3 21 10
      vertex 103.326 15.2223 10
      vertex 103.528 14.8856 10
    endloop
  endfacet
  facet normal 0 0 1
    outer loop
      vertex 112.3 21 10
      vertex 103.092 15.5376 10
      vertex 103.326 15.2223 10
    endloop
  endfacet
  facet normal 0 0 1
    outer loop
      vertex 112.3 21 10
      vertex 102.828 15.8284 10
      vertex 103.092 15.5376 10
    endloop
  endfacet
  facet normal 0 0 1
    outer loop
      vertex 107.3 26 10
      vertex 102.538 16.092 10
      vertex 102.828 15.8284 10
    endloop
  endfacet
  facet normal 0 0 1
    outer loop
      vertex 107.3 26 10
      vertex 102.222 16.3259 10
      vertex 102.538 16.092 10
    endloop
  endfacet
  facet normal 0 0 1
    outer loop
      vertex 107.3 26 10
      vertex 101.886 16.5277 10
      vertex 102.222 16.3259 10
    endloop
  endfacet
  facet normal 0 0 1
    outer loop
      vertex 107.3 26 10
      vertex 101.531 16.6955 10
      vertex 101.886 16.5277 10
    endloop
  endfacet
  facet normal 0 0 1
    outer loop
      vertex 107.3 26 10
      vertex 101.161 16.8278 10
      vertex 101.531 16.6955 10
    endloop
  endfacet
  facet normal 0 0 1
    outer loop
      vertex 107.3 26 10
      vertex 100.78 16.9231 10
      vertex 101.161 16.8278 10
    endloop
  endfacet
  facet normal -0 0 1
    outer loop
      vertex 95.8278 21.1611 10
      vertex 100.78 16.9231 10
      vertex 107.3 26 10
    endloop
  endfacet
  facet normal 0 0 1
    outer loop
      vertex 100.78 16.9231 10
      vertex 95.8278 21.1611 10
      vertex 100.392 16.9807 10
    endloop
  endfacet
  facet normal -0 -0 1
    outer loop
      vertex 95.9231 20.7804 10
      vertex 100.392 16.9807 10
      vertex 95.8278 21.1611 10
    endloop
  endfacet
  facet normal 0 0 1
    outer loop
      vertex 100.392 16.9807 10
      vertex 95.9231 20.7804 10
      vertex 100 17 10
    endloop
  endfacet
  facet normal -0 -0 1
    outer loop
      vertex 95.9807 20.3921 10
      vertex 100 17 10
      vertex 95.9231 20.7804 10
    endloop
  endfacet
  facet normal -0 -0 1
    outer loop
      vertex 96 20 10
      vertex 99.6079 16.9807 10
      vertex 95.9807 20.3921 10
    endloop
  endfacet
  facet normal 0 0 1
    outer loop
      vertex 99.6079 16.9807 10
      vertex 96 20 10
      vertex 99.2196 16.9231 10
    endloop
  endfacet
  facet normal 0 0 1
    outer loop
      vertex 99.2196 16.9231 10
      vertex 95.9807 19.6079 10
      vertex 98.8389 16.8278 10
    endloop
  endfacet
  facet normal -0 0 1
    outer loop
      vertex 95.9231 19.2196 10
      vertex 98.8389 16.8278 10
      vertex 95.9807 19.6079 10
    endloop
  endfacet
  facet normal -0 0 1
    outer loop
      vertex 95.8278 18.8389 10
      vertex 98.4693 16.6955 10
      vertex 95.9231 19.2196 10
    endloop
  endfacet
  facet normal -0 0 1
    outer loop
      vertex 95.092 17.4624 10
      vertex 97.1716 15.8284 10
      vertex 95.3259 17.7777 10
    endloop
  endfacet
  facet normal 0 0 1
    outer loop
      vertex 97.4624 16.092 10
      vertex 95.3259 17.7777 10
      vertex 97.1716 15.8284 10
    endloop
  endfacet
  facet normal -0 0 1
    outer loop
      vertex 95.3259 17.7777 10
      vertex 97.4624 16.092 10
      vertex 95.5277 18.1144 10
    endloop
  endfacet
  facet normal 0 0 1
    outer loop
      vertex 97.7777 16.3259 10
      vertex 95.5277 18.1144 10
      vertex 97.4624 16.092 10
    endloop
  endfacet
  facet normal -0 0 1
    outer loop
      vertex 95.5277 18.1144 10
      vertex 97.7777 16.3259 10
      vertex 95.6955 18.4693 10
    endloop
  endfacet
  facet normal 0 0 1
    outer loop
      vertex 98.1144 16.5277 10
      vertex 95.6955 18.4693 10
      vertex 97.7777 16.3259 10
    endloop
  endfacet
  facet normal -0 0 1
    outer loop
      vertex 95.6955 18.4693 10
      vertex 98.1144 16.5277 10
      vertex 95.8278 18.8389 10
    endloop
  endfacet
  facet normal 0 0 1
    outer loop
      vertex 98.4693 16.6955 10
      vertex 95.8278 18.8389 10
      vertex 98.1144 16.5277 10
    endloop
  endfacet
  facet normal 0 0 1
    outer loop
      vertex 98.8389 16.8278 10
      vertex 95.9231 19.2196 10
      vertex 98.4693 16.6955 10
    endloop
  endfacet
  facet normal -0 0 1
    outer loop
      vertex 95.9807 19.6079 10
      vertex 99.2196 16.9231 10
      vertex 96 20 10
    endloop
  endfacet
  facet normal 0 0 1
    outer loop
      vertex 100 17 10
      vertex 95.9807 20.3921 10
      vertex 99.6079 16.9807 10
    endloop
  endfacet
  facet normal 0 0 1
    outer loop
      vertex 107.3 26 10
      vertex 95.6955 21.5307 10
      vertex 95.8278 21.1611 10
    endloop
  endfacet
  facet normal 0 0 1
    outer loop
      vertex 107.3 26 10
      vertex 95.5277 21.8856 10
      vertex 95.6955 21.5307 10
    endloop
  endfacet
  facet normal 0 0 1
    outer loop
      vertex 107.3 26 10
      vertex 95.3259 22.2223 10
      vertex 95.5277 21.8856 10
    endloop
  endfacet
  facet normal 0 0 1
    outer loop
      vertex 107.3 26 10
      vertex 95.092 22.5376 10
      vertex 95.3259 22.2223 10
    endloop
  endfacet
  facet normal 0 0 1
    outer loop
      vertex 107.3 26 10
      vertex 94.8284 22.8284 10
      vertex 95.092 22.5376 10
    endloop
  endfacet
  facet normal 0 0 1
    outer loop
      vertex 107.3 26 10
      vertex 94.5376 23.092 10
      vertex 94.8284 22.8284 10
    endloop
  endfacet
  facet normal 0 0 1
    outer loop
      vertex 107.3 26 10
      vertex 94.2223 23.3259 10
      vertex 94.5376 23.092 10
    endloop
  endfacet
  facet normal 0 0 1
    outer loop
      vertex 107.3 26 10
      vertex 93.8856 23.5277 10
      vertex 94.2223 23.3259 10
    endloop
  endfacet
  facet normal 0 0 1
    outer loop
      vertex 107.3 26 10
      vertex 93.5307 23.6955 10
      vertex 93.8856 23.5277 10
    endloop
  endfacet
  facet normal 0 0 1
    outer loop
      vertex 107.3 26 10
      vertex 93.1611 23.8278 10
      vertex 93.5307 23.6955 10
    endloop
  endfacet
  facet normal 0 0 1
    outer loop
      vertex 107.3 26 10
      vertex 92.7804 23.9231 10
      vertex 93.1611 23.8278 10
    endloop
  endfacet
  facet normal 0 0 1
    outer loop
      vertex 107.3 26 10
      vertex 92.3921 23.9807 10
      vertex 92.7804 23.9231 10
    endloop
  endfacet
  facet normal 0 0 1
    outer loop
      vertex 107.3 26 10
      vertex 92 24 10
      vertex 92.3921 23.9807 10
    endloop
  endfacet
  facet normal 0 0 1
    outer loop
      vertex 107.3 26 10
      vertex 28 24 10
      vertex 92 24 10
    endloop
  endfacet
  facet normal 0 0 1
    outer loop
      vertex 26.8389 23.8278 10
      vertex 26.1611 23.8278 10
      vertex 26.5 23.7065 10
    endloop
  endfacet
  facet normal 0 0 1
    outer loop
      vertex 27.2196 23.9231 10
      vertex 26.1611 23.8278 10
      vertex 26.8389 23.8278 10
    endloop
  endfacet
  facet normal 0 0 1
    outer loop
      vertex 25.7804 23.9231 10
      vertex 27.2196 23.9231 10
      vertex 27.6079 23.9807 10
    endloop
  endfacet
  facet normal 0 0 1
    outer loop
      vertex 27.2196 23.9231 10
      vertex 25.7804 23.9231 10
      vertex 26.1611 23.8278 10
    endloop
  endfacet
  facet normal 0 0 1
    outer loop
      vertex 25.3921 23.9807 10
      vertex 27.6079 23.9807 10
      vertex 28 24 10
    endloop
  endfacet
  facet normal 0 0 1
    outer loop
      vertex 27.6079 23.9807 10
      vertex 25.3921 23.9807 10
      vertex 25.7804 23.9231 10
    endloop
  endfacet
  facet normal -0 0 1
    outer loop
      vertex 5 26 10
      vertex 28 24 10
      vertex 107.3 26 10
    endloop
  endfacet
  facet normal 0 -0 1
    outer loop
      vertex 25 24 10
      vertex 28 24 10
      vertex 5 26 10
    endloop
  endfacet
  facet normal 0 0 1
    outer loop
      vertex 28 24 10
      vertex 25 24 10
      vertex 25.3921 23.9807 10
    endloop
  endfacet
  facet normal 0 0 1
    outer loop
      vertex 25 24 10
      vertex 5 26 10
      vertex 9 24 10
    endloop
  endfacet
  facet normal 0 0 1
    outer loop
      vertex 5 26 10
      vertex 8.60793 23.9807 10
      vertex 9 24 10
    endloop
  endfacet
  facet normal 0 0 1
    outer loop
      vertex 5 26 10
      vertex 8.21964 23.9231 10
      vertex 8.60793 23.9807 10
    endloop
  endfacet
  facet normal 0 0 1
    outer loop
      vertex 5 26 10
      vertex 7.83886 23.8278 10
      vertex 8.21964 23.9231 10
    endloop
  endfacet
  facet normal 0 0 1
    outer loop
      vertex 5 26 10
      vertex 7.46927 23.6955 10
      vertex 7.83886 23.8278 10
    endloop
  endfacet
  facet normal 0 0 1
    outer loop
      vertex 5 26 10
      vertex 7.11441 23.5277 10
      vertex 7.46927 23.6955 10
    endloop
  endfacet
  facet normal 0 0 1
    outer loop
      vertex 5 26 10
      vertex 6.77772 23.3259 10
      vertex 7.11441 23.5277 10
    endloop
  endfacet
  facet normal 0 0 1
    outer loop
      vertex 5 26 10
      vertex 6.46243 23.092 10
      vertex 6.77772 23.3259 10
    endloop
  endfacet
  facet normal 0 0 1
    outer loop
      vertex 5 26 10
      vertex 6.17157 22.8284 10
      vertex 6.46243 23.092 10
    endloop
  endfacet
  facet normal -0 0 1
    outer loop
      vertex 4.50991 25.9759 10
      vertex 6.17157 22.8284 10
      vertex 5 26 10
    endloop
  endfacet
  facet normal 0 0 1
    outer loop
      vertex 6.17157 22.8284 10
      vertex 4.50991 25.9759 10
      vertex 5.90796 22.5376 10
    endloop
  endfacet
  facet normal -0 0 1
    outer loop
      vertex 4.02455 25.9039 10
      vertex 5.90796 22.5376 10
      vertex 4.50991 25.9759 10
    endloop
  endfacet
  facet normal -0 0 1
    outer loop
      vertex 3.54858 25.7847 10
      vertex 5.90796 22.5376 10
      vertex 4.02455 25.9039 10
    endloop
  endfacet
  facet normal 0 0 1
    outer loop
      vertex 5.90796 22.5376 10
      vertex 3.54858 25.7847 10
      vertex 5.67412 22.2223 10
    endloop
  endfacet
  facet normal -0 0 1
    outer loop
      vertex 3.08658 25.6194 10
      vertex 5.67412 22.2223 10
      vertex 3.54858 25.7847 10
    endloop
  endfacet
  facet normal -0 0 1
    outer loop
      vertex 2.64302 25.4096 10
      vertex 5.67412 22.2223 10
      vertex 3.08658 25.6194 10
    endloop
  endfacet
  facet normal -0 0 1
    outer loop
      vertex 2.22215 25.1573 10
      vertex 5.67412 22.2223 10
      vertex 2.64302 25.4096 10
    endloop
  endfacet
  facet normal 0 0 1
    outer loop
      vertex 5.67412 22.2223 10
      vertex 2.22215 25.1573 10
      vertex 5.47231 21.8856 10
    endloop
  endfacet
  facet normal 0 0 1
    outer loop
      vertex 5 20 10
      vertex 0 21 10
      vertex 5 6 10
    endloop
  endfacet
  facet normal -0 0 1
    outer loop
      vertex 1.82803 24.8651 10
      vertex 5.47231 21.8856 10
      vertex 2.22215 25.1573 10
    endloop
  endfacet
  facet normal 0 0 1
    outer loop
      vertex 0 5 10
      vertex 5 6 10
      vertex 0 21 10
    endloop
  endfacet
  facet normal -0 0 1
    outer loop
      vertex 1.46447 24.5355 10
      vertex 5.47231 21.8856 10
      vertex 1.82803 24.8651 10
    endloop
  endfacet
  facet normal 0 -0 1
    outer loop
      vertex 0.0240755 4.50991 10
      vertex 5 6 10
      vertex 0 5 10
    endloop
  endfacet
  facet normal 0 0 1
    outer loop
      vertex 5.47231 21.8856 10
      vertex 1.46447 24.5355 10
      vertex 5.30448 21.5307 10
    endloop
  endfacet
  facet normal 0 0 1
    outer loop
      vertex 5 6 10
      vertex 4.50991 0.0240755 10
      vertex 5 0 10
    endloop
  endfacet
  facet normal -0 0 1
    outer loop
      vertex 1.13495 24.172 10
      vertex 5.30448 21.5307 10
      vertex 1.46447 24.5355 10
    endloop
  endfacet
  facet normal 0 0 1
    outer loop
      vertex 5 6 10
      vertex 4.02455 0.0960732 10
      vertex 4.50991 0.0240755 10
    endloop
  endfacet
  facet normal -0 0 1
    outer loop
      vertex 0.842651 23.7779 10
      vertex 5.30448 21.5307 10
      vertex 1.13495 24.172 10
    endloop
  endfacet
  facet normal 0 0 1
    outer loop
      vertex 5 6 10
      vertex 3.54858 0.215298 10
      vertex 4.02455 0.0960732 10
    endloop
  endfacet
  facet normal -0 0 1
    outer loop
      vertex 0.590393 23.357 10
      vertex 5.30448 21.5307 10
      vertex 0.842651 23.7779 10
    endloop
  endfacet
  facet normal 0 0 1
    outer loop
      vertex 5 6 10
      vertex 3.08658 0.380602 10
      vertex 3.54858 0.215298 10
    endloop
  endfacet
  facet normal 0 0 1
    outer loop
      vertex 5.30448 21.5307 10
      vertex 0.590393 23.357 10
      vertex 5.17224 21.1611 10
    endloop
  endfacet
  facet normal 0 0 1
    outer loop
      vertex 5 6 10
      vertex 2.64302 0.590393 10
      vertex 3.08658 0.380602 10
    endloop
  endfacet
  facet normal -0 0 1
    outer loop
      vertex 0.380602 22.9134 10
      vertex 5.17224 21.1611 10
      vertex 0.590393 23.357 10
    endloop
  endfacet
  facet normal 0 0 1
    outer loop
      vertex 5 6 10
      vertex 2.22215 0.842651 10
      vertex 2.64302 0.590393 10
    endloop
  endfacet
  facet normal -0 0 1
    outer loop
      vertex 0.215298 22.4514 10
      vertex 5.17224 21.1611 10
      vertex 0.380602 22.9134 10
    endloop
  endfacet
  facet normal 0 0 1
    outer loop
      vertex 5 6 10
      vertex 1.82803 1.13495 10
      vertex 2.22215 0.842651 10
    endloop
  endfacet
  facet normal 0 0 1
    outer loop
      vertex 5.17224 21.1611 10
      vertex 0.215298 22.4514 10
      vertex 5.07686 20.7804 10
    endloop
  endfacet
  facet normal 0 0 1
    outer loop
      vertex 5 6 10
      vertex 1.46447 1.46447 10
      vertex 1.82803 1.13495 10
    endloop
  endfacet
  facet normal -0 0 1
    outer loop
      vertex 0.0960732 21.9755 10
      vertex 5.07686 20.7804 10
      vertex 0.215298 22.4514 10
    endloop
  endfacet
  facet normal 0 0 1
    outer loop
      vertex 5 6 10
      vertex 1.13495 1.82803 10
      vertex 1.46447 1.46447 10
    endloop
  endfacet
  facet normal -0 0 1
    outer loop
      vertex 0.0240755 21.4901 10
      vertex 5.07686 20.7804 10
      vertex 0.0960732 21.9755 10
    endloop
  endfacet
  facet normal 0 0 1
    outer loop
      vertex 5 6 10
      vertex 0.842651 2.22215 10
      vertex 1.13495 1.82803 10
    endloop
  endfacet
  facet normal -0 0 1
    outer loop
      vertex 0 21 10
      vertex 5.07686 20.7804 10
      vertex 0.0240755 21.4901 10
    endloop
  endfacet
  facet normal 0 0 1
    outer loop
      vertex 5 6 10
      vertex 0.590393 2.64302 10
      vertex 0.842651 2.22215 10
    endloop
  endfacet
  facet normal 0 0 1
    outer loop
      vertex 5.07686 20.7804 10
      vertex 0 21 10
      vertex 5.01926 20.3921 10
    endloop
  endfacet
  facet normal 0 0 1
    outer loop
      vertex 5 6 10
      vertex 0.380602 3.08658 10
      vertex 0.590393 2.64302 10
    endloop
  endfacet
  facet normal 0 0 1
    outer loop
      vertex 5.01926 20.3921 10
      vertex 0 21 10
      vertex 5 20 10
    endloop
  endfacet
  facet normal 0 0 1
    outer loop
      vertex 5 6 10
      vertex 0.215298 3.54858 10
      vertex 0.380602 3.08658 10
    endloop
  endfacet
  facet normal 0 0 1
    outer loop
      vertex 5 6 10
      vertex 0.0960732 4.02455 10
      vertex 0.215298 3.54858 10
    endloop
  endfacet
  facet normal 0 0 1
    outer loop
      vertex 5 6 10
      vertex 0.0240755 4.50991 10
      vertex 0.0960732 4.02455 10
    endloop
  endfacet
  facet normal 0 0 1
    outer loop
      vertex 111.165 1.82803 10
      vertex 107.3 0 10
      vertex 110.836 1.46447 10
    endloop
  endfacet
  facet normal 0 0 1
    outer loop
      vertex 110.836 1.46447 10
      vertex 107.3 0 10
      vertex 110.472 1.13495 10
    endloop
  endfacet
  facet normal 0 0 1
    outer loop
      vertex 110.472 1.13495 10
      vertex 107.3 0 10
      vertex 110.078 0.842651 10
    endloop
  endfacet
  facet normal 0 0 1
    outer loop
      vertex 110.078 0.842651 10
      vertex 107.3 0 10
      vertex 109.657 0.590393 10
    endloop
  endfacet
  facet normal 0 0 1
    outer loop
      vertex 109.657 0.590393 10
      vertex 107.3 0 10
      vertex 109.213 0.380602 10
    endloop
  endfacet
  facet normal 0 0 1
    outer loop
      vertex 109.213 0.380602 10
      vertex 107.3 0 10
      vertex 108.751 0.215298 10
    endloop
  endfacet
  facet normal 0 0 1
    outer loop
      vertex 108.751 0.215298 10
      vertex 107.3 0 10
      vertex 108.275 0.0960732 10
    endloop
  endfacet
  facet normal 0 0 1
    outer loop
      vertex 108.275 0.0960732 10
      vertex 107.3 0 10
      vertex 107.79 0.0240755 10
    endloop
  endfacet
  facet normal -0 0 1
    outer loop
      vertex 102.538 9.90796 10
      vertex 107.3 0 10
      vertex 102.828 10.1716 10
    endloop
  endfacet
  facet normal -0 0 1
    outer loop
      vertex 102.222 9.67412 10
      vertex 107.3 0 10
      vertex 102.538 9.90796 10
    endloop
  endfacet
  facet normal -0 0 1
    outer loop
      vertex 101.886 9.47231 10
      vertex 107.3 0 10
      vertex 102.222 9.67412 10
    endloop
  endfacet
  facet normal -0 0 1
    outer loop
      vertex 101.531 9.30448 10
      vertex 107.3 0 10
      vertex 101.886 9.47231 10
    endloop
  endfacet
  facet normal -0 0 1
    outer loop
      vertex 101.161 9.17224 10
      vertex 107.3 0 10
      vertex 101.531 9.30448 10
    endloop
  endfacet
  facet normal -0 0 1
    outer loop
      vertex 100.78 9.07686 10
      vertex 107.3 0 10
      vertex 101.161 9.17224 10
    endloop
  endfacet
  facet normal 0 0 1
    outer loop
      vertex 95.8278 4.83886 10
      vertex 100.78 9.07686 10
      vertex 100.392 9.01926 10
    endloop
  endfacet
  facet normal 0 0 1
    outer loop
      vertex 95.9231 5.21964 10
      vertex 100.392 9.01926 10
      vertex 100 9 10
    endloop
  endfacet
  facet normal 0 0 1
    outer loop
      vertex 95.9807 5.60793 10
      vertex 100 9 10
      vertex 99.6079 9.01926 10
    endloop
  endfacet
  facet normal 0 0 1
    outer loop
      vertex 96 6 10
      vertex 99.6079 9.01926 10
      vertex 99.2196 9.07686 10
    endloop
  endfacet
  facet normal 0 0 1
    outer loop
      vertex 95.9807 6.39207 10
      vertex 99.2196 9.07686 10
      vertex 98.8389 9.17224 10
    endloop
  endfacet
  facet normal 0 0 1
    outer loop
      vertex 95.9807 6.39207 10
      vertex 98.8389 9.17224 10
      vertex 98.4693 9.30448 10
    endloop
  endfacet
  facet normal 0 0 1
    outer loop
      vertex 95.9807 6.39207 10
      vertex 98.4693 9.30448 10
      vertex 98.1144 9.47231 10
    endloop
  endfacet
  facet normal 0 0 1
    outer loop
      vertex 95.9807 6.39207 10
      vertex 98.1144 9.47231 10
      vertex 97.7777 9.67412 10
    endloop
  endfacet
  facet normal 0 0 1
    outer loop
      vertex 95.9807 6.39207 10
      vertex 97.7777 9.67412 10
      vertex 97.4624 9.90796 10
    endloop
  endfacet
  facet normal 0 0 1
    outer loop
      vertex 95.9807 6.39207 10
      vertex 97.4624 9.90796 10
      vertex 97.1716 10.1716 10
    endloop
  endfacet
  facet normal 0 0 1
    outer loop
      vertex 92.7804 9.92314 10
      vertex 96.0193 12.6079 10
      vertex 96 13 10
    endloop
  endfacet
  facet normal 0 0 1
    outer loop
      vertex 95.9807 6.39207 10
      vertex 96.0769 12.2196 10
      vertex 96.0193 12.6079 10
    endloop
  endfacet
  facet normal 0 0 1
    outer loop
      vertex 95.9807 6.39207 10
      vertex 96.1722 11.8389 10
      vertex 96.0769 12.2196 10
    endloop
  endfacet
  facet normal 0 0 1
    outer loop
      vertex 95.9807 6.39207 10
      vertex 96.3045 11.4693 10
      vertex 96.1722 11.8389 10
    endloop
  endfacet
  facet normal 0 0 1
    outer loop
      vertex 95.9807 6.39207 10
      vertex 96.4723 11.1144 10
      vertex 96.3045 11.4693 10
    endloop
  endfacet
  facet normal 0 0 1
    outer loop
      vertex 95.9807 6.39207 10
      vertex 96.6741 10.7777 10
      vertex 96.4723 11.1144 10
    endloop
  endfacet
  facet normal 0 0 1
    outer loop
      vertex 95.9807 6.39207 10
      vertex 96.908 10.4624 10
      vertex 96.6741 10.7777 10
    endloop
  endfacet
  facet normal 0 0 1
    outer loop
      vertex 95.9807 6.39207 10
      vertex 97.1716 10.1716 10
      vertex 96.908 10.4624 10
    endloop
  endfacet
  facet normal 0 0 1
    outer loop
      vertex 99.6079 9.01926 10
      vertex 96 6 10
      vertex 95.9807 5.60793 10
    endloop
  endfacet
  facet normal 0 0 1
    outer loop
      vertex 100 9 10
      vertex 95.9807 5.60793 10
      vertex 95.9231 5.21964 10
    endloop
  endfacet
  facet normal 0 0 1
    outer loop
      vertex 100.392 9.01926 10
      vertex 95.9231 5.21964 10
      vertex 95.8278 4.83886 10
    endloop
  endfacet
  facet normal 0 0 1
    outer loop
      vertex 100.78 9.07686 10
      vertex 95.8278 4.83886 10
      vertex 107.3 0 10
    endloop
  endfacet
  facet normal -0 0 1
    outer loop
      vertex 95.6955 4.46927 10
      vertex 107.3 0 10
      vertex 95.8278 4.83886 10
    endloop
  endfacet
  facet normal -0 0 1
    outer loop
      vertex 95.5277 4.11441 10
      vertex 107.3 0 10
      vertex 95.6955 4.46927 10
    endloop
  endfacet
  facet normal -0 0 1
    outer loop
      vertex 95.3259 3.77772 10
      vertex 107.3 0 10
      vertex 95.5277 4.11441 10
    endloop
  endfacet
  facet normal -0 0 1
    outer loop
      vertex 95.092 3.46243 10
      vertex 107.3 0 10
      vertex 95.3259 3.77772 10
    endloop
  endfacet
  facet normal -0 0 1
    outer loop
      vertex 94.8284 3.17157 10
      vertex 107.3 0 10
      vertex 95.092 3.46243 10
    endloop
  endfacet
  facet normal -0 0 1
    outer loop
      vertex 94.5376 2.90796 10
      vertex 107.3 0 10
      vertex 94.8284 3.17157 10
    endloop
  endfacet
  facet normal -0 0 1
    outer loop
      vertex 94.2223 2.67412 10
      vertex 107.3 0 10
      vertex 94.5376 2.90796 10
    endloop
  endfacet
  facet normal -0 0 1
    outer loop
      vertex 93.8856 2.47231 10
      vertex 107.3 0 10
      vertex 94.2223 2.67412 10
    endloop
  endfacet
  facet normal -0 0 1
    outer loop
      vertex 93.5307 2.30448 10
      vertex 107.3 0 10
      vertex 93.8856 2.47231 10
    endloop
  endfacet
  facet normal -0 0 1
    outer loop
      vertex 93.1611 2.17224 10
      vertex 107.3 0 10
      vertex 93.5307 2.30448 10
    endloop
  endfacet
  facet normal -0 0 1
    outer loop
      vertex 92.7804 2.07686 10
      vertex 107.3 0 10
      vertex 93.1611 2.17224 10
    endloop
  endfacet
  facet normal -0 0 1
    outer loop
      vertex 92.3921 2.01926 10
      vertex 107.3 0 10
      vertex 92.7804 2.07686 10
    endloop
  endfacet
  facet normal -0 0 1
    outer loop
      vertex 92 2 10
      vertex 107.3 0 10
      vertex 92.3921 2.01926 10
    endloop
  endfacet
  facet normal -0 0 1
    outer loop
      vertex 28 2 10
      vertex 107.3 0 10
      vertex 92 2 10
    endloop
  endfacet
  facet normal 0 0 1
    outer loop
      vertex 26.1611 2.17224 10
      vertex 26.8389 2.17224 10
      vertex 26.5 2.29348 10
    endloop
  endfacet
  facet normal -0 0 1
    outer loop
      vertex 26.1611 2.17224 10
      vertex 27.2196 2.07686 10
      vertex 26.8389 2.17224 10
    endloop
  endfacet
  facet normal 0 0 1
    outer loop
      vertex 25.7804 2.07686 10
      vertex 27.2196 2.07686 10
      vertex 26.1611 2.17224 10
    endloop
  endfacet
  facet normal 0 0 1
    outer loop
      vertex 27.2196 2.07686 10
      vertex 25.7804 2.07686 10
      vertex 27.6079 2.01926 10
    endloop
  endfacet
  facet normal 0 0 1
    outer loop
      vertex 25.3921 2.01926 10
      vertex 27.6079 2.01926 10
      vertex 25.7804 2.07686 10
    endloop
  endfacet
  facet normal 0 0 1
    outer loop
      vertex 27.6079 2.01926 10
      vertex 25.3921 2.01926 10
      vertex 28 2 10
    endloop
  endfacet
  facet normal 0 0 1
    outer loop
      vertex 25 2 10
      vertex 28 2 10
      vertex 25.3921 2.01926 10
    endloop
  endfacet
  facet normal 0 0 1
    outer loop
      vertex 28 2 10
      vertex 25 2 10
      vertex 5 0 10
    endloop
  endfacet
  facet normal 0 0 1
    outer loop
      vertex 5 0 10
      vertex 25 2 10
      vertex 9 2 10
    endloop
  endfacet
  facet normal 0 0 1
    outer loop
      vertex 28 2 10
      vertex 5 0 10
      vertex 107.3 0 10
    endloop
  endfacet
  facet normal 0 0 1
    outer loop
      vertex 8.60793 2.01926 10
      vertex 5 0 10
      vertex 9 2 10
    endloop
  endfacet
  facet normal 0 0 1
    outer loop
      vertex 8.21964 2.07686 10
      vertex 5 0 10
      vertex 8.60793 2.01926 10
    endloop
  endfacet
  facet normal 0 0 1
    outer loop
      vertex 7.83886 2.17224 10
      vertex 5 0 10
      vertex 8.21964 2.07686 10
    endloop
  endfacet
  facet normal 0 0 1
    outer loop
      vertex 7.46927 2.30448 10
      vertex 5 0 10
      vertex 7.83886 2.17224 10
    endloop
  endfacet
  facet normal 0 0 1
    outer loop
      vertex 7.11441 2.47231 10
      vertex 5 0 10
      vertex 7.46927 2.30448 10
    endloop
  endfacet
  facet normal 0 0 1
    outer loop
      vertex 6.77772 2.67412 10
      vertex 5 0 10
      vertex 7.11441 2.47231 10
    endloop
  endfacet
  facet normal 0 0 1
    outer loop
      vertex 6.46243 2.90796 10
      vertex 5 0 10
      vertex 6.77772 2.67412 10
    endloop
  endfacet
  facet normal 0 0 1
    outer loop
      vertex 6.17157 3.17157 10
      vertex 5 0 10
      vertex 6.46243 2.90796 10
    endloop
  endfacet
  facet normal 0 0 1
    outer loop
      vertex 5.90796 3.46243 10
      vertex 5 0 10
      vertex 6.17157 3.17157 10
    endloop
  endfacet
  facet normal 0 0 1
    outer loop
      vertex 5.67412 3.77772 10
      vertex 5 0 10
      vertex 5.90796 3.46243 10
    endloop
  endfacet
  facet normal 0 0 1
    outer loop
      vertex 5.47231 4.11441 10
      vertex 5 0 10
      vertex 5.67412 3.77772 10
    endloop
  endfacet
  facet normal 0 0 1
    outer loop
      vertex 5.30448 4.46927 10
      vertex 5 0 10
      vertex 5.47231 4.11441 10
    endloop
  endfacet
  facet normal 0 0 1
    outer loop
      vertex 5.17224 4.83886 10
      vertex 5 0 10
      vertex 5.30448 4.46927 10
    endloop
  endfacet
  facet normal 0 0 1
    outer loop
      vertex 5.07686 5.21964 10
      vertex 5 0 10
      vertex 5.17224 4.83886 10
    endloop
  endfacet
  facet normal 0 0 1
    outer loop
      vertex 5.01926 5.60793 10
      vertex 5 0 10
      vertex 5.07686 5.21964 10
    endloop
  endfacet
  facet normal 0 0 1
    outer loop
      vertex 5 0 10
      vertex 5.01926 5.60793 10
      vertex 5 6 10
    endloop
  endfacet
  facet normal 0 0 1
    outer loop
      vertex 97.1716 15.8284 10
      vertex 95.092 17.4624 10
      vertex 96.908 15.5376 10
    endloop
  endfacet
  facet normal -0 0 1
    outer loop
      vertex 94.8284 17.1716 10
      vertex 96.908 15.5376 10
      vertex 95.092 17.4624 10
    endloop
  endfacet
  facet normal 0 0 1
    outer loop
      vertex 96.908 15.5376 10
      vertex 94.8284 17.1716 10
      vertex 96.6741 15.2223 10
    endloop
  endfacet
  facet normal 0 0 1
    outer loop
      vertex 99.2196 9.07686 10
      vertex 95.9807 6.39207 10
      vertex 96 6 10
    endloop
  endfacet
  facet normal -0 0 1
    outer loop
      vertex 94.5376 16.908 10
      vertex 96.6741 15.2223 10
      vertex 94.8284 17.1716 10
    endloop
  endfacet
  facet normal 0 0 1
    outer loop
      vertex 96.0193 12.6079 10
      vertex 95.9231 6.78036 10
      vertex 95.9807 6.39207 10
    endloop
  endfacet
  facet normal 0 0 1
    outer loop
      vertex 96.6741 15.2223 10
      vertex 94.5376 16.908 10
      vertex 96.4723 14.8856 10
    endloop
  endfacet
  facet normal 0 0 1
    outer loop
      vertex 96.0193 12.6079 10
      vertex 95.8278 7.16114 10
      vertex 95.9231 6.78036 10
    endloop
  endfacet
  facet normal -0 0 1
    outer loop
      vertex 94.2223 16.6741 10
      vertex 96.4723 14.8856 10
      vertex 94.5376 16.908 10
    endloop
  endfacet
  facet normal 0 0 1
    outer loop
      vertex 96.0193 12.6079 10
      vertex 95.6955 7.53073 10
      vertex 95.8278 7.16114 10
    endloop
  endfacet
  facet normal 0 0 1
    outer loop
      vertex 96.4723 14.8856 10
      vertex 94.2223 16.6741 10
      vertex 96.3045 14.5307 10
    endloop
  endfacet
  facet normal 0 0 1
    outer loop
      vertex 96.0193 12.6079 10
      vertex 95.5277 7.88559 10
      vertex 95.6955 7.53073 10
    endloop
  endfacet
  facet normal -0 0 1
    outer loop
      vertex 93.8856 16.4723 10
      vertex 96.3045 14.5307 10
      vertex 94.2223 16.6741 10
    endloop
  endfacet
  facet normal 0 0 1
    outer loop
      vertex 96.0193 12.6079 10
      vertex 95.3259 8.22228 10
      vertex 95.5277 7.88559 10
    endloop
  endfacet
  facet normal 0 0 1
    outer loop
      vertex 96.3045 14.5307 10
      vertex 93.8856 16.4723 10
      vertex 96.1722 14.1611 10
    endloop
  endfacet
  facet normal 0 0 1
    outer loop
      vertex 96.0193 12.6079 10
      vertex 95.092 8.53757 10
      vertex 95.3259 8.22228 10
    endloop
  endfacet
  facet normal -0 0 1
    outer loop
      vertex 93.5307 16.3045 10
      vertex 96.1722 14.1611 10
      vertex 93.8856 16.4723 10
    endloop
  endfacet
  facet normal 0 0 1
    outer loop
      vertex 96.0193 12.6079 10
      vertex 94.8284 8.82843 10
      vertex 95.092 8.53757 10
    endloop
  endfacet
  facet normal 0 0 1
    outer loop
      vertex 96.1722 14.1611 10
      vertex 93.5307 16.3045 10
      vertex 96.0769 13.7804 10
    endloop
  endfacet
  facet normal 0 0 1
    outer loop
      vertex 96.0193 12.6079 10
      vertex 94.5376 9.09204 10
      vertex 94.8284 8.82843 10
    endloop
  endfacet
  facet normal -0 0 1
    outer loop
      vertex 93.1611 16.1722 10
      vertex 96.0769 13.7804 10
      vertex 93.5307 16.3045 10
    endloop
  endfacet
  facet normal 0 0 1
    outer loop
      vertex 96.0193 12.6079 10
      vertex 94.2223 9.32588 10
      vertex 94.5376 9.09204 10
    endloop
  endfacet
  facet normal 0 0 1
    outer loop
      vertex 96.0769 13.7804 10
      vertex 93.1611 16.1722 10
      vertex 96.0193 13.3921 10
    endloop
  endfacet
  facet normal 0 0 1
    outer loop
      vertex 96.0193 12.6079 10
      vertex 93.8856 9.52768 10
      vertex 94.2223 9.32588 10
    endloop
  endfacet
  facet normal -0 0 1
    outer loop
      vertex 92.7804 16.0769 10
      vertex 96.0193 13.3921 10
      vertex 93.1611 16.1722 10
    endloop
  endfacet
  facet normal 0 0 1
    outer loop
      vertex 96.0193 12.6079 10
      vertex 93.5307 9.69552 10
      vertex 93.8856 9.52768 10
    endloop
  endfacet
  facet normal 0 0 1
    outer loop
      vertex 96.0193 13.3921 10
      vertex 92.7804 16.0769 10
      vertex 96 13 10
    endloop
  endfacet
  facet normal 0 0 1
    outer loop
      vertex 96.0193 12.6079 10
      vertex 93.1611 9.82776 10
      vertex 93.5307 9.69552 10
    endloop
  endfacet
  facet normal -0 0 1
    outer loop
      vertex 92.3921 16.0193 10
      vertex 96 13 10
      vertex 92.7804 16.0769 10
    endloop
  endfacet
  facet normal 0 0 1
    outer loop
      vertex 96.0193 12.6079 10
      vertex 92.7804 9.92314 10
      vertex 93.1611 9.82776 10
    endloop
  endfacet
  facet normal 0 0 1
    outer loop
      vertex 92.3921 9.98074 10
      vertex 96 13 10
      vertex 92.3921 16.0193 10
    endloop
  endfacet
  facet normal 0 0 1
    outer loop
      vertex 96 13 10
      vertex 92.3921 9.98074 10
      vertex 92.7804 9.92314 10
    endloop
  endfacet
  facet normal -0 0 1
    outer loop
      vertex 92 16 10
      vertex 92.3921 9.98074 10
      vertex 92.3921 16.0193 10
    endloop
  endfacet
  facet normal 0 0 1
    outer loop
      vertex 92 16 10
      vertex 92 10 10
      vertex 92.3921 9.98074 10
    endloop
  endfacet
  facet normal 0 0 1
    outer loop
      vertex 92 16 10
      vertex 87 13 10
      vertex 92 10 10
    endloop
  endfacet
  facet normal 0 0 1
    outer loop
      vertex 92 16 10
      vertex 86.9855 13.2941 10
      vertex 87 13 10
    endloop
  endfacet
  facet normal 0 0 1
    outer loop
      vertex 92 16 10
      vertex 86.9424 13.5853 10
      vertex 86.9855 13.2941 10
    endloop
  endfacet
  facet normal 0 0 1
    outer loop
      vertex 92 16 10
      vertex 86.8708 13.8709 10
      vertex 86.9424 13.5853 10
    endloop
  endfacet
  facet normal 0 0 1
    outer loop
      vertex 92 16 10
      vertex 86.7716 14.148 10
      vertex 86.8708 13.8709 10
    endloop
  endfacet
  facet normal 0 0 1
    outer loop
      vertex 92 16 10
      vertex 86.6458 14.4142 10
      vertex 86.7716 14.148 10
    endloop
  endfacet
  facet normal 0 0 1
    outer loop
      vertex 92 16 10
      vertex 86.4944 14.6667 10
      vertex 86.6458 14.4142 10
    endloop
  endfacet
  facet normal 0 0 1
    outer loop
      vertex 92 16 10
      vertex 86.319 14.9032 10
      vertex 86.4944 14.6667 10
    endloop
  endfacet
  facet normal 0 0 1
    outer loop
      vertex 92 16 10
      vertex 86.1213 15.1213 10
      vertex 86.319 14.9032 10
    endloop
  endfacet
  facet normal 0 0 1
    outer loop
      vertex 92 16 10
      vertex 85.9032 15.319 10
      vertex 86.1213 15.1213 10
    endloop
  endfacet
  facet normal 0 0 1
    outer loop
      vertex 92 16 10
      vertex 85.6667 15.4944 10
      vertex 85.9032 15.319 10
    endloop
  endfacet
  facet normal 0 0 1
    outer loop
      vertex 92 16 10
      vertex 85.4142 15.6458 10
      vertex 85.6667 15.4944 10
    endloop
  endfacet
  facet normal 0 0 1
    outer loop
      vertex 92 16 10
      vertex 85.148 15.7716 10
      vertex 85.4142 15.6458 10
    endloop
  endfacet
  facet normal 0 0 1
    outer loop
      vertex 92 16 10
      vertex 84.8708 15.8708 10
      vertex 85.148 15.7716 10
    endloop
  endfacet
  facet normal 0 0 1
    outer loop
      vertex 92 16 10
      vertex 84.5853 15.9424 10
      vertex 84.8708 15.8708 10
    endloop
  endfacet
  facet normal 0 0 1
    outer loop
      vertex 92 16 10
      vertex 84.2941 15.9856 10
      vertex 84.5853 15.9424 10
    endloop
  endfacet
  facet normal 0 -0 1
    outer loop
      vertex 84.2941 15.9856 10
      vertex 92 16 10
      vertex 84 16 10
    endloop
  endfacet
  facet normal -0.595569 0.803304 0
    outer loop
      vertex 2.22215 25.1573 0
      vertex 1.82803 24.8651 10
      vertex 2.22215 25.1573 10
    endloop
  endfacet
  facet normal -0.595569 0.803304 0
    outer loop
      vertex 1.82803 24.8651 10
      vertex 2.22215 25.1573 0
      vertex 1.82803 24.8651 0
    endloop
  endfacet
  facet normal -0.0490655 -0.998796 0
    outer loop
      vertex 4.50991 0.0240755 0
      vertex 5 0 10
      vertex 4.50991 0.0240755 10
    endloop
  endfacet
  facet normal -0.0490655 -0.998796 -0
    outer loop
      vertex 5 0 10
      vertex 4.50991 0.0240755 0
      vertex 5 0 0
    endloop
  endfacet
  facet normal 0.74147 -0.670986 0
    outer loop
      vertex 110.836 1.46447 10
      vertex 111.165 1.82803 0
      vertex 111.165 1.82803 10
    endloop
  endfacet
  facet normal 0.74147 -0.670986 0
    outer loop
      vertex 111.165 1.82803 0
      vertex 110.836 1.46447 10
      vertex 110.836 1.46447 0
    endloop
  endfacet
  facet normal 0.242919 0.970047 -0
    outer loop
      vertex 108.751 25.7847 0
      vertex 108.275 25.9039 10
      vertex 108.751 25.7847 10
    endloop
  endfacet
  facet normal 0.242919 0.970047 0
    outer loop
      vertex 108.275 25.9039 10
      vertex 108.751 25.7847 0
      vertex 108.275 25.9039 0
    endloop
  endfacet
  facet normal 0.941095 -0.338142 0
    outer loop
      vertex 111.919 3.08658 10
      vertex 112.085 3.54858 0
      vertex 112.085 3.54858 10
    endloop
  endfacet
  facet normal 0.941095 -0.338142 0
    outer loop
      vertex 112.085 3.54858 0
      vertex 111.919 3.08658 10
      vertex 111.919 3.08658 0
    endloop
  endfacet
  facet normal -0.242981 -0.970031 0
    outer loop
      vertex 3.54858 0.215298 0
      vertex 4.02455 0.0960732 10
      vertex 3.54858 0.215298 10
    endloop
  endfacet
  facet normal -0.242981 -0.970031 -0
    outer loop
      vertex 4.02455 0.0960732 10
      vertex 3.54858 0.215298 0
      vertex 4.02455 0.0960732 0
    endloop
  endfacet
  facet normal -0.85773 -0.5141 0
    outer loop
      vertex 0.842651 2.22215 0
      vertex 0.590393 2.64302 10
      vertex 0.590393 2.64302 0
    endloop
  endfacet
  facet normal -0.85773 -0.5141 0
    outer loop
      vertex 0.590393 2.64302 10
      vertex 0.842651 2.22215 0
      vertex 0.842651 2.22215 10
    endloop
  endfacet
  facet normal -0.903987 -0.42756 0
    outer loop
      vertex 0.590393 2.64302 0
      vertex 0.380602 3.08658 10
      vertex 0.380602 3.08658 0
    endloop
  endfacet
  facet normal -0.903987 -0.42756 0
    outer loop
      vertex 0.380602 3.08658 10
      vertex 0.590393 2.64302 0
      vertex 0.590393 2.64302 10
    endloop
  endfacet
  facet normal 0.803499 -0.595306 0
    outer loop
      vertex 111.165 1.82803 10
      vertex 111.457 2.22215 0
      vertex 111.457 2.22215 10
    endloop
  endfacet
  facet normal 0.803499 -0.595306 0
    outer loop
      vertex 111.457 2.22215 0
      vertex 111.165 1.82803 10
      vertex 111.165 1.82803 0
    endloop
  endfacet
  facet normal -0.803208 -0.595699 0
    outer loop
      vertex 1.13495 1.82803 0
      vertex 0.842651 2.22215 10
      vertex 0.842651 2.22215 0
    endloop
  endfacet
  facet normal -0.803208 -0.595699 0
    outer loop
      vertex 0.842651 2.22215 10
      vertex 1.13495 1.82803 0
      vertex 1.13495 1.82803 10
    endloop
  endfacet
  facet normal -0.941546 -0.336886 0
    outer loop
      vertex 0.380602 3.08658 0
      vertex 0.215298 3.54858 10
      vertex 0.215298 3.54858 0
    endloop
  endfacet
  facet normal -0.941546 -0.336886 0
    outer loop
      vertex 0.215298 3.54858 10
      vertex 0.380602 3.08658 0
      vertex 0.380602 3.08658 10
    endloop
  endfacet
  facet normal -0.989176 -0.146737 0
    outer loop
      vertex 5.07686 5.21964 10
      vertex 5.01926 5.60793 18
      vertex 5.01926 5.60793 10
    endloop
  endfacet
  facet normal -0.989176 -0.146737 0
    outer loop
      vertex 5.01926 5.60793 18
      vertex 5.07686 5.21964 10
      vertex 5.07686 5.21964 18
    endloop
  endfacet
  facet normal -0.998796 -0.0490647 0
    outer loop
      vertex 5.01926 5.60793 10
      vertex 5 6 18
      vertex 5 6 10
    endloop
  endfacet
  facet normal -0.998796 -0.0490647 0
    outer loop
      vertex 5 6 18
      vertex 5.01926 5.60793 10
      vertex 5.01926 5.60793 18
    endloop
  endfacet
  facet normal 1 -0 0
    outer loop
      vertex 29 10 18
      vertex 29 12 17
      vertex 29 12 18
    endloop
  endfacet
  facet normal 1 0 0
    outer loop
      vertex 29 12 17
      vertex 29 10 18
      vertex 29 10 17
    endloop
  endfacet
  facet normal -0.941545 -0.336887 0
    outer loop
      vertex 5.30448 4.46927 10
      vertex 5.17224 4.83886 18
      vertex 5.17224 4.83886 10
    endloop
  endfacet
  facet normal -0.941545 -0.336887 0
    outer loop
      vertex 5.17224 4.83886 18
      vertex 5.30448 4.46927 10
      vertex 5.30448 4.46927 18
    endloop
  endfacet
  facet normal -0.514095 0.857733 0
    outer loop
      vertex 7.11441 23.5277 10
      vertex 6.77772 23.3259 18
      vertex 7.11441 23.5277 18
    endloop
  endfacet
  facet normal -0.514095 0.857733 0
    outer loop
      vertex 6.77772 23.3259 18
      vertex 7.11441 23.5277 10
      vertex 6.77772 23.3259 10
    endloop
  endfacet
  facet normal 0.0490667 -0.998796 0
    outer loop
      vertex 25 2 10
      vertex 25.1716 2.00843 17.1716
      vertex 25 2 17.3609
    endloop
  endfacet
  facet normal 0.0490567 -0.998796 2.39245e-07
    outer loop
      vertex 25 2 10
      vertex 25.3921 2.01926 16.9717
      vertex 25.1716 2.00843 17.1716
    endloop
  endfacet
  facet normal 0.049061 -0.998796 0
    outer loop
      vertex 25.3921 2.01926 16.9717
      vertex 25 2 10
      vertex 25.3921 2.01926 10
    endloop
  endfacet
  facet normal -0.146737 0.989176 0
    outer loop
      vertex 8.60793 23.9807 10
      vertex 8.21964 23.9231 18
      vertex 8.60793 23.9807 18
    endloop
  endfacet
  facet normal -0.146737 0.989176 0
    outer loop
      vertex 8.21964 23.9231 18
      vertex 8.60793 23.9807 10
      vertex 8.21964 23.9231 10
    endloop
  endfacet
  facet normal -0.242787 0.97008 0
    outer loop
      vertex 8.21964 23.9231 10
      vertex 7.83886 23.8278 18
      vertex 8.21964 23.9231 18
    endloop
  endfacet
  facet normal -0.242787 0.97008 0
    outer loop
      vertex 7.83886 23.8278 18
      vertex 8.21964 23.9231 10
      vertex 7.83886 23.8278 10
    endloop
  endfacet
  facet normal -0.595708 -0.803201 0
    outer loop
      vertex 6.46243 2.90796 10
      vertex 6.77772 2.67412 18
      vertex 6.46243 2.90796 18
    endloop
  endfacet
  facet normal -0.595708 -0.803201 -0
    outer loop
      vertex 6.77772 2.67412 18
      vertex 6.46243 2.90796 10
      vertex 6.77772 2.67412 10
    endloop
  endfacet
  facet normal -0.998796 0.049061 0
    outer loop
      vertex 5 20 10
      vertex 5.01926 20.3921 18
      vertex 5.01926 20.3921 10
    endloop
  endfacet
  facet normal -0.998796 0.049061 0
    outer loop
      vertex 5.01926 20.3921 18
      vertex 5 20 10
      vertex 5 20 18
    endloop
  endfacet
  facet normal -1 0 0
    outer loop
      vertex 5 6 10
      vertex 5 20 18
      vertex 5 20 10
    endloop
  endfacet
  facet normal -1 -0 0
    outer loop
      vertex 5 20 18
      vertex 5 6 10
      vertex 5 6 18
    endloop
  endfacet
  facet normal 0 0 1
    outer loop
      vertex 26.1611 23.8278 18
      vertex 26.4693 23.6955 18
      vertex 26.5 23.7065 18
    endloop
  endfacet
  facet normal 0 0 1
    outer loop
      vertex 26.1611 23.8278 18
      vertex 26.1144 23.5277 18
      vertex 26.4693 23.6955 18
    endloop
  endfacet
  facet normal 0 0 1
    outer loop
      vertex 25.7804 23.9231 18
      vertex 26.1144 23.5277 18
      vertex 26.1611 23.8278 18
    endloop
  endfacet
  facet normal 0 0 1
    outer loop
      vertex 25.7804 23.9231 18
      vertex 25.7777 23.3259 18
      vertex 26.1144 23.5277 18
    endloop
  endfacet
  facet normal 0 0 1
    outer loop
      vertex 25.3921 23.9807 18
      vertex 25.7777 23.3259 18
      vertex 25.7804 23.9231 18
    endloop
  endfacet
  facet normal 0 0 1
    outer loop
      vertex 25.7777 23.3259 18
      vertex 25.3921 23.9807 18
      vertex 25.4624 23.092 18
    endloop
  endfacet
  facet normal 0 0 1
    outer loop
      vertex 25 24 18
      vertex 25.4624 23.092 18
      vertex 25.3921 23.9807 18
    endloop
  endfacet
  facet normal 0 0 1
    outer loop
      vertex 25.4624 23.092 18
      vertex 25 24 18
      vertex 25.1716 22.8284 18
    endloop
  endfacet
  facet normal 0 0 1
    outer loop
      vertex 25 24 18
      vertex 24.908 22.5376 18
      vertex 25.1716 22.8284 18
    endloop
  endfacet
  facet normal 0 0 1
    outer loop
      vertex 25 24 18
      vertex 24.6741 22.2223 18
      vertex 24.908 22.5376 18
    endloop
  endfacet
  facet normal 0 0 1
    outer loop
      vertex 25 24 18
      vertex 24.4723 21.8856 18
      vertex 24.6741 22.2223 18
    endloop
  endfacet
  facet normal 0 0 1
    outer loop
      vertex 25 24 18
      vertex 24.3045 21.5307 18
      vertex 24.4723 21.8856 18
    endloop
  endfacet
  facet normal -0 0 1
    outer loop
      vertex 9 24 18
      vertex 24.3045 21.5307 18
      vertex 25 24 18
    endloop
  endfacet
  facet normal 0 0 1
    outer loop
      vertex 24.5409 12 18
      vertex 9 2 18
      vertex 24.1722 7.16114 18
    endloop
  endfacet
  facet normal 0 0 1
    outer loop
      vertex 24.0193 20.3921 18
      vertex 9 24 18
      vertex 24 20 18
    endloop
  endfacet
  facet normal 0 0 1
    outer loop
      vertex 24.0769 20.7804 18
      vertex 9 24 18
      vertex 24.0193 20.3921 18
    endloop
  endfacet
  facet normal 0 0 1
    outer loop
      vertex 24.1722 21.1611 18
      vertex 9 24 18
      vertex 24.0769 20.7804 18
    endloop
  endfacet
  facet normal 0 0 1
    outer loop
      vertex 24.3045 21.5307 18
      vertex 9 24 18
      vertex 24.1722 21.1611 18
    endloop
  endfacet
  facet normal 0 0 1
    outer loop
      vertex 24.5409 18 18
      vertex 24.4723 18.1144 18
      vertex 24.5409 12 18
    endloop
  endfacet
  facet normal 0 0 1
    outer loop
      vertex 29 12 18
      vertex 25.131 10 18
      vertex 29 10 18
    endloop
  endfacet
  facet normal 0 0 1
    outer loop
      vertex 25.131 10 18
      vertex 24.908 8.53757 18
      vertex 25.131 8.78368 18
    endloop
  endfacet
  facet normal 0 0 1
    outer loop
      vertex 25.131 10 18
      vertex 24.6741 8.22228 18
      vertex 24.908 8.53757 18
    endloop
  endfacet
  facet normal -0 0 1
    outer loop
      vertex 24.5409 12 18
      vertex 25.131 10 18
      vertex 29 12 18
    endloop
  endfacet
  facet normal 0 0 1
    outer loop
      vertex 24.5409 12 18
      vertex 24.6741 8.22228 18
      vertex 25.131 10 18
    endloop
  endfacet
  facet normal 0 0 1
    outer loop
      vertex 24.5409 12 18
      vertex 24.4723 7.88559 18
      vertex 24.6741 8.22228 18
    endloop
  endfacet
  facet normal 0 0 1
    outer loop
      vertex 24.3045 18.4693 18
      vertex 24.5409 12 18
      vertex 24.4723 18.1144 18
    endloop
  endfacet
  facet normal 0 0 1
    outer loop
      vertex 9 24 18
      vertex 24.3045 18.4693 18
      vertex 24.1722 18.8389 18
    endloop
  endfacet
  facet normal 0 0 1
    outer loop
      vertex 24.5409 12 18
      vertex 24.3045 7.53073 18
      vertex 24.4723 7.88559 18
    endloop
  endfacet
  facet normal 0 0 1
    outer loop
      vertex 9 24 18
      vertex 24.1722 18.8389 18
      vertex 24.0769 19.2196 18
    endloop
  endfacet
  facet normal 0 0 1
    outer loop
      vertex 24.5409 12 18
      vertex 24.1722 7.16114 18
      vertex 24.3045 7.53073 18
    endloop
  endfacet
  facet normal 0 0 1
    outer loop
      vertex 24.3045 18.4693 18
      vertex 9 24 18
      vertex 24.5409 12 18
    endloop
  endfacet
  facet normal -0 0 1
    outer loop
      vertex 5 20 18
      vertex 24.5409 12 18
      vertex 9 24 18
    endloop
  endfacet
  facet normal 0 0 1
    outer loop
      vertex 9 24 18
      vertex 24.0769 19.2196 18
      vertex 24.0193 19.6079 18
    endloop
  endfacet
  facet normal 0 0 1
    outer loop
      vertex 5 6 18
      vertex 24.5409 12 18
      vertex 5 20 18
    endloop
  endfacet
  facet normal 0 0 1
    outer loop
      vertex 9 24 18
      vertex 24.0193 19.6079 18
      vertex 24 20 18
    endloop
  endfacet
  facet normal 0 -0 1
    outer loop
      vertex 9 2 18
      vertex 24.5409 12 18
      vertex 5 6 18
    endloop
  endfacet
  facet normal 0 0 1
    outer loop
      vertex 24.4723 4.11441 18
      vertex 24.5409 2 18
      vertex 24.5409 4 18
    endloop
  endfacet
  facet normal 0 0 1
    outer loop
      vertex 24.3045 4.46927 18
      vertex 24.5409 2 18
      vertex 24.4723 4.11441 18
    endloop
  endfacet
  facet normal 0 0 1
    outer loop
      vertex 24.1722 4.83886 18
      vertex 24.5409 2 18
      vertex 24.3045 4.46927 18
    endloop
  endfacet
  facet normal 0 0 1
    outer loop
      vertex 9 2 18
      vertex 24.1722 4.83886 18
      vertex 24.0769 5.21964 18
    endloop
  endfacet
  facet normal 0 0 1
    outer loop
      vertex 9 2 18
      vertex 24.0769 5.21964 18
      vertex 24.0193 5.60793 18
    endloop
  endfacet
  facet normal 0 0 1
    outer loop
      vertex 24.1722 7.16114 18
      vertex 9 2 18
      vertex 24.0769 6.78036 18
    endloop
  endfacet
  facet normal 0 0 1
    outer loop
      vertex 24.0769 6.78036 18
      vertex 9 2 18
      vertex 24.0193 6.39207 18
    endloop
  endfacet
  facet normal 0 0 1
    outer loop
      vertex 24.1722 4.83886 18
      vertex 9 2 18
      vertex 24.5409 2 18
    endloop
  endfacet
  facet normal 0 0 1
    outer loop
      vertex 5 20 18
      vertex 9 24 18
      vertex 8.60793 23.9807 18
    endloop
  endfacet
  facet normal 0 0 1
    outer loop
      vertex 24.0193 6.39207 18
      vertex 9 2 18
      vertex 24 6 18
    endloop
  endfacet
  facet normal 0 0 1
    outer loop
      vertex 5 20 18
      vertex 8.60793 23.9807 18
      vertex 8.21964 23.9231 18
    endloop
  endfacet
  facet normal 0 0 1
    outer loop
      vertex 24 6 18
      vertex 9 2 18
      vertex 24.0193 5.60793 18
    endloop
  endfacet
  facet normal 0 0 1
    outer loop
      vertex 5 20 18
      vertex 8.21964 23.9231 18
      vertex 7.83886 23.8278 18
    endloop
  endfacet
  facet normal 0 0 1
    outer loop
      vertex 9 2 18
      vertex 5 6 18
      vertex 8.60793 2.01926 18
    endloop
  endfacet
  facet normal 0 0 1
    outer loop
      vertex 5 20 18
      vertex 7.83886 23.8278 18
      vertex 7.46927 23.6955 18
    endloop
  endfacet
  facet normal 0 0 1
    outer loop
      vertex 8.60793 2.01926 18
      vertex 5 6 18
      vertex 8.21964 2.07686 18
    endloop
  endfacet
  facet normal 0 0 1
    outer loop
      vertex 5 20 18
      vertex 7.46927 23.6955 18
      vertex 7.11441 23.5277 18
    endloop
  endfacet
  facet normal 0 0 1
    outer loop
      vertex 8.21964 2.07686 18
      vertex 5 6 18
      vertex 7.83886 2.17224 18
    endloop
  endfacet
  facet normal 0 0 1
    outer loop
      vertex 5 20 18
      vertex 7.11441 23.5277 18
      vertex 6.77772 23.3259 18
    endloop
  endfacet
  facet normal 0 0 1
    outer loop
      vertex 7.83886 2.17224 18
      vertex 5 6 18
      vertex 7.46927 2.30448 18
    endloop
  endfacet
  facet normal 0 0 1
    outer loop
      vertex 5 20 18
      vertex 6.77772 23.3259 18
      vertex 6.46243 23.092 18
    endloop
  endfacet
  facet normal 0 0 1
    outer loop
      vertex 7.46927 2.30448 18
      vertex 5 6 18
      vertex 7.11441 2.47231 18
    endloop
  endfacet
  facet normal 0 0 1
    outer loop
      vertex 5 20 18
      vertex 6.46243 23.092 18
      vertex 6.17157 22.8284 18
    endloop
  endfacet
  facet normal 0 0 1
    outer loop
      vertex 7.11441 2.47231 18
      vertex 5 6 18
      vertex 6.77772 2.67412 18
    endloop
  endfacet
  facet normal 0 0 1
    outer loop
      vertex 5 20 18
      vertex 6.17157 22.8284 18
      vertex 5.90796 22.5376 18
    endloop
  endfacet
  facet normal 0 0 1
    outer loop
      vertex 6.77772 2.67412 18
      vertex 5 6 18
      vertex 6.46243 2.90796 18
    endloop
  endfacet
  facet normal 0 0 1
    outer loop
      vertex 5 20 18
      vertex 5.90796 22.5376 18
      vertex 5.67412 22.2223 18
    endloop
  endfacet
  facet normal 0 0 1
    outer loop
      vertex 6.46243 2.90796 18
      vertex 5 6 18
      vertex 6.17157 3.17157 18
    endloop
  endfacet
  facet normal 0 0 1
    outer loop
      vertex 5 20 18
      vertex 5.67412 22.2223 18
      vertex 5.47231 21.8856 18
    endloop
  endfacet
  facet normal 0 0 1
    outer loop
      vertex 6.17157 3.17157 18
      vertex 5 6 18
      vertex 5.90796 3.46243 18
    endloop
  endfacet
  facet normal 0 0 1
    outer loop
      vertex 5 20 18
      vertex 5.47231 21.8856 18
      vertex 5.30448 21.5307 18
    endloop
  endfacet
  facet normal 0 0 1
    outer loop
      vertex 5.90796 3.46243 18
      vertex 5 6 18
      vertex 5.67412 3.77772 18
    endloop
  endfacet
  facet normal 0 0 1
    outer loop
      vertex 5 20 18
      vertex 5.30448 21.5307 18
      vertex 5.17224 21.1611 18
    endloop
  endfacet
  facet normal 0 0 1
    outer loop
      vertex 5.67412 3.77772 18
      vertex 5 6 18
      vertex 5.47231 4.11441 18
    endloop
  endfacet
  facet normal 0 0 1
    outer loop
      vertex 5 20 18
      vertex 5.17224 21.1611 18
      vertex 5.07686 20.7804 18
    endloop
  endfacet
  facet normal 0 0 1
    outer loop
      vertex 5.47231 4.11441 18
      vertex 5 6 18
      vertex 5.30448 4.46927 18
    endloop
  endfacet
  facet normal 0 0 1
    outer loop
      vertex 5 20 18
      vertex 5.07686 20.7804 18
      vertex 5.01926 20.3921 18
    endloop
  endfacet
  facet normal 0 0 1
    outer loop
      vertex 5.30448 4.46927 18
      vertex 5 6 18
      vertex 5.17224 4.83886 18
    endloop
  endfacet
  facet normal 0 0 1
    outer loop
      vertex 5.17224 4.83886 18
      vertex 5 6 18
      vertex 5.07686 5.21964 18
    endloop
  endfacet
  facet normal 0 0 1
    outer loop
      vertex 5.07686 5.21964 18
      vertex 5 6 18
      vertex 5.01926 5.60793 18
    endloop
  endfacet
  facet normal -0.970019 0.243027 0
    outer loop
      vertex 5.07686 20.7804 10
      vertex 5.17224 21.1611 18
      vertex 5.17224 21.1611 10
    endloop
  endfacet
  facet normal -0.970019 0.243027 0
    outer loop
      vertex 5.17224 21.1611 18
      vertex 5.07686 20.7804 10
      vertex 5.07686 20.7804 18
    endloop
  endfacet
  facet normal 0.146895 -0.989152 0
    outer loop
      vertex 25.3921 2.01926 10
      vertex 25.4624 2.0297 16.908
      vertex 25.3921 2.01926 16.9717
    endloop
  endfacet
  facet normal 0.146731 -0.989176 1.71328e-06
    outer loop
      vertex 25.3921 2.01926 10
      vertex 25.7777 2.07647 16.6741
      vertex 25.4624 2.0297 16.908
    endloop
  endfacet
  facet normal 0.143087 -0.98971 0.000216826
    outer loop
      vertex 25.3921 2.01926 10
      vertex 25.7804 2.07686 16.6725
      vertex 25.7777 2.07647 16.6741
    endloop
  endfacet
  facet normal 0.146733 -0.989176 0
    outer loop
      vertex 25.7804 2.07686 16.6725
      vertex 25.3921 2.01926 10
      vertex 25.7804 2.07686 10
    endloop
  endfacet
  facet normal -0.903995 -0.427542 0
    outer loop
      vertex 5.47231 4.11441 10
      vertex 5.30448 4.46927 18
      vertex 5.30448 4.46927 10
    endloop
  endfacet
  facet normal -0.903995 -0.427542 0
    outer loop
      vertex 5.30448 4.46927 18
      vertex 5.47231 4.11441 10
      vertex 5.47231 4.11441 18
    endloop
  endfacet
  facet normal 0 1 -0
    outer loop
      vertex 25 24 10
      vertex 9 24 18
      vertex 25 24 18
    endloop
  endfacet
  facet normal 0 1 0
    outer loop
      vertex 9 24 18
      vertex 25 24 10
      vertex 9 24 10
    endloop
  endfacet
  facet normal 0.242835 0.970068 -0
    outer loop
      vertex 26.1611 23.8278 10
      vertex 25.7804 23.9231 18
      vertex 26.1611 23.8278 18
    endloop
  endfacet
  facet normal 0.242835 0.970068 0
    outer loop
      vertex 25.7804 23.9231 18
      vertex 26.1611 23.8278 10
      vertex 25.7804 23.9231 10
    endloop
  endfacet
  facet normal 0.0491626 0.998791 -0
    outer loop
      vertex 25.3921 23.9807 10
      vertex 25 24 18
      vertex 25.3921 23.9807 18
    endloop
  endfacet
  facet normal 0.0491626 0.998791 0
    outer loop
      vertex 25 24 18
      vertex 25.3921 23.9807 10
      vertex 25 24 10
    endloop
  endfacet
  facet normal -0.904014 0.427503 0
    outer loop
      vertex 5.30448 21.5307 10
      vertex 5.47231 21.8856 18
      vertex 5.47231 21.8856 10
    endloop
  endfacet
  facet normal -0.904014 0.427503 0
    outer loop
      vertex 5.47231 21.8856 18
      vertex 5.30448 21.5307 10
      vertex 5.30448 21.5307 18
    endloop
  endfacet
  facet normal -0.595806 0.803128 0
    outer loop
      vertex 6.77772 23.3259 10
      vertex 6.46243 23.092 18
      vertex 6.77772 23.3259 18
    endloop
  endfacet
  facet normal -0.595806 0.803128 0
    outer loop
      vertex 6.46243 23.092 18
      vertex 6.77772 23.3259 10
      vertex 6.46243 23.092 10
    endloop
  endfacet
  facet normal -0.671531 0.740977 0
    outer loop
      vertex 6.46243 23.092 10
      vertex 6.17157 22.8284 18
      vertex 6.46243 23.092 18
    endloop
  endfacet
  facet normal -0.671531 0.740977 0
    outer loop
      vertex 6.17157 22.8284 18
      vertex 6.46243 23.092 10
      vertex 6.17157 22.8284 10
    endloop
  endfacet
  facet normal -0.857729 0.514102 0
    outer loop
      vertex 5.47231 21.8856 10
      vertex 5.67412 22.2223 18
      vertex 5.67412 22.2223 10
    endloop
  endfacet
  facet normal -0.857729 0.514102 0
    outer loop
      vertex 5.67412 22.2223 18
      vertex 5.47231 21.8856 10
      vertex 5.47231 21.8856 18
    endloop
  endfacet
  facet normal -0.146737 -0.989176 0
    outer loop
      vertex 8.21964 2.07686 10
      vertex 8.60793 2.01926 18
      vertex 8.21964 2.07686 18
    endloop
  endfacet
  facet normal -0.146737 -0.989176 -0
    outer loop
      vertex 8.60793 2.01926 18
      vertex 8.21964 2.07686 10
      vertex 8.60793 2.01926 10
    endloop
  endfacet
  facet normal -0.0490647 -0.998796 0
    outer loop
      vertex 8.60793 2.01926 10
      vertex 9 2 18
      vertex 8.60793 2.01926 18
    endloop
  endfacet
  facet normal -0.0490647 -0.998796 -0
    outer loop
      vertex 9 2 18
      vertex 8.60793 2.01926 10
      vertex 9 2 10
    endloop
  endfacet
  facet normal 0 -1 0
    outer loop
      vertex 9 2 10
      vertex 24.5409 2 18
      vertex 9 2 18
    endloop
  endfacet
  facet normal 0 -1 0
    outer loop
      vertex 25 2 10
      vertex 24.5409 2 18
      vertex 9 2 10
    endloop
  endfacet
  facet normal 0 -1 0
    outer loop
      vertex 24.5409 2 18
      vertex 25 2 10
      vertex 24.6741 2 17.7777
    endloop
  endfacet
  facet normal 0 -1 0
    outer loop
      vertex 24.6741 2 17.7777
      vertex 25 2 10
      vertex 24.908 2 17.4624
    endloop
  endfacet
  facet normal 0 -1 0
    outer loop
      vertex 24.908 2 17.4624
      vertex 25 2 10
      vertex 25 2 17.3609
    endloop
  endfacet
  facet normal -0.989176 0.146733 0
    outer loop
      vertex 5.01926 20.3921 10
      vertex 5.07686 20.7804 18
      vertex 5.07686 20.7804 10
    endloop
  endfacet
  facet normal -0.989176 0.146733 0
    outer loop
      vertex 5.07686 20.7804 18
      vertex 5.01926 20.3921 10
      vertex 5.01926 20.3921 18
    endloop
  endfacet
  facet normal -0.671545 -0.740964 0
    outer loop
      vertex 6.17157 3.17157 10
      vertex 6.46243 2.90796 18
      vertex 6.17157 3.17157 18
    endloop
  endfacet
  facet normal -0.671545 -0.740964 -0
    outer loop
      vertex 6.46243 2.90796 18
      vertex 6.17157 3.17157 10
      vertex 6.46243 2.90796 10
    endloop
  endfacet
  facet normal -0.740895 0.671621 0
    outer loop
      vertex 5.90796 22.5376 10
      vertex 6.17157 22.8284 18
      vertex 6.17157 22.8284 10
    endloop
  endfacet
  facet normal -0.740895 0.671621 0
    outer loop
      vertex 6.17157 22.8284 18
      vertex 5.90796 22.5376 10
      vertex 5.90796 22.5376 18
    endloop
  endfacet
  facet normal -0.80321 0.595695 0
    outer loop
      vertex 5.67412 22.2223 10
      vertex 5.90796 22.5376 18
      vertex 5.90796 22.5376 10
    endloop
  endfacet
  facet normal -0.80321 0.595695 0
    outer loop
      vertex 5.90796 22.5376 18
      vertex 5.67412 22.2223 10
      vertex 5.67412 22.2223 18
    endloop
  endfacet
  facet normal -0.336887 -0.941545 0
    outer loop
      vertex 7.46927 2.30448 10
      vertex 7.83886 2.17224 18
      vertex 7.46927 2.30448 18
    endloop
  endfacet
  facet normal -0.336887 -0.941545 -0
    outer loop
      vertex 7.83886 2.17224 18
      vertex 7.46927 2.30448 10
      vertex 7.83886 2.17224 10
    endloop
  endfacet
  facet normal -0.941548 0.336879 0
    outer loop
      vertex 5.17224 21.1611 10
      vertex 5.30448 21.5307 18
      vertex 5.30448 21.5307 10
    endloop
  endfacet
  facet normal -0.941548 0.336879 0
    outer loop
      vertex 5.30448 21.5307 18
      vertex 5.17224 21.1611 10
      vertex 5.17224 21.1611 18
    endloop
  endfacet
  facet normal 0.33682 -0.941569 0
    outer loop
      vertex 26.1611 2.17224 10
      vertex 26.4693 2.28249 16.3045
      vertex 26.1611 2.17224 16.4502
    endloop
  endfacet
  facet normal 0.337032 -0.941493 -1.16791e-05
    outer loop
      vertex 26.1611 2.17224 10
      vertex 26.5 2.29348 16.2935
      vertex 26.4693 2.28249 16.3045
    endloop
  endfacet
  facet normal 0.33684 -0.941562 0
    outer loop
      vertex 26.5 2.29348 16.2935
      vertex 26.1611 2.17224 10
      vertex 26.5 2.29348 10
    endloop
  endfacet
  facet normal -0.0491664 0.998791 0
    outer loop
      vertex 9 24 10
      vertex 8.60793 23.9807 18
      vertex 9 24 18
    endloop
  endfacet
  facet normal -0.0491664 0.998791 0
    outer loop
      vertex 8.60793 23.9807 18
      vertex 9 24 10
      vertex 8.60793 23.9807 10
    endloop
  endfacet
  facet normal 0.336987 0.941509 -0
    outer loop
      vertex 26.5 23.7065 10
      vertex 26.1611 23.8278 18
      vertex 26.5 23.7065 18
    endloop
  endfacet
  facet normal 0.336987 0.941509 0
    outer loop
      vertex 26.1611 23.8278 18
      vertex 26.5 23.7065 10
      vertex 26.1611 23.8278 10
    endloop
  endfacet
  facet normal 0.243 -0.970026 0
    outer loop
      vertex 25.7804 2.07686 10
      vertex 26.1144 2.16053 16.4723
      vertex 25.7804 2.07686 16.6725
    endloop
  endfacet
  facet normal 0.243215 -0.969973 -1.17504e-05
    outer loop
      vertex 25.7804 2.07686 10
      vertex 26.1611 2.17224 16.4502
      vertex 26.1144 2.16053 16.4723
    endloop
  endfacet
  facet normal 0.243027 -0.970019 0
    outer loop
      vertex 26.1611 2.17224 16.4502
      vertex 25.7804 2.07686 10
      vertex 26.1611 2.17224 10
    endloop
  endfacet
  facet normal -0.337022 0.941497 0
    outer loop
      vertex 7.83886 23.8278 10
      vertex 7.46927 23.6955 18
      vertex 7.83886 23.8278 18
    endloop
  endfacet
  facet normal -0.337022 0.941497 0
    outer loop
      vertex 7.46927 23.6955 18
      vertex 7.83886 23.8278 10
      vertex 7.46927 23.6955 10
    endloop
  endfacet
  facet normal -0.242979 -0.970032 0
    outer loop
      vertex 7.83886 2.17224 10
      vertex 8.21964 2.07686 18
      vertex 7.83886 2.17224 18
    endloop
  endfacet
  facet normal -0.242979 -0.970032 -0
    outer loop
      vertex 8.21964 2.07686 18
      vertex 7.83886 2.17224 10
      vertex 8.21964 2.07686 10
    endloop
  endfacet
  facet normal -0.970032 -0.242979 0
    outer loop
      vertex 5.17224 4.83886 10
      vertex 5.07686 5.21964 18
      vertex 5.07686 5.21964 10
    endloop
  endfacet
  facet normal -0.970032 -0.242979 0
    outer loop
      vertex 5.07686 5.21964 18
      vertex 5.17224 4.83886 10
      vertex 5.17224 4.83886 18
    endloop
  endfacet
  facet normal 0.146733 0.989176 -0
    outer loop
      vertex 25.7804 23.9231 10
      vertex 25.3921 23.9807 18
      vertex 25.7804 23.9231 18
    endloop
  endfacet
  facet normal 0.146733 0.989176 0
    outer loop
      vertex 25.3921 23.9807 18
      vertex 25.7804 23.9231 10
      vertex 25.3921 23.9807 10
    endloop
  endfacet
  facet normal -0.740964 -0.671545 0
    outer loop
      vertex 6.17157 3.17157 10
      vertex 5.90796 3.46243 18
      vertex 5.90796 3.46243 10
    endloop
  endfacet
  facet normal -0.740964 -0.671545 0
    outer loop
      vertex 5.90796 3.46243 18
      vertex 6.17157 3.17157 10
      vertex 6.17157 3.17157 18
    endloop
  endfacet
  facet normal -0.42748 0.904025 0
    outer loop
      vertex 7.46927 23.6955 10
      vertex 7.11441 23.5277 18
      vertex 7.46927 23.6955 18
    endloop
  endfacet
  facet normal -0.42748 0.904025 0
    outer loop
      vertex 7.11441 23.5277 18
      vertex 7.46927 23.6955 10
      vertex 7.11441 23.5277 10
    endloop
  endfacet
  facet normal -0.803201 -0.595708 0
    outer loop
      vertex 5.90796 3.46243 10
      vertex 5.67412 3.77772 18
      vertex 5.67412 3.77772 10
    endloop
  endfacet
  facet normal -0.803201 -0.595708 0
    outer loop
      vertex 5.67412 3.77772 18
      vertex 5.90796 3.46243 10
      vertex 5.90796 3.46243 18
    endloop
  endfacet
  facet normal -0.427542 -0.903995 0
    outer loop
      vertex 7.11441 2.47231 10
      vertex 7.46927 2.30448 18
      vertex 7.11441 2.47231 18
    endloop
  endfacet
  facet normal -0.427542 -0.903995 -0
    outer loop
      vertex 7.46927 2.30448 18
      vertex 7.11441 2.47231 10
      vertex 7.46927 2.30448 10
    endloop
  endfacet
  facet normal -0.514114 -0.857722 0
    outer loop
      vertex 6.77772 2.67412 10
      vertex 7.11441 2.47231 18
      vertex 6.77772 2.67412 18
    endloop
  endfacet
  facet normal -0.514114 -0.857722 -0
    outer loop
      vertex 7.11441 2.47231 18
      vertex 6.77772 2.67412 10
      vertex 7.11441 2.47231 10
    endloop
  endfacet
  facet normal -0.857722 -0.514114 0
    outer loop
      vertex 5.67412 3.77772 10
      vertex 5.47231 4.11441 18
      vertex 5.47231 4.11441 10
    endloop
  endfacet
  facet normal -0.857722 -0.514114 0
    outer loop
      vertex 5.47231 4.11441 18
      vertex 5.67412 3.77772 10
      vertex 5.67412 3.77772 18
    endloop
  endfacet
  facet normal -0.989176 -0.146737 0
    outer loop
      vertex 24.0769 5.21964 20.7804
      vertex 24.0193 5.60793 38
      vertex 24.0193 5.60793 20.3921
    endloop
  endfacet
  facet normal -0.989176 -0.146737 0
    outer loop
      vertex 24.0193 5.60793 38
      vertex 24.0769 5.21964 20.7804
      vertex 24.0769 5.21964 38
    endloop
  endfacet
  facet normal -0.989176 -0.146737 -0
    outer loop
      vertex 24.0769 5.21964 19.2196
      vertex 24.0193 5.60793 18
      vertex 24.0769 5.21964 18
    endloop
  endfacet
  facet normal -0.989176 -0.146737 0
    outer loop
      vertex 24.0193 5.60793 18
      vertex 24.0769 5.21964 19.2196
      vertex 24.0193 5.60793 19.6079
    endloop
  endfacet
  facet normal -0.998791 -0.0491664 0
    outer loop
      vertex 24.0193 5.60793 20.3921
      vertex 24 6 38
      vertex 24 6 20
    endloop
  endfacet
  facet normal -0.998791 -0.0491664 0
    outer loop
      vertex 24 6 38
      vertex 24.0193 5.60793 20.3921
      vertex 24.0193 5.60793 38
    endloop
  endfacet
  facet normal -0.998791 -0.0491664 -0
    outer loop
      vertex 24.0193 5.60793 19.6079
      vertex 24 6 18
      vertex 24.0193 5.60793 18
    endloop
  endfacet
  facet normal -0.998791 -0.0491664 0
    outer loop
      vertex 24 6 18
      vertex 24.0193 5.60793 19.6079
      vertex 24 6 20
    endloop
  endfacet
  facet normal 0 1 0
    outer loop
      vertex 34 10 38
      vertex 28 10 23.5
      vertex 28 10 38
    endloop
  endfacet
  facet normal 0 1 0
    outer loop
      vertex 29 10 18
      vertex 27.6569 10 23.4831
      vertex 28 10 23.5
    endloop
  endfacet
  facet normal 0 1 0
    outer loop
      vertex 27.6569 10 23.4831
      vertex 29 10 18
      vertex 27.3172 10 23.4327
    endloop
  endfacet
  facet normal 0 1 0
    outer loop
      vertex 27.3172 10 23.4327
      vertex 29 10 18
      vertex 26.984 10 23.3493
    endloop
  endfacet
  facet normal 0 1 0
    outer loop
      vertex 26.984 10 23.3493
      vertex 29 10 18
      vertex 26.6606 10 23.2336
    endloop
  endfacet
  facet normal 0 1 0
    outer loop
      vertex 26.6606 10 23.2336
      vertex 29 10 18
      vertex 26.3501 10 23.0867
    endloop
  endfacet
  facet normal 0 1 0
    outer loop
      vertex 26.3501 10 23.0867
      vertex 29 10 18
      vertex 26.0555 10 22.9101
    endloop
  endfacet
  facet normal 0 1 0
    outer loop
      vertex 26.0555 10 22.9101
      vertex 29 10 18
      vertex 25.7796 10 22.7055
    endloop
  endfacet
  facet normal 0 1 0
    outer loop
      vertex 25.7796 10 22.7055
      vertex 29 10 18
      vertex 25.5251 10 22.4749
    endloop
  endfacet
  facet normal 0 1 0
    outer loop
      vertex 25.5251 10 22.4749
      vertex 29 10 18
      vertex 25.2945 10 22.2204
    endloop
  endfacet
  facet normal 0 1 0
    outer loop
      vertex 25.2945 10 22.2204
      vertex 29 10 18
      vertex 25.0899 10 21.9445
    endloop
  endfacet
  facet normal 0 1 0
    outer loop
      vertex 25.0899 10 21.9445
      vertex 29 10 18
      vertex 24.9133 10 21.6499
    endloop
  endfacet
  facet normal 0 1 0
    outer loop
      vertex 24.9133 10 21.6499
      vertex 29 10 18
      vertex 24.7664 10 21.3394
    endloop
  endfacet
  facet normal 0 1 0
    outer loop
      vertex 24.7664 10 21.3394
      vertex 29 10 18
      vertex 24.6507 10 21.016
    endloop
  endfacet
  facet normal 0 1 0
    outer loop
      vertex 24.6507 10 21.016
      vertex 29 10 18
      vertex 24.5673 10 20.6828
    endloop
  endfacet
  facet normal 0 1 0
    outer loop
      vertex 24.5673 10 20.6828
      vertex 29 10 18
      vertex 24.5169 10 20.3431
    endloop
  endfacet
  facet normal 0 1 0
    outer loop
      vertex 24.5169 10 20.3431
      vertex 29 10 18
      vertex 24.5 10 20
    endloop
  endfacet
  facet normal 0 1 0
    outer loop
      vertex 24.5 10 20
      vertex 29 10 18
      vertex 24.5169 10 19.6569
    endloop
  endfacet
  facet normal 0 1 0
    outer loop
      vertex 24.5169 10 19.6569
      vertex 29 10 18
      vertex 24.5673 10 19.3172
    endloop
  endfacet
  facet normal 0 1 0
    outer loop
      vertex 24.5673 10 19.3172
      vertex 29 10 18
      vertex 24.6507 10 18.984
    endloop
  endfacet
  facet normal 0 1 0
    outer loop
      vertex 24.6507 10 18.984
      vertex 29 10 18
      vertex 24.7664 10 18.6606
    endloop
  endfacet
  facet normal 0 1 0
    outer loop
      vertex 24.7664 10 18.6606
      vertex 29 10 18
      vertex 24.9133 10 18.3501
    endloop
  endfacet
  facet normal 0 1 -0
    outer loop
      vertex 25.131 10 18
      vertex 24.9133 10 18.3501
      vertex 29 10 18
    endloop
  endfacet
  facet normal 0 1 -0
    outer loop
      vertex 34 10 17
      vertex 28 10 23.5
      vertex 34 10 38
    endloop
  endfacet
  facet normal 0 1 0
    outer loop
      vertex 28 10 23.5
      vertex 34 10 17
      vertex 29 10 18
    endloop
  endfacet
  facet normal 0 1 0
    outer loop
      vertex 29 10 18
      vertex 34 10 17
      vertex 29 10 17
    endloop
  endfacet
  facet normal 0 1 0
    outer loop
      vertex 24.9133 10 18.3501
      vertex 25.131 10 18
      vertex 25.0899 10 18.0555
    endloop
  endfacet
  facet normal 0 1 0
    outer loop
      vertex 92 10 38
      vertex 89 10 16
      vertex 89 10 38
    endloop
  endfacet
  facet normal 0 1 0
    outer loop
      vertex 89 10 16
      vertex 84 10 11
      vertex 40 10 16
    endloop
  endfacet
  facet normal 0 1 -0
    outer loop
      vertex 92 10 10
      vertex 89 10 16
      vertex 92 10 38
    endloop
  endfacet
  facet normal 0 1 0
    outer loop
      vertex 92 10 10
      vertex 84 10 11
      vertex 89 10 16
    endloop
  endfacet
  facet normal 0 1 0
    outer loop
      vertex 84 10 11
      vertex 92 10 10
      vertex 84 10 10
    endloop
  endfacet
  facet normal 0 1 0
    outer loop
      vertex 40 10 16
      vertex 84 10 11
      vertex 40 10 11
    endloop
  endfacet
  facet normal 0 1 -0
    outer loop
      vertex 84 10 10
      vertex 40 10 11
      vertex 84 10 11
    endloop
  endfacet
  facet normal 0 1 -0
    outer loop
      vertex 84 10 0
      vertex 40 10 11
      vertex 84 10 10
    endloop
  endfacet
  facet normal 0 1 0
    outer loop
      vertex 40 10 11
      vertex 84 10 0
      vertex 28 10 0
    endloop
  endfacet
  facet normal 0 1 0
    outer loop
      vertex 40 10 11
      vertex 28 10 0
      vertex 28 10 11
    endloop
  endfacet
  facet normal -0.671621 -0.740895 0
    outer loop
      vertex 25.1716 3.17157 38
      vertex 25.4624 2.90796 23.092
      vertex 25.4624 2.90796 38
    endloop
  endfacet
  facet normal -0.671621 -0.740895 0
    outer loop
      vertex 25.4624 2.90796 23.092
      vertex 25.1716 3.17157 38
      vertex 25.1716 3.17157 22.8284
    endloop
  endfacet
  facet normal -0.514102 -0.857729 0
    outer loop
      vertex 25.7777 2.67412 38
      vertex 26.1144 2.47231 23.5277
      vertex 26.1144 2.47231 38
    endloop
  endfacet
  facet normal -0.514102 -0.857729 0
    outer loop
      vertex 26.1144 2.47231 23.5277
      vertex 25.7777 2.67412 38
      vertex 25.7777 2.67412 23.3259
    endloop
  endfacet
  facet normal 0.049061 0.998796 -0
    outer loop
      vertex 92.3921 9.98074 10
      vertex 92 10 38
      vertex 92.3921 9.98074 38
    endloop
  endfacet
  facet normal 0.049061 0.998796 0
    outer loop
      vertex 92 10 38
      vertex 92.3921 9.98074 10
      vertex 92 10 10
    endloop
  endfacet
  facet normal -0.941497 0.337022 0
    outer loop
      vertex 24.1722 7.16114 18
      vertex 24.3045 7.53073 38
      vertex 24.3045 7.53073 18
    endloop
  endfacet
  facet normal -0.941497 0.337022 0
    outer loop
      vertex 24.3045 7.53073 38
      vertex 24.1722 7.16114 18
      vertex 24.1722 7.16114 38
    endloop
  endfacet
  facet normal -0.146733 -0.989176 0
    outer loop
      vertex 27.2196 2.07686 10
      vertex 27.6079 2.01926 16.0193
      vertex 27.2196 2.07686 16.0769
    endloop
  endfacet
  facet normal -0.146733 -0.989176 -0
    outer loop
      vertex 27.6079 2.01926 16.0193
      vertex 27.2196 2.07686 10
      vertex 27.6079 2.01926 10
    endloop
  endfacet
  facet normal -0.146733 -0.989176 0
    outer loop
      vertex 27.2196 2.07686 38
      vertex 27.6079 2.01926 23.9807
      vertex 27.6079 2.01926 38
    endloop
  endfacet
  facet normal -0.146733 -0.989176 0
    outer loop
      vertex 27.6079 2.01926 23.9807
      vertex 27.2196 2.07686 38
      vertex 27.2196 2.07686 23.9231
    endloop
  endfacet
  facet normal -0.857733 -0.514095 0
    outer loop
      vertex 24.6741 3.77772 22.2223
      vertex 24.4723 4.11441 38
      vertex 24.4723 4.11441 21.8856
    endloop
  endfacet
  facet normal -0.857733 -0.514095 0
    outer loop
      vertex 24.4723 4.11441 38
      vertex 24.6741 3.77772 22.2223
      vertex 24.6741 3.77772 38
    endloop
  endfacet
  facet normal -0.857645 -0.514242 -0
    outer loop
      vertex 24.4723 4.11441 18.1144
      vertex 24.4723 4.11441 18
      vertex 24.5409 4 18
    endloop
  endfacet
  facet normal -0.998791 0.0491664 0
    outer loop
      vertex 24 6 20
      vertex 24.0193 6.39207 18
      vertex 24 6 18
    endloop
  endfacet
  facet normal -0.998791 0.0491664 0
    outer loop
      vertex 24.0193 6.39207 18
      vertex 24 6 20
      vertex 24.0193 6.39207 38
    endloop
  endfacet
  facet normal -0.998791 0.0491664 0
    outer loop
      vertex 24.0193 6.39207 38
      vertex 24 6 20
      vertex 24 6 38
    endloop
  endfacet
  facet normal 0.904025 -0.42748 0
    outer loop
      vertex 95.5277 4.11441 38
      vertex 95.6955 4.46927 10
      vertex 95.6955 4.46927 38
    endloop
  endfacet
  facet normal 0.904025 -0.42748 0
    outer loop
      vertex 95.6955 4.46927 10
      vertex 95.5277 4.11441 38
      vertex 95.5277 4.11441 10
    endloop
  endfacet
  facet normal -0.97008 0.242787 0
    outer loop
      vertex 24.0769 6.78036 18
      vertex 24.1722 7.16114 38
      vertex 24.1722 7.16114 18
    endloop
  endfacet
  facet normal -0.97008 0.242787 0
    outer loop
      vertex 24.1722 7.16114 38
      vertex 24.0769 6.78036 18
      vertex 24.0769 6.78036 38
    endloop
  endfacet
  facet normal 0.998791 -0.0491664 0
    outer loop
      vertex 95.9807 5.60793 38
      vertex 96 6 10
      vertex 96 6 38
    endloop
  endfacet
  facet normal 0.998791 -0.0491664 0
    outer loop
      vertex 96 6 10
      vertex 95.9807 5.60793 38
      vertex 95.9807 5.60793 10
    endloop
  endfacet
  facet normal 0.989176 -0.146737 0
    outer loop
      vertex 95.9231 5.21964 38
      vertex 95.9807 5.60793 10
      vertex 95.9807 5.60793 38
    endloop
  endfacet
  facet normal 0.989176 -0.146737 0
    outer loop
      vertex 95.9807 5.60793 10
      vertex 95.9231 5.21964 38
      vertex 95.9231 5.21964 10
    endloop
  endfacet
  facet normal -0.803081 0.59587 1.89439e-06
    outer loop
      vertex 24.6741 8.22228 38
      vertex 24.908 8.53757 21.6386
      vertex 24.7664 8.34673 21.3394
    endloop
  endfacet
  facet normal -0.803203 0.595706 0
    outer loop
      vertex 24.6741 8.22228 38
      vertex 24.7664 8.34673 21.3394
      vertex 24.6741 8.22228 21.0814
    endloop
  endfacet
  facet normal -0.803128 0.595806 0
    outer loop
      vertex 24.908 8.53757 21.6386
      vertex 24.6741 8.22228 38
      vertex 24.908 8.53757 38
    endloop
  endfacet
  facet normal -0.803128 0.595806 0
    outer loop
      vertex 24.6741 8.22228 18
      vertex 24.908 8.53757 18.3614
      vertex 24.908 8.53757 18
    endloop
  endfacet
  facet normal -0.803108 0.595834 -3.73167e-05
    outer loop
      vertex 24.908 8.53757 18.3614
      vertex 24.6741 8.22228 18
      vertex 24.7664 8.34673 18.6606
    endloop
  endfacet
  facet normal -0.803203 0.595706 0
    outer loop
      vertex 24.7664 8.34673 18.6606
      vertex 24.6741 8.22228 18
      vertex 24.6741 8.22228 18.9186
    endloop
  endfacet
  facet normal 0.049061 -0.998796 0
    outer loop
      vertex 92 2 10
      vertex 92.3921 2.01926 38
      vertex 92 2 38
    endloop
  endfacet
  facet normal 0.049061 -0.998796 0
    outer loop
      vertex 92.3921 2.01926 38
      vertex 92 2 10
      vertex 92.3921 2.01926 10
    endloop
  endfacet
  facet normal 0 -1 0
    outer loop
      vertex 28.3921 2 23.9807
      vertex 28 2 38
      vertex 28 2 24
    endloop
  endfacet
  facet normal 0 -1 0
    outer loop
      vertex 28.7804 2 23.9231
      vertex 28 2 38
      vertex 28.3921 2 23.9807
    endloop
  endfacet
  facet normal 0 -1 0
    outer loop
      vertex 29.1611 2 23.8278
      vertex 28 2 38
      vertex 28.7804 2 23.9231
    endloop
  endfacet
  facet normal 0 -1 0
    outer loop
      vertex 29.5307 2 23.6955
      vertex 28 2 38
      vertex 29.1611 2 23.8278
    endloop
  endfacet
  facet normal 0 -1 0
    outer loop
      vertex 29.8856 2 23.5277
      vertex 28 2 38
      vertex 29.5307 2 23.6955
    endloop
  endfacet
  facet normal 0 -1 0
    outer loop
      vertex 30.2223 2 23.3259
      vertex 28 2 38
      vertex 29.8856 2 23.5277
    endloop
  endfacet
  facet normal 0 -1 0
    outer loop
      vertex 30.5376 2 23.092
      vertex 28 2 38
      vertex 30.2223 2 23.3259
    endloop
  endfacet
  facet normal 0 -1 0
    outer loop
      vertex 30.8284 2 22.8284
      vertex 28 2 38
      vertex 30.5376 2 23.092
    endloop
  endfacet
  facet normal 0 -1 0
    outer loop
      vertex 31.092 2 22.5376
      vertex 28 2 38
      vertex 30.8284 2 22.8284
    endloop
  endfacet
  facet normal 0 -1 0
    outer loop
      vertex 31.3259 2 22.2223
      vertex 28 2 38
      vertex 31.092 2 22.5376
    endloop
  endfacet
  facet normal 0 -1 0
    outer loop
      vertex 31.5277 2 21.8856
      vertex 28 2 38
      vertex 31.3259 2 22.2223
    endloop
  endfacet
  facet normal 0 -1 0
    outer loop
      vertex 28 2 38
      vertex 31.5277 2 21.8856
      vertex 92 2 38
    endloop
  endfacet
  facet normal 0 -1 0
    outer loop
      vertex 31.6955 2 21.5307
      vertex 92 2 38
      vertex 31.5277 2 21.8856
    endloop
  endfacet
  facet normal 0 -1 0
    outer loop
      vertex 31.8278 2 21.1611
      vertex 92 2 38
      vertex 31.6955 2 21.5307
    endloop
  endfacet
  facet normal 0 -1 0
    outer loop
      vertex 31.9231 2 20.7804
      vertex 92 2 38
      vertex 31.8278 2 21.1611
    endloop
  endfacet
  facet normal 0 -1 0
    outer loop
      vertex 31.9807 2 20.3921
      vertex 92 2 38
      vertex 31.9231 2 20.7804
    endloop
  endfacet
  facet normal 0 -1 0
    outer loop
      vertex 92 2 10
      vertex 31.9807 2 20.3921
      vertex 32 2 20
    endloop
  endfacet
  facet normal 0 -1 0
    outer loop
      vertex 92 2 10
      vertex 32 2 20
      vertex 31.9807 2 19.6079
    endloop
  endfacet
  facet normal 0 -1 0
    outer loop
      vertex 92 2 10
      vertex 31.9807 2 19.6079
      vertex 31.9231 2 19.2196
    endloop
  endfacet
  facet normal 0 -1 0
    outer loop
      vertex 92 2 10
      vertex 31.9231 2 19.2196
      vertex 31.8278 2 18.8389
    endloop
  endfacet
  facet normal 0 -1 0
    outer loop
      vertex 92 2 10
      vertex 31.8278 2 18.8389
      vertex 31.6955 2 18.4693
    endloop
  endfacet
  facet normal 0 -1 0
    outer loop
      vertex 92 2 10
      vertex 31.6955 2 18.4693
      vertex 31.5277 2 18.1144
    endloop
  endfacet
  facet normal 0 -1 0
    outer loop
      vertex 92 2 10
      vertex 31.5277 2 18.1144
      vertex 31.3259 2 17.7777
    endloop
  endfacet
  facet normal 0 -1 0
    outer loop
      vertex 28 2 10
      vertex 31.3259 2 17.7777
      vertex 31.092 2 17.4624
    endloop
  endfacet
  facet normal 0 -1 0
    outer loop
      vertex 28 2 10
      vertex 31.092 2 17.4624
      vertex 30.8284 2 17.1716
    endloop
  endfacet
  facet normal 0 -1 0
    outer loop
      vertex 28 2 10
      vertex 30.8284 2 17.1716
      vertex 30.5376 2 16.908
    endloop
  endfacet
  facet normal 0 -1 0
    outer loop
      vertex 28 2 10
      vertex 30.5376 2 16.908
      vertex 30.2223 2 16.6741
    endloop
  endfacet
  facet normal 0 -1 0
    outer loop
      vertex 28 2 10
      vertex 30.2223 2 16.6741
      vertex 29.8856 2 16.4723
    endloop
  endfacet
  facet normal 0 -1 0
    outer loop
      vertex 28 2 10
      vertex 29.8856 2 16.4723
      vertex 29.5307 2 16.3045
    endloop
  endfacet
  facet normal 0 -1 0
    outer loop
      vertex 28 2 10
      vertex 29.5307 2 16.3045
      vertex 29.1611 2 16.1722
    endloop
  endfacet
  facet normal 0 -1 0
    outer loop
      vertex 28 2 10
      vertex 28.3921 2 16.0193
      vertex 28 2 16
    endloop
  endfacet
  facet normal 0 -1 0
    outer loop
      vertex 28 2 10
      vertex 28.7804 2 16.0769
      vertex 28.3921 2 16.0193
    endloop
  endfacet
  facet normal 0 -1 0
    outer loop
      vertex 28 2 10
      vertex 29.1611 2 16.1722
      vertex 28.7804 2 16.0769
    endloop
  endfacet
  facet normal 0 -1 -0
    outer loop
      vertex 31.3259 2 17.7777
      vertex 28 2 10
      vertex 92 2 10
    endloop
  endfacet
  facet normal 0 -1 0
    outer loop
      vertex 31.9807 2 20.3921
      vertex 92 2 10
      vertex 92 2 38
    endloop
  endfacet
  facet normal 0.97008 -0.242787 0
    outer loop
      vertex 95.8278 4.83886 38
      vertex 95.9231 5.21964 10
      vertex 95.9231 5.21964 38
    endloop
  endfacet
  facet normal 0.97008 -0.242787 0
    outer loop
      vertex 95.9231 5.21964 10
      vertex 95.8278 4.83886 38
      vertex 95.8278 4.83886 10
    endloop
  endfacet
  facet normal -0.243027 -0.970019 0
    outer loop
      vertex 26.8389 2.17224 38
      vertex 27.2196 2.07686 23.9231
      vertex 27.2196 2.07686 38
    endloop
  endfacet
  facet normal -0.243027 -0.970019 0
    outer loop
      vertex 27.2196 2.07686 23.9231
      vertex 26.8389 2.17224 38
      vertex 26.8389 2.17224 23.8278
    endloop
  endfacet
  facet normal -0.243027 -0.970019 0
    outer loop
      vertex 26.8389 2.17224 10
      vertex 27.2196 2.07686 16.0769
      vertex 26.8389 2.17224 16.1722
    endloop
  endfacet
  facet normal -0.243027 -0.970019 -0
    outer loop
      vertex 27.2196 2.07686 16.0769
      vertex 26.8389 2.17224 10
      vertex 27.2196 2.07686 10
    endloop
  endfacet
  facet normal 0.989176 0.146737 0
    outer loop
      vertex 95.9807 6.39207 38
      vertex 95.9231 6.78036 10
      vertex 95.9231 6.78036 38
    endloop
  endfacet
  facet normal 0.989176 0.146737 0
    outer loop
      vertex 95.9231 6.78036 10
      vertex 95.9807 6.39207 38
      vertex 95.9807 6.39207 10
    endloop
  endfacet
  facet normal -0.427523 0.904004 0
    outer loop
      vertex 26.4693 9.69552 23.1431
      vertex 26.1144 9.52768 38
      vertex 26.4693 9.69552 38
    endloop
  endfacet
  facet normal -0.427448 0.90404 2.20286e-06
    outer loop
      vertex 26.3501 9.63916 23.0867
      vertex 26.1144 9.52768 38
      vertex 26.4693 9.69552 23.1431
    endloop
  endfacet
  facet normal -0.427562 0.903986 0
    outer loop
      vertex 26.1144 9.52768 38
      vertex 26.3501 9.63916 23.0867
      vertex 26.1144 9.52768 22.9455
    endloop
  endfacet
  facet normal 0.803128 -0.595806 0
    outer loop
      vertex 95.092 3.46243 38
      vertex 95.3259 3.77772 10
      vertex 95.3259 3.77772 38
    endloop
  endfacet
  facet normal 0.803128 -0.595806 0
    outer loop
      vertex 95.3259 3.77772 10
      vertex 95.092 3.46243 38
      vertex 95.092 3.46243 10
    endloop
  endfacet
  facet normal 0.97008 0.242787 0
    outer loop
      vertex 95.9231 6.78036 38
      vertex 95.8278 7.16114 10
      vertex 95.8278 7.16114 38
    endloop
  endfacet
  facet normal 0.97008 0.242787 0
    outer loop
      vertex 95.8278 7.16114 10
      vertex 95.9231 6.78036 38
      vertex 95.9231 6.78036 10
    endloop
  endfacet
  facet normal -0.336879 0.941548 0
    outer loop
      vertex 26.8389 9.82776 23.2974
      vertex 26.4693 9.69552 38
      vertex 26.8389 9.82776 38
    endloop
  endfacet
  facet normal -0.336812 0.941572 1.88809e-06
    outer loop
      vertex 26.6606 9.76398 23.2336
      vertex 26.4693 9.69552 38
      vertex 26.8389 9.82776 23.2974
    endloop
  endfacet
  facet normal -0.336941 0.941526 0
    outer loop
      vertex 26.4693 9.69552 38
      vertex 26.6606 9.76398 23.2336
      vertex 26.4693 9.69552 23.1431
    endloop
  endfacet
  facet normal -0.741017 0.671487 -1.46925e-06
    outer loop
      vertex 24.908 8.53757 38
      vertex 25.1716 8.82843 22.0547
      vertex 25.0899 8.73827 21.9445
    endloop
  endfacet
  facet normal -0.740921 0.671592 9.39861e-07
    outer loop
      vertex 24.908 8.53757 38
      vertex 25.0899 8.73827 21.9445
      vertex 24.9133 8.54344 21.6499
    endloop
  endfacet
  facet normal -0.742224 0.670151 0
    outer loop
      vertex 24.908 8.53757 38
      vertex 24.9133 8.54344 21.6499
      vertex 24.908 8.53757 21.6386
    endloop
  endfacet
  facet normal -0.740977 0.671531 0
    outer loop
      vertex 25.1716 8.82843 22.0547
      vertex 24.908 8.53757 38
      vertex 25.1716 8.82843 38
    endloop
  endfacet
  facet normal -0.741043 0.671458 0.000613543
    outer loop
      vertex 24.908 8.53757 18
      vertex 25.0899 8.73827 18.0555
      vertex 25.131 8.78368 18
    endloop
  endfacet
  facet normal -0.740952 0.671558 -4.28324e-05
    outer loop
      vertex 24.908 8.53757 18
      vertex 24.9133 8.54344 18.3501
      vertex 25.0899 8.73827 18.0555
    endloop
  endfacet
  facet normal -0.742224 0.670151 0
    outer loop
      vertex 24.9133 8.54344 18.3501
      vertex 24.908 8.53757 18
      vertex 24.908 8.53757 18.3614
    endloop
  endfacet
  facet normal -0.857733 0.514095 0
    outer loop
      vertex 24.4723 7.88559 18
      vertex 24.6741 8.22228 18.9186
      vertex 24.6741 8.22228 18
    endloop
  endfacet
  facet normal -0.8578 0.513983 5.57348e-05
    outer loop
      vertex 24.6741 8.22228 18.9186
      vertex 24.4723 7.88559 18
      vertex 24.6507 8.18322 18.984
    endloop
  endfacet
  facet normal -0.857815 0.513959 6.56448e-05
    outer loop
      vertex 24.6507 8.18322 18.984
      vertex 24.4723 7.88559 18
      vertex 24.5673 8.04398 19.3172
    endloop
  endfacet
  facet normal -0.857161 0.515048 -2.33595e-05
    outer loop
      vertex 24.5169 7.95989 19.6569
      vertex 24.4723 7.88559 18
      vertex 24.5 7.93178 20
    endloop
  endfacet
  facet normal -0.857683 0.514179 2.96755e-05
    outer loop
      vertex 24.5673 8.04398 19.3172
      vertex 24.4723 7.88559 18
      vertex 24.5169 7.95989 19.6569
    endloop
  endfacet
  facet normal -0.857838 0.51392 -4.72599e-06
    outer loop
      vertex 24.4723 7.88559 38
      vertex 24.6741 8.22228 21.0814
      vertex 24.6507 8.18322 21.016
    endloop
  endfacet
  facet normal -0.857877 0.513854 -6.29267e-06
    outer loop
      vertex 24.4723 7.88559 38
      vertex 24.6507 8.18322 21.016
      vertex 24.5673 8.04398 20.6828
    endloop
  endfacet
  facet normal -0.85773 0.5141 -3.23436e-06
    outer loop
      vertex 24.4723 7.88559 38
      vertex 24.5673 8.04398 20.6828
      vertex 24.5169 7.95989 20.3431
    endloop
  endfacet
  facet normal -0.857053 0.515229 3.22568e-06
    outer loop
      vertex 24.4723 7.88559 38
      vertex 24.5169 7.95989 20.3431
      vertex 24.5 7.93178 20
    endloop
  endfacet
  facet normal -0.857608 0.514305 0
    outer loop
      vertex 24.4723 7.88559 38
      vertex 24.5 7.93178 20
      vertex 24.4723 7.88559 18
    endloop
  endfacet
  facet normal -0.857733 0.514095 0
    outer loop
      vertex 24.6741 8.22228 21.0814
      vertex 24.4723 7.88559 38
      vertex 24.6741 8.22228 38
    endloop
  endfacet
  facet normal 0.146733 0.989176 -0
    outer loop
      vertex 92.7804 9.92314 10
      vertex 92.3921 9.98074 38
      vertex 92.7804 9.92314 38
    endloop
  endfacet
  facet normal 0.146733 0.989176 0
    outer loop
      vertex 92.3921 9.98074 38
      vertex 92.7804 9.92314 10
      vertex 92.3921 9.98074 10
    endloop
  endfacet
  facet normal 0.671621 -0.740895 0
    outer loop
      vertex 94.5376 2.90796 10
      vertex 94.8284 3.17157 38
      vertex 94.5376 2.90796 38
    endloop
  endfacet
  facet normal 0.671621 -0.740895 0
    outer loop
      vertex 94.8284 3.17157 38
      vertex 94.5376 2.90796 10
      vertex 94.8284 3.17157 10
    endloop
  endfacet
  facet normal 0.146733 -0.989176 0
    outer loop
      vertex 92.3921 2.01926 10
      vertex 92.7804 2.07686 38
      vertex 92.3921 2.01926 38
    endloop
  endfacet
  facet normal 0.146733 -0.989176 0
    outer loop
      vertex 92.7804 2.07686 38
      vertex 92.3921 2.01926 10
      vertex 92.7804 2.07686 10
    endloop
  endfacet
  facet normal 0.595695 -0.80321 0
    outer loop
      vertex 94.2223 2.67412 10
      vertex 94.5376 2.90796 38
      vertex 94.2223 2.67412 38
    endloop
  endfacet
  facet normal 0.595695 -0.80321 0
    outer loop
      vertex 94.5376 2.90796 38
      vertex 94.2223 2.67412 10
      vertex 94.5376 2.90796 10
    endloop
  endfacet
  facet normal -0.049061 0.998796 0
    outer loop
      vertex 28 10 23.5
      vertex 27.6079 9.98074 38
      vertex 28 10 38
    endloop
  endfacet
  facet normal -0.0490519 0.998796 2.44808e-07
    outer loop
      vertex 27.6569 9.98315 23.4831
      vertex 27.6079 9.98074 38
      vertex 28 10 23.5
    endloop
  endfacet
  facet normal -0.0491243 0.998793 0
    outer loop
      vertex 27.6079 9.98074 38
      vertex 27.6569 9.98315 23.4831
      vertex 27.6079 9.98074 23.4759
    endloop
  endfacet
  facet normal -0.146733 0.989176 0
    outer loop
      vertex 27.6079 9.98074 23.4759
      vertex 27.2196 9.92314 38
      vertex 27.6079 9.98074 38
    endloop
  endfacet
  facet normal -0.146759 0.989172 -7.1383e-07
    outer loop
      vertex 27.3172 9.93761 23.4327
      vertex 27.2196 9.92314 38
      vertex 27.6079 9.98074 23.4759
    endloop
  endfacet
  facet normal -0.146655 0.989188 0
    outer loop
      vertex 27.2196 9.92314 38
      vertex 27.3172 9.93761 23.4327
      vertex 27.2196 9.92314 23.4083
    endloop
  endfacet
  facet normal 0.941497 0.337022 0
    outer loop
      vertex 95.8278 7.16114 38
      vertex 95.6955 7.53073 10
      vertex 95.6955 7.53073 38
    endloop
  endfacet
  facet normal 0.941497 0.337022 0
    outer loop
      vertex 95.6955 7.53073 10
      vertex 95.8278 7.16114 38
      vertex 95.8278 7.16114 10
    endloop
  endfacet
  facet normal -0.989176 0.146737 0
    outer loop
      vertex 24.0193 6.39207 18
      vertex 24.0769 6.78036 38
      vertex 24.0769 6.78036 18
    endloop
  endfacet
  facet normal -0.989176 0.146737 0
    outer loop
      vertex 24.0769 6.78036 38
      vertex 24.0193 6.39207 18
      vertex 24.0193 6.39207 38
    endloop
  endfacet
  facet normal 0.998791 0.0491664 0
    outer loop
      vertex 96 6 38
      vertex 95.9807 6.39207 10
      vertex 95.9807 6.39207 38
    endloop
  endfacet
  facet normal 0.998791 0.0491664 0
    outer loop
      vertex 95.9807 6.39207 10
      vertex 96 6 38
      vertex 96 6 10
    endloop
  endfacet
  facet normal -0.514084 0.85774 0
    outer loop
      vertex 26.1144 9.52768 22.9455
      vertex 25.7777 9.32588 38
      vertex 26.1144 9.52768 38
    endloop
  endfacet
  facet normal -0.514068 0.85775 4.868e-07
    outer loop
      vertex 26.0555 9.49238 22.9101
      vertex 25.7777 9.32588 38
      vertex 26.1144 9.52768 22.9455
    endloop
  endfacet
  facet normal -0.514084 0.85774 6.95112e-08
    outer loop
      vertex 25.7796 9.32702 22.7055
      vertex 25.7777 9.32588 38
      vertex 26.0555 9.49238 22.9101
    endloop
  endfacet
  facet normal -0.514496 0.857493 0
    outer loop
      vertex 25.7777 9.32588 38
      vertex 25.7796 9.32702 22.7055
      vertex 25.7777 9.32588 22.7038
    endloop
  endfacet
  facet normal 0.857733 0.514095 0
    outer loop
      vertex 95.5277 7.88559 38
      vertex 95.3259 8.22228 10
      vertex 95.3259 8.22228 38
    endloop
  endfacet
  facet normal 0.857733 0.514095 0
    outer loop
      vertex 95.3259 8.22228 10
      vertex 95.5277 7.88559 38
      vertex 95.5277 7.88559 10
    endloop
  endfacet
  facet normal 0.514102 -0.857729 0
    outer loop
      vertex 93.8856 2.47231 10
      vertex 94.2223 2.67412 38
      vertex 93.8856 2.47231 38
    endloop
  endfacet
  facet normal 0.514102 -0.857729 0
    outer loop
      vertex 94.2223 2.67412 38
      vertex 93.8856 2.47231 10
      vertex 94.2223 2.67412 10
    endloop
  endfacet
  facet normal 0.336879 0.941548 -0
    outer loop
      vertex 93.5307 9.69552 10
      vertex 93.1611 9.82776 38
      vertex 93.5307 9.69552 38
    endloop
  endfacet
  facet normal 0.336879 0.941548 0
    outer loop
      vertex 93.1611 9.82776 38
      vertex 93.5307 9.69552 10
      vertex 93.1611 9.82776 10
    endloop
  endfacet
  facet normal 0.857733 -0.514095 0
    outer loop
      vertex 95.3259 3.77772 38
      vertex 95.5277 4.11441 10
      vertex 95.5277 4.11441 38
    endloop
  endfacet
  facet normal 0.857733 -0.514095 0
    outer loop
      vertex 95.5277 4.11441 10
      vertex 95.3259 3.77772 38
      vertex 95.3259 3.77772 10
    endloop
  endfacet
  facet normal -0.336879 -0.941548 0
    outer loop
      vertex 26.4693 2.30448 38
      vertex 26.8389 2.17224 23.8278
      vertex 26.8389 2.17224 38
    endloop
  endfacet
  facet normal -0.336879 -0.941548 0
    outer loop
      vertex 26.8389 2.17224 23.8278
      vertex 26.4693 2.30448 38
      vertex 26.4693 2.30448 23.6955
    endloop
  endfacet
  facet normal -0.33684 -0.941562 0
    outer loop
      vertex 26.5 2.29348 10
      vertex 26.8389 2.17224 16.1722
      vertex 26.5 2.29348 16.2935
    endloop
  endfacet
  facet normal -0.33684 -0.941562 -0
    outer loop
      vertex 26.8389 2.17224 16.1722
      vertex 26.5 2.29348 10
      vertex 26.8389 2.17224 10
    endloop
  endfacet
  facet normal -0.595695 0.80321 0
    outer loop
      vertex 25.7777 9.32588 22.7038
      vertex 25.4624 9.09204 38
      vertex 25.7777 9.32588 38
    endloop
  endfacet
  facet normal -0.595697 0.803209 -6.48935e-08
    outer loop
      vertex 25.5251 9.13854 22.4749
      vertex 25.4624 9.09204 38
      vertex 25.7777 9.32588 22.7038
    endloop
  endfacet
  facet normal -0.595687 0.803217 0
    outer loop
      vertex 25.4624 9.09204 38
      vertex 25.5251 9.13854 22.4749
      vertex 25.4624 9.09204 22.4057
    endloop
  endfacet
  facet normal 0.740977 -0.671531 0
    outer loop
      vertex 94.8284 3.17157 38
      vertex 95.092 3.46243 10
      vertex 95.092 3.46243 38
    endloop
  endfacet
  facet normal 0.740977 -0.671531 0
    outer loop
      vertex 95.092 3.46243 10
      vertex 94.8284 3.17157 38
      vertex 94.8284 3.17157 10
    endloop
  endfacet
  facet normal -0.671621 0.740895 0
    outer loop
      vertex 25.4624 9.09204 22.4057
      vertex 25.1716 8.82843 38
      vertex 25.4624 9.09204 38
    endloop
  endfacet
  facet normal -0.671689 0.740833 -2.31912e-06
    outer loop
      vertex 25.2945 8.93981 22.2204
      vertex 25.1716 8.82843 38
      vertex 25.4624 9.09204 22.4057
    endloop
  endfacet
  facet normal -0.671526 0.740981 0
    outer loop
      vertex 25.1716 8.82843 38
      vertex 25.2945 8.93981 22.2204
      vertex 25.1716 8.82843 22.0547
    endloop
  endfacet
  facet normal 0.514084 0.85774 -0
    outer loop
      vertex 94.2223 9.32588 10
      vertex 93.8856 9.52768 38
      vertex 94.2223 9.32588 38
    endloop
  endfacet
  facet normal 0.514084 0.85774 0
    outer loop
      vertex 93.8856 9.52768 38
      vertex 94.2223 9.32588 10
      vertex 93.8856 9.52768 10
    endloop
  endfacet
  facet normal 0.904025 0.42748 0
    outer loop
      vertex 95.6955 7.53073 38
      vertex 95.5277 7.88559 10
      vertex 95.5277 7.88559 38
    endloop
  endfacet
  facet normal 0.904025 0.42748 0
    outer loop
      vertex 95.5277 7.88559 10
      vertex 95.6955 7.53073 38
      vertex 95.6955 7.53073 10
    endloop
  endfacet
  facet normal 0.427523 0.904004 -0
    outer loop
      vertex 93.8856 9.52768 10
      vertex 93.5307 9.69552 38
      vertex 93.8856 9.52768 38
    endloop
  endfacet
  facet normal 0.427523 0.904004 0
    outer loop
      vertex 93.5307 9.69552 38
      vertex 93.8856 9.52768 10
      vertex 93.5307 9.69552 10
    endloop
  endfacet
  facet normal -0.243027 0.970019 0
    outer loop
      vertex 27.2196 9.92314 23.4083
      vertex 26.8389 9.82776 38
      vertex 27.2196 9.92314 38
    endloop
  endfacet
  facet normal -0.243001 0.970026 7.3279e-07
    outer loop
      vertex 26.984 9.86412 23.3493
      vertex 26.8389 9.82776 38
      vertex 27.2196 9.92314 23.4083
    endloop
  endfacet
  facet normal -0.24307 0.970009 0
    outer loop
      vertex 26.8389 9.82776 38
      vertex 26.984 9.86412 23.3493
      vertex 26.8389 9.82776 23.2974
    endloop
  endfacet
  facet normal 0.740977 0.671531 0
    outer loop
      vertex 95.092 8.53757 38
      vertex 94.8284 8.82843 10
      vertex 94.8284 8.82843 38
    endloop
  endfacet
  facet normal 0.740977 0.671531 0
    outer loop
      vertex 94.8284 8.82843 10
      vertex 95.092 8.53757 38
      vertex 95.092 8.53757 10
    endloop
  endfacet
  facet normal 0.595695 0.80321 -0
    outer loop
      vertex 94.5376 9.09204 10
      vertex 94.2223 9.32588 38
      vertex 94.5376 9.09204 38
    endloop
  endfacet
  facet normal 0.595695 0.80321 0
    outer loop
      vertex 94.2223 9.32588 38
      vertex 94.5376 9.09204 10
      vertex 94.2223 9.32588 10
    endloop
  endfacet
  facet normal -0.904025 0.42748 0
    outer loop
      vertex 24.3045 7.53073 18
      vertex 24.4723 7.88559 38
      vertex 24.4723 7.88559 18
    endloop
  endfacet
  facet normal -0.904025 0.42748 0
    outer loop
      vertex 24.4723 7.88559 38
      vertex 24.3045 7.53073 18
      vertex 24.3045 7.53073 38
    endloop
  endfacet
  facet normal 0.671621 0.740895 -0
    outer loop
      vertex 94.8284 8.82843 10
      vertex 94.5376 9.09204 38
      vertex 94.8284 8.82843 38
    endloop
  endfacet
  facet normal 0.671621 0.740895 0
    outer loop
      vertex 94.5376 9.09204 38
      vertex 94.8284 8.82843 10
      vertex 94.5376 9.09204 10
    endloop
  endfacet
  facet normal -0.740977 -0.671531 0
    outer loop
      vertex 25.1716 3.17157 22.8284
      vertex 24.908 3.46243 38
      vertex 24.908 3.46243 22.5376
    endloop
  endfacet
  facet normal -0.740977 -0.671531 0
    outer loop
      vertex 24.908 3.46243 38
      vertex 25.1716 3.17157 22.8284
      vertex 25.1716 3.17157 38
    endloop
  endfacet
  facet normal -0.049061 -0.998796 0
    outer loop
      vertex 27.6079 2.01926 38
      vertex 28 2 24
      vertex 28 2 38
    endloop
  endfacet
  facet normal -0.049061 -0.998796 0
    outer loop
      vertex 28 2 24
      vertex 27.6079 2.01926 38
      vertex 27.6079 2.01926 23.9807
    endloop
  endfacet
  facet normal -0.049061 -0.998796 0
    outer loop
      vertex 27.6079 2.01926 10
      vertex 28 2 16
      vertex 27.6079 2.01926 16.0193
    endloop
  endfacet
  facet normal -0.049061 -0.998796 -0
    outer loop
      vertex 28 2 16
      vertex 27.6079 2.01926 10
      vertex 28 2 10
    endloop
  endfacet
  facet normal 0.941497 -0.337022 0
    outer loop
      vertex 95.6955 4.46927 38
      vertex 95.8278 4.83886 10
      vertex 95.8278 4.83886 38
    endloop
  endfacet
  facet normal 0.941497 -0.337022 0
    outer loop
      vertex 95.8278 4.83886 10
      vertex 95.6955 4.46927 38
      vertex 95.6955 4.46927 10
    endloop
  endfacet
  facet normal -0.97008 -0.242787 0
    outer loop
      vertex 24.1722 4.83886 21.1611
      vertex 24.0769 5.21964 38
      vertex 24.0769 5.21964 20.7804
    endloop
  endfacet
  facet normal -0.97008 -0.242787 0
    outer loop
      vertex 24.0769 5.21964 38
      vertex 24.1722 4.83886 21.1611
      vertex 24.1722 4.83886 38
    endloop
  endfacet
  facet normal -0.97008 -0.242787 -0
    outer loop
      vertex 24.1722 4.83886 18.8389
      vertex 24.0769 5.21964 18
      vertex 24.1722 4.83886 18
    endloop
  endfacet
  facet normal -0.97008 -0.242787 0
    outer loop
      vertex 24.0769 5.21964 18
      vertex 24.1722 4.83886 18.8389
      vertex 24.0769 5.21964 19.2196
    endloop
  endfacet
  facet normal 0.243027 -0.970019 0
    outer loop
      vertex 92.7804 2.07686 10
      vertex 93.1611 2.17224 38
      vertex 92.7804 2.07686 38
    endloop
  endfacet
  facet normal 0.243027 -0.970019 0
    outer loop
      vertex 93.1611 2.17224 38
      vertex 92.7804 2.07686 10
      vertex 93.1611 2.17224 10
    endloop
  endfacet
  facet normal 0.336879 -0.941548 0
    outer loop
      vertex 93.1611 2.17224 10
      vertex 93.5307 2.30448 38
      vertex 93.1611 2.17224 38
    endloop
  endfacet
  facet normal 0.336879 -0.941548 0
    outer loop
      vertex 93.5307 2.30448 38
      vertex 93.1611 2.17224 10
      vertex 93.5307 2.30448 10
    endloop
  endfacet
  facet normal 0.427503 -0.904014 0
    outer loop
      vertex 93.5307 2.30448 10
      vertex 93.8856 2.47231 38
      vertex 93.5307 2.30448 38
    endloop
  endfacet
  facet normal 0.427503 -0.904014 0
    outer loop
      vertex 93.8856 2.47231 38
      vertex 93.5307 2.30448 10
      vertex 93.8856 2.47231 10
    endloop
  endfacet
  facet normal -0.595695 -0.80321 0
    outer loop
      vertex 25.4624 2.90796 38
      vertex 25.7777 2.67412 23.3259
      vertex 25.7777 2.67412 38
    endloop
  endfacet
  facet normal -0.595695 -0.80321 0
    outer loop
      vertex 25.7777 2.67412 23.3259
      vertex 25.4624 2.90796 38
      vertex 25.4624 2.90796 23.092
    endloop
  endfacet
  facet normal 0.803128 0.595806 0
    outer loop
      vertex 95.3259 8.22228 38
      vertex 95.092 8.53757 10
      vertex 95.092 8.53757 38
    endloop
  endfacet
  facet normal 0.803128 0.595806 0
    outer loop
      vertex 95.092 8.53757 10
      vertex 95.3259 8.22228 38
      vertex 95.3259 8.22228 10
    endloop
  endfacet
  facet normal 0.243027 0.970019 -0
    outer loop
      vertex 93.1611 9.82776 10
      vertex 92.7804 9.92314 38
      vertex 93.1611 9.82776 38
    endloop
  endfacet
  facet normal 0.243027 0.970019 0
    outer loop
      vertex 92.7804 9.92314 38
      vertex 93.1611 9.82776 10
      vertex 92.7804 9.92314 10
    endloop
  endfacet
  facet normal -0.803128 -0.595806 0
    outer loop
      vertex 24.908 3.46243 22.5376
      vertex 24.6741 3.77772 38
      vertex 24.6741 3.77772 22.2223
    endloop
  endfacet
  facet normal -0.803128 -0.595806 0
    outer loop
      vertex 24.6741 3.77772 38
      vertex 24.908 3.46243 22.5376
      vertex 24.908 3.46243 38
    endloop
  endfacet
  facet normal -0.904025 -0.42748 0
    outer loop
      vertex 24.4723 4.11441 21.8856
      vertex 24.3045 4.46927 38
      vertex 24.3045 4.46927 21.5307
    endloop
  endfacet
  facet normal -0.904025 -0.42748 0
    outer loop
      vertex 24.3045 4.46927 38
      vertex 24.4723 4.11441 21.8856
      vertex 24.4723 4.11441 38
    endloop
  endfacet
  facet normal -0.904025 -0.42748 -0
    outer loop
      vertex 24.4723 4.11441 18.1144
      vertex 24.3045 4.46927 18
      vertex 24.4723 4.11441 18
    endloop
  endfacet
  facet normal -0.904025 -0.42748 0
    outer loop
      vertex 24.3045 4.46927 18
      vertex 24.4723 4.11441 18.1144
      vertex 24.3045 4.46927 18.4693
    endloop
  endfacet
  facet normal -0.427503 -0.904014 0
    outer loop
      vertex 26.1144 2.47231 38
      vertex 26.4693 2.30448 23.6955
      vertex 26.4693 2.30448 38
    endloop
  endfacet
  facet normal -0.427503 -0.904014 0
    outer loop
      vertex 26.4693 2.30448 23.6955
      vertex 26.1144 2.47231 38
      vertex 26.1144 2.47231 23.5277
    endloop
  endfacet
  facet normal 0 0 1
    outer loop
      vertex 34 10 38
      vertex 28 10 38
      vertex 34 7 38
    endloop
  endfacet
  facet normal 0 0 1
    outer loop
      vertex 89 7 38
      vertex 96 6 38
      vertex 95.9807 6.39207 38
    endloop
  endfacet
  facet normal 0 0 1
    outer loop
      vertex 89 7 38
      vertex 95.9807 6.39207 38
      vertex 95.9231 6.78036 38
    endloop
  endfacet
  facet normal 0 0 1
    outer loop
      vertex 96 6 38
      vertex 89 7 38
      vertex 95.9807 5.60793 38
    endloop
  endfacet
  facet normal -0 0 1
    outer loop
      vertex 89 7 38
      vertex 95.9231 6.78036 38
      vertex 95.8278 7.16114 38
    endloop
  endfacet
  facet normal 0 0 1
    outer loop
      vertex 95.9807 5.60793 38
      vertex 89 7 38
      vertex 95.9231 5.21964 38
    endloop
  endfacet
  facet normal 0 0 1
    outer loop
      vertex 89 7 38
      vertex 95.8278 7.16114 38
      vertex 95.6955 7.53073 38
    endloop
  endfacet
  facet normal 0 0 1
    outer loop
      vertex 95.9231 5.21964 38
      vertex 89 7 38
      vertex 95.8278 4.83886 38
    endloop
  endfacet
  facet normal 0 0 1
    outer loop
      vertex 89 7 38
      vertex 95.6955 7.53073 38
      vertex 95.5277 7.88559 38
    endloop
  endfacet
  facet normal 0 0 1
    outer loop
      vertex 95.8278 4.83886 38
      vertex 89 7 38
      vertex 95.6955 4.46927 38
    endloop
  endfacet
  facet normal 0 0 1
    outer loop
      vertex 89 7 38
      vertex 95.5277 7.88559 38
      vertex 95.3259 8.22228 38
    endloop
  endfacet
  facet normal 0 0 1
    outer loop
      vertex 95.6955 4.46927 38
      vertex 89 7 38
      vertex 95.5277 4.11441 38
    endloop
  endfacet
  facet normal 0 0 1
    outer loop
      vertex 89 7 38
      vertex 95.3259 8.22228 38
      vertex 95.092 8.53757 38
    endloop
  endfacet
  facet normal 0 0 1
    outer loop
      vertex 95.5277 4.11441 38
      vertex 89 7 38
      vertex 95.3259 3.77772 38
    endloop
  endfacet
  facet normal 0 0 1
    outer loop
      vertex 89 7 38
      vertex 95.092 8.53757 38
      vertex 94.8284 8.82843 38
    endloop
  endfacet
  facet normal 0 0 1
    outer loop
      vertex 95.3259 3.77772 38
      vertex 89 7 38
      vertex 95.092 3.46243 38
    endloop
  endfacet
  facet normal 0 0 1
    outer loop
      vertex 89 7 38
      vertex 94.8284 8.82843 38
      vertex 94.5376 9.09204 38
    endloop
  endfacet
  facet normal 0 0 1
    outer loop
      vertex 95.092 3.46243 38
      vertex 89 7 38
      vertex 94.8284 3.17157 38
    endloop
  endfacet
  facet normal 0 0 1
    outer loop
      vertex 89 7 38
      vertex 94.5376 9.09204 38
      vertex 94.2223 9.32588 38
    endloop
  endfacet
  facet normal 0 0 1
    outer loop
      vertex 94.8284 3.17157 38
      vertex 89 7 38
      vertex 94.5376 2.90796 38
    endloop
  endfacet
  facet normal 0 0 1
    outer loop
      vertex 89 7 38
      vertex 94.2223 9.32588 38
      vertex 93.8856 9.52768 38
    endloop
  endfacet
  facet normal 0 0 1
    outer loop
      vertex 94.5376 2.90796 38
      vertex 89 7 38
      vertex 94.2223 2.67412 38
    endloop
  endfacet
  facet normal 0 0 1
    outer loop
      vertex 89 7 38
      vertex 93.8856 9.52768 38
      vertex 93.5307 9.69552 38
    endloop
  endfacet
  facet normal 0 0 1
    outer loop
      vertex 94.2223 2.67412 38
      vertex 89 7 38
      vertex 93.8856 2.47231 38
    endloop
  endfacet
  facet normal 0 0 1
    outer loop
      vertex 89 7 38
      vertex 93.5307 9.69552 38
      vertex 93.1611 9.82776 38
    endloop
  endfacet
  facet normal 0 0 1
    outer loop
      vertex 93.8856 2.47231 38
      vertex 89 7 38
      vertex 93.5307 2.30448 38
    endloop
  endfacet
  facet normal 0 0 1
    outer loop
      vertex 89 7 38
      vertex 93.1611 9.82776 38
      vertex 92.7804 9.92314 38
    endloop
  endfacet
  facet normal 0 0 1
    outer loop
      vertex 93.5307 2.30448 38
      vertex 89 7 38
      vertex 93.1611 2.17224 38
    endloop
  endfacet
  facet normal 0 0 1
    outer loop
      vertex 89 7 38
      vertex 92.7804 9.92314 38
      vertex 92.3921 9.98074 38
    endloop
  endfacet
  facet normal 0 0 1
    outer loop
      vertex 93.1611 2.17224 38
      vertex 89 7 38
      vertex 92.7804 2.07686 38
    endloop
  endfacet
  facet normal 0 0 1
    outer loop
      vertex 89 7 38
      vertex 92.3921 9.98074 38
      vertex 92 10 38
    endloop
  endfacet
  facet normal 0 0 1
    outer loop
      vertex 92.7804 2.07686 38
      vertex 89 7 38
      vertex 92.3921 2.01926 38
    endloop
  endfacet
  facet normal 0 0 1
    outer loop
      vertex 89 7 38
      vertex 92 10 38
      vertex 89 10 38
    endloop
  endfacet
  facet normal 0 0 1
    outer loop
      vertex 92.3921 2.01926 38
      vertex 89 7 38
      vertex 92 2 38
    endloop
  endfacet
  facet normal -0 0 1
    outer loop
      vertex 34 7 38
      vertex 92 2 38
      vertex 89 7 38
    endloop
  endfacet
  facet normal 0 0 1
    outer loop
      vertex 34 7 38
      vertex 28 2 38
      vertex 92 2 38
    endloop
  endfacet
  facet normal 0 0 1
    outer loop
      vertex 28 10 38
      vertex 28 2 38
      vertex 34 7 38
    endloop
  endfacet
  facet normal -0 0 1
    outer loop
      vertex 27.6079 9.98074 38
      vertex 28 2 38
      vertex 28 10 38
    endloop
  endfacet
  facet normal 0 0 1
    outer loop
      vertex 27.6079 9.98074 38
      vertex 27.6079 2.01926 38
      vertex 28 2 38
    endloop
  endfacet
  facet normal -0 0 1
    outer loop
      vertex 27.2196 9.92314 38
      vertex 27.6079 2.01926 38
      vertex 27.6079 9.98074 38
    endloop
  endfacet
  facet normal 0 0 1
    outer loop
      vertex 27.2196 9.92314 38
      vertex 27.2196 2.07686 38
      vertex 27.6079 2.01926 38
    endloop
  endfacet
  facet normal -0 0 1
    outer loop
      vertex 26.8389 9.82776 38
      vertex 27.2196 2.07686 38
      vertex 27.2196 9.92314 38
    endloop
  endfacet
  facet normal 0 0 1
    outer loop
      vertex 26.8389 9.82776 38
      vertex 26.8389 2.17224 38
      vertex 27.2196 2.07686 38
    endloop
  endfacet
  facet normal -0 0 1
    outer loop
      vertex 26.4693 9.69552 38
      vertex 26.8389 2.17224 38
      vertex 26.8389 9.82776 38
    endloop
  endfacet
  facet normal 0 0 1
    outer loop
      vertex 26.4693 9.69552 38
      vertex 26.4693 2.30448 38
      vertex 26.8389 2.17224 38
    endloop
  endfacet
  facet normal -0 0 1
    outer loop
      vertex 26.1144 9.52768 38
      vertex 26.4693 2.30448 38
      vertex 26.4693 9.69552 38
    endloop
  endfacet
  facet normal 0 0 1
    outer loop
      vertex 26.1144 9.52768 38
      vertex 26.1144 2.47231 38
      vertex 26.4693 2.30448 38
    endloop
  endfacet
  facet normal -0 0 1
    outer loop
      vertex 25.7777 9.32588 38
      vertex 26.1144 2.47231 38
      vertex 26.1144 9.52768 38
    endloop
  endfacet
  facet normal 0 0 1
    outer loop
      vertex 25.7777 9.32588 38
      vertex 25.7777 2.67412 38
      vertex 26.1144 2.47231 38
    endloop
  endfacet
  facet normal -0 0 1
    outer loop
      vertex 25.4624 9.09204 38
      vertex 25.7777 2.67412 38
      vertex 25.7777 9.32588 38
    endloop
  endfacet
  facet normal 0 0 1
    outer loop
      vertex 25.4624 9.09204 38
      vertex 25.4624 2.90796 38
      vertex 25.7777 2.67412 38
    endloop
  endfacet
  facet normal -0 0 1
    outer loop
      vertex 25.1716 8.82843 38
      vertex 25.4624 2.90796 38
      vertex 25.4624 9.09204 38
    endloop
  endfacet
  facet normal 0 0 1
    outer loop
      vertex 25.1716 8.82843 38
      vertex 25.1716 3.17157 38
      vertex 25.4624 2.90796 38
    endloop
  endfacet
  facet normal -0 0 1
    outer loop
      vertex 24.908 8.53757 38
      vertex 25.1716 3.17157 38
      vertex 25.1716 8.82843 38
    endloop
  endfacet
  facet normal 0 0 1
    outer loop
      vertex 24.908 8.53757 38
      vertex 24.908 3.46243 38
      vertex 25.1716 3.17157 38
    endloop
  endfacet
  facet normal -0 0 1
    outer loop
      vertex 24.6741 8.22228 38
      vertex 24.908 3.46243 38
      vertex 24.908 8.53757 38
    endloop
  endfacet
  facet normal 0 0 1
    outer loop
      vertex 24.6741 8.22228 38
      vertex 24.6741 3.77772 38
      vertex 24.908 3.46243 38
    endloop
  endfacet
  facet normal -0 0 1
    outer loop
      vertex 24.4723 7.88559 38
      vertex 24.6741 3.77772 38
      vertex 24.6741 8.22228 38
    endloop
  endfacet
  facet normal 0 0 1
    outer loop
      vertex 24.4723 7.88559 38
      vertex 24.4723 4.11441 38
      vertex 24.6741 3.77772 38
    endloop
  endfacet
  facet normal -0 0 1
    outer loop
      vertex 24.3045 7.53073 38
      vertex 24.4723 4.11441 38
      vertex 24.4723 7.88559 38
    endloop
  endfacet
  facet normal 0 0 1
    outer loop
      vertex 24.3045 7.53073 38
      vertex 24.3045 4.46927 38
      vertex 24.4723 4.11441 38
    endloop
  endfacet
  facet normal -0 0 1
    outer loop
      vertex 24.1722 7.16114 38
      vertex 24.3045 4.46927 38
      vertex 24.3045 7.53073 38
    endloop
  endfacet
  facet normal 0 0 1
    outer loop
      vertex 24.1722 7.16114 38
      vertex 24.1722 4.83886 38
      vertex 24.3045 4.46927 38
    endloop
  endfacet
  facet normal -0 0 1
    outer loop
      vertex 24.0769 6.78036 38
      vertex 24.1722 4.83886 38
      vertex 24.1722 7.16114 38
    endloop
  endfacet
  facet normal 0 0 1
    outer loop
      vertex 24.0769 6.78036 38
      vertex 24.0769 5.21964 38
      vertex 24.1722 4.83886 38
    endloop
  endfacet
  facet normal -0 0 1
    outer loop
      vertex 24.0193 6.39207 38
      vertex 24.0769 5.21964 38
      vertex 24.0769 6.78036 38
    endloop
  endfacet
  facet normal 0 0 1
    outer loop
      vertex 24.0193 6.39207 38
      vertex 24.0193 5.60793 38
      vertex 24.0769 5.21964 38
    endloop
  endfacet
  facet normal 0 -0 1
    outer loop
      vertex 24.0193 5.60793 38
      vertex 24.0193 6.39207 38
      vertex 24 6 38
    endloop
  endfacet
  facet normal -0.941497 -0.337022 0
    outer loop
      vertex 24.3045 4.46927 21.5307
      vertex 24.1722 4.83886 38
      vertex 24.1722 4.83886 21.1611
    endloop
  endfacet
  facet normal -0.941497 -0.337022 0
    outer loop
      vertex 24.1722 4.83886 38
      vertex 24.3045 4.46927 21.5307
      vertex 24.3045 4.46927 38
    endloop
  endfacet
  facet normal -0.941497 -0.337022 -0
    outer loop
      vertex 24.3045 4.46927 18.4693
      vertex 24.1722 4.83886 18
      vertex 24.3045 4.46927 18
    endloop
  endfacet
  facet normal -0.941497 -0.337022 0
    outer loop
      vertex 24.1722 4.83886 18
      vertex 24.3045 4.46927 18.4693
      vertex 24.1722 4.83886 18.8389
    endloop
  endfacet
  facet normal -0.989176 -0.146733 0
    outer loop
      vertex 24.0769 19.2196 20.7804
      vertex 24.0193 19.6079 38
      vertex 24.0193 19.6079 20.3921
    endloop
  endfacet
  facet normal -0.989176 -0.146733 0
    outer loop
      vertex 24.0193 19.6079 38
      vertex 24.0769 19.2196 20.7804
      vertex 24.0769 19.2196 38
    endloop
  endfacet
  facet normal -0.989176 -0.146733 -0
    outer loop
      vertex 24.0769 19.2196 19.2196
      vertex 24.0193 19.6079 18
      vertex 24.0769 19.2196 18
    endloop
  endfacet
  facet normal -0.989176 -0.146733 0
    outer loop
      vertex 24.0193 19.6079 18
      vertex 24.0769 19.2196 19.2196
      vertex 24.0193 19.6079 19.6079
    endloop
  endfacet
  facet normal -0.998791 -0.0491626 0
    outer loop
      vertex 24.0193 19.6079 20.3921
      vertex 24 20 38
      vertex 24 20 20
    endloop
  endfacet
  facet normal -0.998791 -0.0491626 0
    outer loop
      vertex 24 20 38
      vertex 24.0193 19.6079 20.3921
      vertex 24.0193 19.6079 38
    endloop
  endfacet
  facet normal -0.998791 -0.0491626 -0
    outer loop
      vertex 24.0193 19.6079 19.6079
      vertex 24 20 18
      vertex 24.0193 19.6079 18
    endloop
  endfacet
  facet normal -0.998791 -0.0491626 0
    outer loop
      vertex 24 20 18
      vertex 24.0193 19.6079 19.6079
      vertex 24 20 20
    endloop
  endfacet
  facet normal 0 1 -0
    outer loop
      vertex 92 24 10
      vertex 28 24 38
      vertex 92 24 38
    endloop
  endfacet
  facet normal 0 1 0
    outer loop
      vertex 28 24 38
      vertex 92 24 10
      vertex 28 24 10
    endloop
  endfacet
  facet normal -0.671607 -0.740908 0
    outer loop
      vertex 25.1716 17.1716 38
      vertex 25.4624 16.908 23.092
      vertex 25.4624 16.908 38
    endloop
  endfacet
  facet normal -0.671607 -0.740908 0
    outer loop
      vertex 25.4624 16.908 23.092
      vertex 25.1716 17.1716 38
      vertex 25.1716 17.1716 22.8284
    endloop
  endfacet
  facet normal -0.514084 -0.85774 0
    outer loop
      vertex 25.7777 16.6741 38
      vertex 26.1144 16.4723 23.5277
      vertex 26.1144 16.4723 38
    endloop
  endfacet
  facet normal -0.514084 -0.85774 0
    outer loop
      vertex 26.1144 16.4723 23.5277
      vertex 25.7777 16.6741 38
      vertex 25.7777 16.6741 23.3259
    endloop
  endfacet
  facet normal 0.0491626 0.998791 -0
    outer loop
      vertex 92.3921 23.9807 10
      vertex 92 24 38
      vertex 92.3921 23.9807 38
    endloop
  endfacet
  facet normal 0.0491626 0.998791 0
    outer loop
      vertex 92 24 38
      vertex 92.3921 23.9807 10
      vertex 92 24 10
    endloop
  endfacet
  facet normal -0.9415 0.337014 0
    outer loop
      vertex 24.1722 21.1611 18
      vertex 24.3045 21.5307 38
      vertex 24.3045 21.5307 18
    endloop
  endfacet
  facet normal -0.9415 0.337014 0
    outer loop
      vertex 24.3045 21.5307 38
      vertex 24.1722 21.1611 18
      vertex 24.1722 21.1611 38
    endloop
  endfacet
  facet normal -0.146733 -0.989176 0
    outer loop
      vertex 27.2196 16.0769 38
      vertex 27.6079 16.0193 23.9807
      vertex 27.6079 16.0193 38
    endloop
  endfacet
  facet normal -0.146733 -0.989176 0
    outer loop
      vertex 27.6079 16.0193 23.9807
      vertex 27.2196 16.0769 38
      vertex 27.2196 16.0769 23.9231
    endloop
  endfacet
  facet normal -0.85774 -0.514084 0
    outer loop
      vertex 24.6741 17.7777 22.2223
      vertex 24.4723 18.1144 38
      vertex 24.4723 18.1144 21.8856
    endloop
  endfacet
  facet normal -0.85774 -0.514084 0
    outer loop
      vertex 24.4723 18.1144 38
      vertex 24.6741 17.7777 22.2223
      vertex 24.6741 17.7777 38
    endloop
  endfacet
  facet normal -0.857625 -0.514275 -0
    outer loop
      vertex 24.4723 18.1144 18.1144
      vertex 24.4723 18.1144 18
      vertex 24.5409 18 18
    endloop
  endfacet
  facet normal -0.998791 0.0491626 0
    outer loop
      vertex 24 20 20
      vertex 24.0193 20.3921 18
      vertex 24 20 18
    endloop
  endfacet
  facet normal -0.998791 0.0491626 0
    outer loop
      vertex 24.0193 20.3921 18
      vertex 24 20 20
      vertex 24.0193 20.3921 38
    endloop
  endfacet
  facet normal -0.998791 0.0491626 0
    outer loop
      vertex 24.0193 20.3921 38
      vertex 24 20 20
      vertex 24 20 38
    endloop
  endfacet
  facet normal 0.904044 -0.42744 0
    outer loop
      vertex 95.5277 18.1144 38
      vertex 95.6955 18.4693 10
      vertex 95.6955 18.4693 38
    endloop
  endfacet
  facet normal 0.904044 -0.42744 0
    outer loop
      vertex 95.6955 18.4693 10
      vertex 95.5277 18.1144 38
      vertex 95.5277 18.1144 10
    endloop
  endfacet
  facet normal -0.970068 0.242835 0
    outer loop
      vertex 24.0769 20.7804 18
      vertex 24.1722 21.1611 38
      vertex 24.1722 21.1611 18
    endloop
  endfacet
  facet normal -0.970068 0.242835 0
    outer loop
      vertex 24.1722 21.1611 38
      vertex 24.0769 20.7804 18
      vertex 24.0769 20.7804 38
    endloop
  endfacet
  facet normal 0.998791 -0.0491626 0
    outer loop
      vertex 95.9807 19.6079 38
      vertex 96 20 10
      vertex 96 20 38
    endloop
  endfacet
  facet normal 0.998791 -0.0491626 0
    outer loop
      vertex 96 20 10
      vertex 95.9807 19.6079 38
      vertex 95.9807 19.6079 10
    endloop
  endfacet
  facet normal 0.989176 -0.146733 0
    outer loop
      vertex 95.9231 19.2196 38
      vertex 95.9807 19.6079 10
      vertex 95.9807 19.6079 38
    endloop
  endfacet
  facet normal 0.989176 -0.146733 0
    outer loop
      vertex 95.9807 19.6079 10
      vertex 95.9231 19.2196 38
      vertex 95.9231 19.2196 10
    endloop
  endfacet
  facet normal -0.803137 0.595794 0
    outer loop
      vertex 24.6741 22.2223 18
      vertex 24.908 22.5376 38
      vertex 24.908 22.5376 18
    endloop
  endfacet
  facet normal -0.803137 0.595794 0
    outer loop
      vertex 24.908 22.5376 38
      vertex 24.6741 22.2223 18
      vertex 24.6741 22.2223 38
    endloop
  endfacet
  facet normal 0.0491626 -0.998791 0
    outer loop
      vertex 92 16 10
      vertex 92.3921 16.0193 38
      vertex 92 16 38
    endloop
  endfacet
  facet normal 0.0491626 -0.998791 0
    outer loop
      vertex 92.3921 16.0193 38
      vertex 92 16 10
      vertex 92.3921 16.0193 10
    endloop
  endfacet
  facet normal 0 -1 0
    outer loop
      vertex 84 16 11
      vertex 40 16 16
      vertex 40 16 11
    endloop
  endfacet
  facet normal 0 -1 0
    outer loop
      vertex 89 16 16
      vertex 92 16 38
      vertex 89 16 38
    endloop
  endfacet
  facet normal 0 -1 0
    outer loop
      vertex 40 16 16
      vertex 84 16 11
      vertex 89 16 16
    endloop
  endfacet
  facet normal 0 -1 0
    outer loop
      vertex 92 16 10
      vertex 84 16 11
      vertex 84 16 10
    endloop
  endfacet
  facet normal 0 -1 0
    outer loop
      vertex 89 16 16
      vertex 92 16 10
      vertex 92 16 38
    endloop
  endfacet
  facet normal 0 -1 0
    outer loop
      vertex 84 16 11
      vertex 92 16 10
      vertex 89 16 16
    endloop
  endfacet
  facet normal 0 -1 0
    outer loop
      vertex 28.3921 16 23.9807
      vertex 28 16 38
      vertex 28 16 24
    endloop
  endfacet
  facet normal 0 -1 0
    outer loop
      vertex 28.7804 16 23.9231
      vertex 28 16 38
      vertex 28.3921 16 23.9807
    endloop
  endfacet
  facet normal 0 -1 0
    outer loop
      vertex 29.1611 16 23.8278
      vertex 28 16 38
      vertex 28.7804 16 23.9231
    endloop
  endfacet
  facet normal 0 -1 0
    outer loop
      vertex 28 16 38
      vertex 29.1611 16 23.8278
      vertex 34 16 38
    endloop
  endfacet
  facet normal 0 -1 0
    outer loop
      vertex 29.5307 16 23.6955
      vertex 34 16 38
      vertex 29.1611 16 23.8278
    endloop
  endfacet
  facet normal 0 -1 0
    outer loop
      vertex 29.8856 16 23.5277
      vertex 34 16 38
      vertex 29.5307 16 23.6955
    endloop
  endfacet
  facet normal 0 -1 0
    outer loop
      vertex 30.2223 16 23.3259
      vertex 34 16 38
      vertex 29.8856 16 23.5277
    endloop
  endfacet
  facet normal 0 -1 0
    outer loop
      vertex 30.5376 16 23.092
      vertex 34 16 38
      vertex 30.2223 16 23.3259
    endloop
  endfacet
  facet normal 0 -1 0
    outer loop
      vertex 30.8284 16 22.8284
      vertex 34 16 38
      vertex 30.5376 16 23.092
    endloop
  endfacet
  facet normal 0 -1 0
    outer loop
      vertex 31.092 16 22.5376
      vertex 34 16 38
      vertex 30.8284 16 22.8284
    endloop
  endfacet
  facet normal 0 -1 0
    outer loop
      vertex 31.3259 16 22.2223
      vertex 34 16 38
      vertex 31.092 16 22.5376
    endloop
  endfacet
  facet normal 0 -1 0
    outer loop
      vertex 31.5277 16 21.8856
      vertex 34 16 38
      vertex 31.3259 16 22.2223
    endloop
  endfacet
  facet normal 0 -1 0
    outer loop
      vertex 31.6955 16 21.5307
      vertex 34 16 38
      vertex 31.5277 16 21.8856
    endloop
  endfacet
  facet normal 0 -1 0
    outer loop
      vertex 31.8278 16 21.1611
      vertex 34 16 38
      vertex 31.6955 16 21.5307
    endloop
  endfacet
  facet normal 0 -1 0
    outer loop
      vertex 34 16 17
      vertex 31.8278 16 21.1611
      vertex 31.9231 16 20.7804
    endloop
  endfacet
  facet normal 0 -1 0
    outer loop
      vertex 34 16 17
      vertex 31.9231 16 20.7804
      vertex 31.9807 16 20.3921
    endloop
  endfacet
  facet normal 0 -1 0
    outer loop
      vertex 34 16 17
      vertex 31.9807 16 20.3921
      vertex 32 16 20
    endloop
  endfacet
  facet normal 0 -1 0
    outer loop
      vertex 34 16 17
      vertex 32 16 20
      vertex 31.9807 16 19.6079
    endloop
  endfacet
  facet normal 0 -1 0
    outer loop
      vertex 31.8278 16 21.1611
      vertex 34 16 17
      vertex 34 16 38
    endloop
  endfacet
  facet normal 0 -1 0
    outer loop
      vertex 31.9231 16 19.2196
      vertex 34 16 17
      vertex 31.9807 16 19.6079
    endloop
  endfacet
  facet normal 0 -1 0
    outer loop
      vertex 31.8278 16 18.8389
      vertex 34 16 17
      vertex 31.9231 16 19.2196
    endloop
  endfacet
  facet normal 0 -1 0
    outer loop
      vertex 31.6955 16 18.4693
      vertex 34 16 17
      vertex 31.8278 16 18.8389
    endloop
  endfacet
  facet normal 0 -1 0
    outer loop
      vertex 31.5277 16 18.1144
      vertex 34 16 17
      vertex 31.6955 16 18.4693
    endloop
  endfacet
  facet normal 0 -1 0
    outer loop
      vertex 31.3259 16 17.7777
      vertex 34 16 17
      vertex 31.5277 16 18.1144
    endloop
  endfacet
  facet normal 0 -1 0
    outer loop
      vertex 31.092 16 17.4624
      vertex 34 16 17
      vertex 31.3259 16 17.7777
    endloop
  endfacet
  facet normal 0 -1 0
    outer loop
      vertex 30.8284 16 17.1716
      vertex 34 16 17
      vertex 31.092 16 17.4624
    endloop
  endfacet
  facet normal 0 -1 0
    outer loop
      vertex 34 16 17
      vertex 30.8284 16 17.1716
      vertex 30.6391 16 17
    endloop
  endfacet
  facet normal 0 -1 0
    outer loop
      vertex 28 16 0
      vertex 40 16 11
      vertex 28 16 11
    endloop
  endfacet
  facet normal 0 -1 0
    outer loop
      vertex 40 16 11
      vertex 84 16 10
      vertex 84 16 11
    endloop
  endfacet
  facet normal 0 -1 0
    outer loop
      vertex 84 16 0
      vertex 40 16 11
      vertex 28 16 0
    endloop
  endfacet
  facet normal 0 -1 0
    outer loop
      vertex 40 16 11
      vertex 84 16 0
      vertex 84 16 10
    endloop
  endfacet
  facet normal 0.970068 -0.242835 0
    outer loop
      vertex 95.8278 18.8389 38
      vertex 95.9231 19.2196 10
      vertex 95.9231 19.2196 38
    endloop
  endfacet
  facet normal 0.970068 -0.242835 0
    outer loop
      vertex 95.9231 19.2196 10
      vertex 95.8278 18.8389 38
      vertex 95.8278 18.8389 10
    endloop
  endfacet
  facet normal -0.242835 -0.970068 0
    outer loop
      vertex 26.8389 16.1722 38
      vertex 27.2196 16.0769 23.9231
      vertex 27.2196 16.0769 38
    endloop
  endfacet
  facet normal -0.242835 -0.970068 0
    outer loop
      vertex 27.2196 16.0769 23.9231
      vertex 26.8389 16.1722 38
      vertex 26.8389 16.1722 23.8278
    endloop
  endfacet
  facet normal 0.989176 0.146733 0
    outer loop
      vertex 95.9807 20.3921 38
      vertex 95.9231 20.7804 10
      vertex 95.9231 20.7804 38
    endloop
  endfacet
  facet normal 0.989176 0.146733 0
    outer loop
      vertex 95.9231 20.7804 10
      vertex 95.9807 20.3921 38
      vertex 95.9807 20.3921 10
    endloop
  endfacet
  facet normal -0.42744 0.904044 0
    outer loop
      vertex 26.4693 23.6955 18
      vertex 26.1144 23.5277 38
      vertex 26.4693 23.6955 38
    endloop
  endfacet
  facet normal -0.42744 0.904044 0
    outer loop
      vertex 26.1144 23.5277 38
      vertex 26.4693 23.6955 18
      vertex 26.1144 23.5277 18
    endloop
  endfacet
  facet normal 0.803137 -0.595794 0
    outer loop
      vertex 95.092 17.4624 38
      vertex 95.3259 17.7777 10
      vertex 95.3259 17.7777 38
    endloop
  endfacet
  facet normal 0.803137 -0.595794 0
    outer loop
      vertex 95.3259 17.7777 10
      vertex 95.092 17.4624 38
      vertex 95.092 17.4624 10
    endloop
  endfacet
  facet normal 0.970068 0.242835 0
    outer loop
      vertex 95.9231 20.7804 38
      vertex 95.8278 21.1611 10
      vertex 95.8278 21.1611 38
    endloop
  endfacet
  facet normal 0.970068 0.242835 0
    outer loop
      vertex 95.8278 21.1611 10
      vertex 95.9231 20.7804 38
      vertex 95.9231 20.7804 10
    endloop
  endfacet
  facet normal -0.337014 0.9415 5.08196e-07
    outer loop
      vertex 26.8389 23.8278 38
      vertex 26.5 23.7065 18
      vertex 26.4693 23.6955 38
    endloop
  endfacet
  facet normal -0.336987 0.941509 0
    outer loop
      vertex 26.8389 23.8278 10
      vertex 26.5 23.7065 18
      vertex 26.8389 23.8278 38
    endloop
  endfacet
  facet normal -0.336987 0.941509 0
    outer loop
      vertex 26.5 23.7065 18
      vertex 26.8389 23.8278 10
      vertex 26.5 23.7065 10
    endloop
  endfacet
  facet normal -0.337307 0.941395 0
    outer loop
      vertex 26.4693 23.6955 38
      vertex 26.5 23.7065 18
      vertex 26.4693 23.6955 18
    endloop
  endfacet
  facet normal -0.740908 0.671607 0
    outer loop
      vertex 24.908 22.5376 18
      vertex 25.1716 22.8284 38
      vertex 25.1716 22.8284 18
    endloop
  endfacet
  facet normal -0.740908 0.671607 0
    outer loop
      vertex 25.1716 22.8284 38
      vertex 24.908 22.5376 18
      vertex 24.908 22.5376 38
    endloop
  endfacet
  facet normal -0.85774 0.514084 0
    outer loop
      vertex 24.4723 21.8856 18
      vertex 24.6741 22.2223 38
      vertex 24.6741 22.2223 18
    endloop
  endfacet
  facet normal -0.85774 0.514084 0
    outer loop
      vertex 24.6741 22.2223 38
      vertex 24.4723 21.8856 18
      vertex 24.4723 21.8856 38
    endloop
  endfacet
  facet normal 0.146733 0.989176 -0
    outer loop
      vertex 92.7804 23.9231 10
      vertex 92.3921 23.9807 38
      vertex 92.7804 23.9231 38
    endloop
  endfacet
  facet normal 0.146733 0.989176 0
    outer loop
      vertex 92.3921 23.9807 38
      vertex 92.7804 23.9231 10
      vertex 92.3921 23.9807 10
    endloop
  endfacet
  facet normal 0.671607 -0.740908 0
    outer loop
      vertex 94.5376 16.908 10
      vertex 94.8284 17.1716 38
      vertex 94.5376 16.908 38
    endloop
  endfacet
  facet normal 0.671607 -0.740908 0
    outer loop
      vertex 94.8284 17.1716 38
      vertex 94.5376 16.908 10
      vertex 94.8284 17.1716 10
    endloop
  endfacet
  facet normal 0.146733 -0.989176 0
    outer loop
      vertex 92.3921 16.0193 10
      vertex 92.7804 16.0769 38
      vertex 92.3921 16.0193 38
    endloop
  endfacet
  facet normal 0.146733 -0.989176 0
    outer loop
      vertex 92.7804 16.0769 38
      vertex 92.3921 16.0193 10
      vertex 92.7804 16.0769 10
    endloop
  endfacet
  facet normal 0.595794 -0.803137 0
    outer loop
      vertex 94.2223 16.6741 10
      vertex 94.5376 16.908 38
      vertex 94.2223 16.6741 38
    endloop
  endfacet
  facet normal 0.595794 -0.803137 0
    outer loop
      vertex 94.5376 16.908 38
      vertex 94.2223 16.6741 10
      vertex 94.5376 16.908 10
    endloop
  endfacet
  facet normal -0.0491626 0.998791 0
    outer loop
      vertex 28 24 10
      vertex 27.6079 23.9807 38
      vertex 28 24 38
    endloop
  endfacet
  facet normal -0.0491626 0.998791 0
    outer loop
      vertex 27.6079 23.9807 38
      vertex 28 24 10
      vertex 27.6079 23.9807 10
    endloop
  endfacet
  facet normal -0.146733 0.989176 0
    outer loop
      vertex 27.6079 23.9807 10
      vertex 27.2196 23.9231 38
      vertex 27.6079 23.9807 38
    endloop
  endfacet
  facet normal -0.146733 0.989176 0
    outer loop
      vertex 27.2196 23.9231 38
      vertex 27.6079 23.9807 10
      vertex 27.2196 23.9231 10
    endloop
  endfacet
  facet normal 0.9415 0.337014 0
    outer loop
      vertex 95.8278 21.1611 38
      vertex 95.6955 21.5307 10
      vertex 95.6955 21.5307 38
    endloop
  endfacet
  facet normal 0.9415 0.337014 0
    outer loop
      vertex 95.6955 21.5307 10
      vertex 95.8278 21.1611 38
      vertex 95.8278 21.1611 10
    endloop
  endfacet
  facet normal -0.989176 0.146733 0
    outer loop
      vertex 24.0193 20.3921 18
      vertex 24.0769 20.7804 38
      vertex 24.0769 20.7804 18
    endloop
  endfacet
  facet normal -0.989176 0.146733 0
    outer loop
      vertex 24.0769 20.7804 38
      vertex 24.0193 20.3921 18
      vertex 24.0193 20.3921 38
    endloop
  endfacet
  facet normal 0.998791 0.0491626 0
    outer loop
      vertex 96 20 38
      vertex 95.9807 20.3921 10
      vertex 95.9807 20.3921 38
    endloop
  endfacet
  facet normal 0.998791 0.0491626 0
    outer loop
      vertex 95.9807 20.3921 10
      vertex 96 20 38
      vertex 96 20 10
    endloop
  endfacet
  facet normal -0.514084 0.85774 0
    outer loop
      vertex 26.1144 23.5277 18
      vertex 25.7777 23.3259 38
      vertex 26.1144 23.5277 38
    endloop
  endfacet
  facet normal -0.514084 0.85774 0
    outer loop
      vertex 25.7777 23.3259 38
      vertex 26.1144 23.5277 18
      vertex 25.7777 23.3259 18
    endloop
  endfacet
  facet normal 0.85774 0.514084 0
    outer loop
      vertex 95.5277 21.8856 38
      vertex 95.3259 22.2223 10
      vertex 95.3259 22.2223 38
    endloop
  endfacet
  facet normal 0.85774 0.514084 0
    outer loop
      vertex 95.3259 22.2223 10
      vertex 95.5277 21.8856 38
      vertex 95.5277 21.8856 10
    endloop
  endfacet
  facet normal 0.514084 -0.85774 0
    outer loop
      vertex 93.8856 16.4723 10
      vertex 94.2223 16.6741 38
      vertex 93.8856 16.4723 38
    endloop
  endfacet
  facet normal 0.514084 -0.85774 0
    outer loop
      vertex 94.2223 16.6741 38
      vertex 93.8856 16.4723 10
      vertex 94.2223 16.6741 10
    endloop
  endfacet
  facet normal 0.337014 0.9415 -0
    outer loop
      vertex 93.5307 23.6955 10
      vertex 93.1611 23.8278 38
      vertex 93.5307 23.6955 38
    endloop
  endfacet
  facet normal 0.337014 0.9415 0
    outer loop
      vertex 93.1611 23.8278 38
      vertex 93.5307 23.6955 10
      vertex 93.1611 23.8278 10
    endloop
  endfacet
  facet normal 0.85774 -0.514084 0
    outer loop
      vertex 95.3259 17.7777 38
      vertex 95.5277 18.1144 10
      vertex 95.5277 18.1144 38
    endloop
  endfacet
  facet normal 0.85774 -0.514084 0
    outer loop
      vertex 95.5277 18.1144 10
      vertex 95.3259 17.7777 38
      vertex 95.3259 17.7777 10
    endloop
  endfacet
  facet normal -0.337014 -0.9415 0
    outer loop
      vertex 26.4693 16.3045 38
      vertex 26.8389 16.1722 23.8278
      vertex 26.8389 16.1722 38
    endloop
  endfacet
  facet normal -0.337014 -0.9415 0
    outer loop
      vertex 26.8389 16.1722 23.8278
      vertex 26.4693 16.3045 38
      vertex 26.4693 16.3045 23.6955
    endloop
  endfacet
  facet normal -0.595794 0.803137 0
    outer loop
      vertex 25.7777 23.3259 18
      vertex 25.4624 23.092 38
      vertex 25.7777 23.3259 38
    endloop
  endfacet
  facet normal -0.595794 0.803137 0
    outer loop
      vertex 25.4624 23.092 38
      vertex 25.7777 23.3259 18
      vertex 25.4624 23.092 18
    endloop
  endfacet
  facet normal 0.740908 -0.671607 0
    outer loop
      vertex 94.8284 17.1716 38
      vertex 95.092 17.4624 10
      vertex 95.092 17.4624 38
    endloop
  endfacet
  facet normal 0.740908 -0.671607 0
    outer loop
      vertex 95.092 17.4624 10
      vertex 94.8284 17.1716 38
      vertex 94.8284 17.1716 10
    endloop
  endfacet
  facet normal -0.671607 0.740908 0
    outer loop
      vertex 25.4624 23.092 18
      vertex 25.1716 22.8284 38
      vertex 25.4624 23.092 38
    endloop
  endfacet
  facet normal -0.671607 0.740908 0
    outer loop
      vertex 25.1716 22.8284 38
      vertex 25.4624 23.092 18
      vertex 25.1716 22.8284 18
    endloop
  endfacet
  facet normal 0.514084 0.85774 -0
    outer loop
      vertex 94.2223 23.3259 10
      vertex 93.8856 23.5277 38
      vertex 94.2223 23.3259 38
    endloop
  endfacet
  facet normal 0.514084 0.85774 0
    outer loop
      vertex 93.8856 23.5277 38
      vertex 94.2223 23.3259 10
      vertex 93.8856 23.5277 10
    endloop
  endfacet
  facet normal 0.904044 0.42744 0
    outer loop
      vertex 95.6955 21.5307 38
      vertex 95.5277 21.8856 10
      vertex 95.5277 21.8856 38
    endloop
  endfacet
  facet normal 0.904044 0.42744 0
    outer loop
      vertex 95.5277 21.8856 10
      vertex 95.6955 21.5307 38
      vertex 95.6955 21.5307 10
    endloop
  endfacet
  facet normal 0.42744 0.904044 -0
    outer loop
      vertex 93.8856 23.5277 10
      vertex 93.5307 23.6955 38
      vertex 93.8856 23.5277 38
    endloop
  endfacet
  facet normal 0.42744 0.904044 0
    outer loop
      vertex 93.5307 23.6955 38
      vertex 93.8856 23.5277 10
      vertex 93.5307 23.6955 10
    endloop
  endfacet
  facet normal -0.242835 0.970068 0
    outer loop
      vertex 27.2196 23.9231 10
      vertex 26.8389 23.8278 38
      vertex 27.2196 23.9231 38
    endloop
  endfacet
  facet normal -0.242835 0.970068 0
    outer loop
      vertex 26.8389 23.8278 38
      vertex 27.2196 23.9231 10
      vertex 26.8389 23.8278 10
    endloop
  endfacet
  facet normal 0.740908 0.671607 0
    outer loop
      vertex 95.092 22.5376 38
      vertex 94.8284 22.8284 10
      vertex 94.8284 22.8284 38
    endloop
  endfacet
  facet normal 0.740908 0.671607 0
    outer loop
      vertex 94.8284 22.8284 10
      vertex 95.092 22.5376 38
      vertex 95.092 22.5376 10
    endloop
  endfacet
  facet normal 0.595794 0.803137 -0
    outer loop
      vertex 94.5376 23.092 10
      vertex 94.2223 23.3259 38
      vertex 94.5376 23.092 38
    endloop
  endfacet
  facet normal 0.595794 0.803137 0
    outer loop
      vertex 94.2223 23.3259 38
      vertex 94.5376 23.092 10
      vertex 94.2223 23.3259 10
    endloop
  endfacet
  facet normal -0.904044 0.42744 0
    outer loop
      vertex 24.3045 21.5307 18
      vertex 24.4723 21.8856 38
      vertex 24.4723 21.8856 18
    endloop
  endfacet
  facet normal -0.904044 0.42744 0
    outer loop
      vertex 24.4723 21.8856 38
      vertex 24.3045 21.5307 18
      vertex 24.3045 21.5307 38
    endloop
  endfacet
  facet normal 0.671607 0.740908 -0
    outer loop
      vertex 94.8284 22.8284 10
      vertex 94.5376 23.092 38
      vertex 94.8284 22.8284 38
    endloop
  endfacet
  facet normal 0.671607 0.740908 0
    outer loop
      vertex 94.5376 23.092 38
      vertex 94.8284 22.8284 10
      vertex 94.5376 23.092 10
    endloop
  endfacet
  facet normal -0.740908 -0.671607 0
    outer loop
      vertex 25.1716 17.1716 22.8284
      vertex 24.908 17.4624 38
      vertex 24.908 17.4624 22.5376
    endloop
  endfacet
  facet normal -0.740908 -0.671607 0
    outer loop
      vertex 24.908 17.4624 38
      vertex 25.1716 17.1716 22.8284
      vertex 25.1716 17.1716 38
    endloop
  endfacet
  facet normal -0.0491626 -0.998791 0
    outer loop
      vertex 27.6079 16.0193 38
      vertex 28 16 24
      vertex 28 16 38
    endloop
  endfacet
  facet normal -0.0491626 -0.998791 0
    outer loop
      vertex 28 16 24
      vertex 27.6079 16.0193 38
      vertex 27.6079 16.0193 23.9807
    endloop
  endfacet
  facet normal 0.9415 -0.337014 0
    outer loop
      vertex 95.6955 18.4693 38
      vertex 95.8278 18.8389 10
      vertex 95.8278 18.8389 38
    endloop
  endfacet
  facet normal 0.9415 -0.337014 0
    outer loop
      vertex 95.8278 18.8389 10
      vertex 95.6955 18.4693 38
      vertex 95.6955 18.4693 10
    endloop
  endfacet
  facet normal -0.970068 -0.242835 0
    outer loop
      vertex 24.1722 18.8389 21.1611
      vertex 24.0769 19.2196 38
      vertex 24.0769 19.2196 20.7804
    endloop
  endfacet
  facet normal -0.970068 -0.242835 0
    outer loop
      vertex 24.0769 19.2196 38
      vertex 24.1722 18.8389 21.1611
      vertex 24.1722 18.8389 38
    endloop
  endfacet
  facet normal -0.970068 -0.242835 -0
    outer loop
      vertex 24.1722 18.8389 18.8389
      vertex 24.0769 19.2196 18
      vertex 24.1722 18.8389 18
    endloop
  endfacet
  facet normal -0.970068 -0.242835 0
    outer loop
      vertex 24.0769 19.2196 18
      vertex 24.1722 18.8389 18.8389
      vertex 24.0769 19.2196 19.2196
    endloop
  endfacet
  facet normal 0.242835 -0.970068 0
    outer loop
      vertex 92.7804 16.0769 10
      vertex 93.1611 16.1722 38
      vertex 92.7804 16.0769 38
    endloop
  endfacet
  facet normal 0.242835 -0.970068 0
    outer loop
      vertex 93.1611 16.1722 38
      vertex 92.7804 16.0769 10
      vertex 93.1611 16.1722 10
    endloop
  endfacet
  facet normal 0.337014 -0.9415 0
    outer loop
      vertex 93.1611 16.1722 10
      vertex 93.5307 16.3045 38
      vertex 93.1611 16.1722 38
    endloop
  endfacet
  facet normal 0.337014 -0.9415 0
    outer loop
      vertex 93.5307 16.3045 38
      vertex 93.1611 16.1722 10
      vertex 93.5307 16.3045 10
    endloop
  endfacet
  facet normal 0.42744 -0.904044 0
    outer loop
      vertex 93.5307 16.3045 10
      vertex 93.8856 16.4723 38
      vertex 93.5307 16.3045 38
    endloop
  endfacet
  facet normal 0.42744 -0.904044 0
    outer loop
      vertex 93.8856 16.4723 38
      vertex 93.5307 16.3045 10
      vertex 93.8856 16.4723 10
    endloop
  endfacet
  facet normal -0.595794 -0.803137 0
    outer loop
      vertex 25.4624 16.908 38
      vertex 25.7777 16.6741 23.3259
      vertex 25.7777 16.6741 38
    endloop
  endfacet
  facet normal -0.595794 -0.803137 0
    outer loop
      vertex 25.7777 16.6741 23.3259
      vertex 25.4624 16.908 38
      vertex 25.4624 16.908 23.092
    endloop
  endfacet
  facet normal 0.803137 0.595794 0
    outer loop
      vertex 95.3259 22.2223 38
      vertex 95.092 22.5376 10
      vertex 95.092 22.5376 38
    endloop
  endfacet
  facet normal 0.803137 0.595794 0
    outer loop
      vertex 95.092 22.5376 10
      vertex 95.3259 22.2223 38
      vertex 95.3259 22.2223 10
    endloop
  endfacet
  facet normal 0.242835 0.970068 -0
    outer loop
      vertex 93.1611 23.8278 10
      vertex 92.7804 23.9231 38
      vertex 93.1611 23.8278 38
    endloop
  endfacet
  facet normal 0.242835 0.970068 0
    outer loop
      vertex 92.7804 23.9231 38
      vertex 93.1611 23.8278 10
      vertex 92.7804 23.9231 10
    endloop
  endfacet
  facet normal -0.803137 -0.595794 0
    outer loop
      vertex 24.908 17.4624 22.5376
      vertex 24.6741 17.7777 38
      vertex 24.6741 17.7777 22.2223
    endloop
  endfacet
  facet normal -0.803137 -0.595794 0
    outer loop
      vertex 24.6741 17.7777 38
      vertex 24.908 17.4624 22.5376
      vertex 24.908 17.4624 38
    endloop
  endfacet
  facet normal -0.904044 -0.42744 0
    outer loop
      vertex 24.4723 18.1144 21.8856
      vertex 24.3045 18.4693 38
      vertex 24.3045 18.4693 21.5307
    endloop
  endfacet
  facet normal -0.904044 -0.42744 0
    outer loop
      vertex 24.3045 18.4693 38
      vertex 24.4723 18.1144 21.8856
      vertex 24.4723 18.1144 38
    endloop
  endfacet
  facet normal -0.904044 -0.42744 -0
    outer loop
      vertex 24.4723 18.1144 18.1144
      vertex 24.3045 18.4693 18
      vertex 24.4723 18.1144 18
    endloop
  endfacet
  facet normal -0.904044 -0.42744 0
    outer loop
      vertex 24.3045 18.4693 18
      vertex 24.4723 18.1144 18.1144
      vertex 24.3045 18.4693 18.4693
    endloop
  endfacet
  facet normal -0.42744 -0.904044 0
    outer loop
      vertex 26.1144 16.4723 38
      vertex 26.4693 16.3045 23.6955
      vertex 26.4693 16.3045 38
    endloop
  endfacet
  facet normal -0.42744 -0.904044 0
    outer loop
      vertex 26.4693 16.3045 23.6955
      vertex 26.1144 16.4723 38
      vertex 26.1144 16.4723 23.5277
    endloop
  endfacet
  facet normal 0 0 1
    outer loop
      vertex 89 19 38
      vertex 96 20 38
      vertex 95.9807 20.3921 38
    endloop
  endfacet
  facet normal 0 0 1
    outer loop
      vertex 89 19 38
      vertex 95.9807 20.3921 38
      vertex 95.9231 20.7804 38
    endloop
  endfacet
  facet normal 0 0 1
    outer loop
      vertex 96 20 38
      vertex 89 19 38
      vertex 95.9807 19.6079 38
    endloop
  endfacet
  facet normal 0 0 1
    outer loop
      vertex 89 19 38
      vertex 95.9231 20.7804 38
      vertex 95.8278 21.1611 38
    endloop
  endfacet
  facet normal 0 0 1
    outer loop
      vertex 95.9807 19.6079 38
      vertex 89 19 38
      vertex 95.9231 19.2196 38
    endloop
  endfacet
  facet normal 0 0 1
    outer loop
      vertex 89 19 38
      vertex 95.8278 21.1611 38
      vertex 95.6955 21.5307 38
    endloop
  endfacet
  facet normal 0 0 1
    outer loop
      vertex 95.9231 19.2196 38
      vertex 89 19 38
      vertex 95.8278 18.8389 38
    endloop
  endfacet
  facet normal 0 0 1
    outer loop
      vertex 89 19 38
      vertex 95.6955 21.5307 38
      vertex 95.5277 21.8856 38
    endloop
  endfacet
  facet normal 0 0 1
    outer loop
      vertex 95.8278 18.8389 38
      vertex 89 19 38
      vertex 95.6955 18.4693 38
    endloop
  endfacet
  facet normal 0 0 1
    outer loop
      vertex 89 19 38
      vertex 95.5277 21.8856 38
      vertex 95.3259 22.2223 38
    endloop
  endfacet
  facet normal 0 0 1
    outer loop
      vertex 95.6955 18.4693 38
      vertex 89 19 38
      vertex 95.5277 18.1144 38
    endloop
  endfacet
  facet normal 0 0 1
    outer loop
      vertex 89 19 38
      vertex 95.3259 22.2223 38
      vertex 95.092 22.5376 38
    endloop
  endfacet
  facet normal 0 0 1
    outer loop
      vertex 95.5277 18.1144 38
      vertex 89 19 38
      vertex 95.3259 17.7777 38
    endloop
  endfacet
  facet normal 0 0 1
    outer loop
      vertex 89 19 38
      vertex 95.092 22.5376 38
      vertex 94.8284 22.8284 38
    endloop
  endfacet
  facet normal 0 0 1
    outer loop
      vertex 95.3259 17.7777 38
      vertex 89 19 38
      vertex 95.092 17.4624 38
    endloop
  endfacet
  facet normal 0 0 1
    outer loop
      vertex 89 19 38
      vertex 94.8284 22.8284 38
      vertex 94.5376 23.092 38
    endloop
  endfacet
  facet normal 0 0 1
    outer loop
      vertex 95.092 17.4624 38
      vertex 89 19 38
      vertex 94.8284 17.1716 38
    endloop
  endfacet
  facet normal 0 0 1
    outer loop
      vertex 89 19 38
      vertex 94.5376 23.092 38
      vertex 94.2223 23.3259 38
    endloop
  endfacet
  facet normal 0 0 1
    outer loop
      vertex 94.8284 17.1716 38
      vertex 89 19 38
      vertex 94.5376 16.908 38
    endloop
  endfacet
  facet normal 0 0 1
    outer loop
      vertex 89 19 38
      vertex 94.2223 23.3259 38
      vertex 93.8856 23.5277 38
    endloop
  endfacet
  facet normal 0 0 1
    outer loop
      vertex 94.5376 16.908 38
      vertex 89 19 38
      vertex 94.2223 16.6741 38
    endloop
  endfacet
  facet normal 0 0 1
    outer loop
      vertex 89 19 38
      vertex 93.8856 23.5277 38
      vertex 93.5307 23.6955 38
    endloop
  endfacet
  facet normal 0 0 1
    outer loop
      vertex 94.2223 16.6741 38
      vertex 89 19 38
      vertex 93.8856 16.4723 38
    endloop
  endfacet
  facet normal 0 0 1
    outer loop
      vertex 89 19 38
      vertex 93.5307 23.6955 38
      vertex 93.1611 23.8278 38
    endloop
  endfacet
  facet normal 0 0 1
    outer loop
      vertex 93.8856 16.4723 38
      vertex 89 19 38
      vertex 93.5307 16.3045 38
    endloop
  endfacet
  facet normal 0 0 1
    outer loop
      vertex 89 19 38
      vertex 93.1611 23.8278 38
      vertex 92.7804 23.9231 38
    endloop
  endfacet
  facet normal 0 0 1
    outer loop
      vertex 93.5307 16.3045 38
      vertex 89 19 38
      vertex 93.1611 16.1722 38
    endloop
  endfacet
  facet normal 0 0 1
    outer loop
      vertex 89 19 38
      vertex 92.7804 23.9231 38
      vertex 92.3921 23.9807 38
    endloop
  endfacet
  facet normal 0 0 1
    outer loop
      vertex 93.1611 16.1722 38
      vertex 89 19 38
      vertex 92.7804 16.0769 38
    endloop
  endfacet
  facet normal 0 0 1
    outer loop
      vertex 89 19 38
      vertex 92.3921 23.9807 38
      vertex 92 24 38
    endloop
  endfacet
  facet normal 0 0 1
    outer loop
      vertex 92.7804 16.0769 38
      vertex 89 19 38
      vertex 92.3921 16.0193 38
    endloop
  endfacet
  facet normal 0 0 1
    outer loop
      vertex 92.3921 16.0193 38
      vertex 89 19 38
      vertex 92 16 38
    endloop
  endfacet
  facet normal 0 0 1
    outer loop
      vertex 92 24 38
      vertex 34 19 38
      vertex 89 19 38
    endloop
  endfacet
  facet normal -0 0 1
    outer loop
      vertex 28 24 38
      vertex 34 19 38
      vertex 92 24 38
    endloop
  endfacet
  facet normal 0 0 1
    outer loop
      vertex 28 16 38
      vertex 34 19 38
      vertex 28 24 38
    endloop
  endfacet
  facet normal 0 0 1
    outer loop
      vertex 34 19 38
      vertex 28 16 38
      vertex 34 16 38
    endloop
  endfacet
  facet normal -0 0 1
    outer loop
      vertex 27.6079 23.9807 38
      vertex 28 16 38
      vertex 28 24 38
    endloop
  endfacet
  facet normal 0 0 1
    outer loop
      vertex 27.6079 23.9807 38
      vertex 27.6079 16.0193 38
      vertex 28 16 38
    endloop
  endfacet
  facet normal -0 0 1
    outer loop
      vertex 27.2196 23.9231 38
      vertex 27.6079 16.0193 38
      vertex 27.6079 23.9807 38
    endloop
  endfacet
  facet normal 0 0 1
    outer loop
      vertex 27.2196 23.9231 38
      vertex 27.2196 16.0769 38
      vertex 27.6079 16.0193 38
    endloop
  endfacet
  facet normal -0 0 1
    outer loop
      vertex 26.8389 23.8278 38
      vertex 27.2196 16.0769 38
      vertex 27.2196 23.9231 38
    endloop
  endfacet
  facet normal 0 0 1
    outer loop
      vertex 26.8389 23.8278 38
      vertex 26.8389 16.1722 38
      vertex 27.2196 16.0769 38
    endloop
  endfacet
  facet normal -0 0 1
    outer loop
      vertex 26.4693 23.6955 38
      vertex 26.8389 16.1722 38
      vertex 26.8389 23.8278 38
    endloop
  endfacet
  facet normal 0 0 1
    outer loop
      vertex 26.4693 23.6955 38
      vertex 26.4693 16.3045 38
      vertex 26.8389 16.1722 38
    endloop
  endfacet
  facet normal -0 0 1
    outer loop
      vertex 26.1144 23.5277 38
      vertex 26.4693 16.3045 38
      vertex 26.4693 23.6955 38
    endloop
  endfacet
  facet normal 0 0 1
    outer loop
      vertex 26.1144 23.5277 38
      vertex 26.1144 16.4723 38
      vertex 26.4693 16.3045 38
    endloop
  endfacet
  facet normal -0 0 1
    outer loop
      vertex 25.7777 23.3259 38
      vertex 26.1144 16.4723 38
      vertex 26.1144 23.5277 38
    endloop
  endfacet
  facet normal 0 0 1
    outer loop
      vertex 25.7777 23.3259 38
      vertex 25.7777 16.6741 38
      vertex 26.1144 16.4723 38
    endloop
  endfacet
  facet normal -0 0 1
    outer loop
      vertex 25.4624 23.092 38
      vertex 25.7777 16.6741 38
      vertex 25.7777 23.3259 38
    endloop
  endfacet
  facet normal 0 0 1
    outer loop
      vertex 25.4624 23.092 38
      vertex 25.4624 16.908 38
      vertex 25.7777 16.6741 38
    endloop
  endfacet
  facet normal -0 0 1
    outer loop
      vertex 25.1716 22.8284 38
      vertex 25.4624 16.908 38
      vertex 25.4624 23.092 38
    endloop
  endfacet
  facet normal 0 0 1
    outer loop
      vertex 25.1716 22.8284 38
      vertex 25.1716 17.1716 38
      vertex 25.4624 16.908 38
    endloop
  endfacet
  facet normal -0 0 1
    outer loop
      vertex 24.908 22.5376 38
      vertex 25.1716 17.1716 38
      vertex 25.1716 22.8284 38
    endloop
  endfacet
  facet normal 0 0 1
    outer loop
      vertex 24.908 22.5376 38
      vertex 24.908 17.4624 38
      vertex 25.1716 17.1716 38
    endloop
  endfacet
  facet normal -0 0 1
    outer loop
      vertex 24.6741 22.2223 38
      vertex 24.908 17.4624 38
      vertex 24.908 22.5376 38
    endloop
  endfacet
  facet normal 0 0 1
    outer loop
      vertex 24.6741 22.2223 38
      vertex 24.6741 17.7777 38
      vertex 24.908 17.4624 38
    endloop
  endfacet
  facet normal -0 0 1
    outer loop
      vertex 24.4723 21.8856 38
      vertex 24.6741 17.7777 38
      vertex 24.6741 22.2223 38
    endloop
  endfacet
  facet normal 0 0 1
    outer loop
      vertex 24.4723 21.8856 38
      vertex 24.4723 18.1144 38
      vertex 24.6741 17.7777 38
    endloop
  endfacet
  facet normal -0 0 1
    outer loop
      vertex 24.3045 21.5307 38
      vertex 24.4723 18.1144 38
      vertex 24.4723 21.8856 38
    endloop
  endfacet
  facet normal 0 0 1
    outer loop
      vertex 24.3045 21.5307 38
      vertex 24.3045 18.4693 38
      vertex 24.4723 18.1144 38
    endloop
  endfacet
  facet normal -0 0 1
    outer loop
      vertex 24.1722 21.1611 38
      vertex 24.3045 18.4693 38
      vertex 24.3045 21.5307 38
    endloop
  endfacet
  facet normal 0 0 1
    outer loop
      vertex 24.1722 21.1611 38
      vertex 24.1722 18.8389 38
      vertex 24.3045 18.4693 38
    endloop
  endfacet
  facet normal -0 0 1
    outer loop
      vertex 24.0769 20.7804 38
      vertex 24.1722 18.8389 38
      vertex 24.1722 21.1611 38
    endloop
  endfacet
  facet normal 0 0 1
    outer loop
      vertex 24.0769 20.7804 38
      vertex 24.0769 19.2196 38
      vertex 24.1722 18.8389 38
    endloop
  endfacet
  facet normal -0 0 1
    outer loop
      vertex 24.0193 20.3921 38
      vertex 24.0769 19.2196 38
      vertex 24.0769 20.7804 38
    endloop
  endfacet
  facet normal 0 0 1
    outer loop
      vertex 24.0193 20.3921 38
      vertex 24.0193 19.6079 38
      vertex 24.0769 19.2196 38
    endloop
  endfacet
  facet normal 0 -0 1
    outer loop
      vertex 24.0193 19.6079 38
      vertex 24.0193 20.3921 38
      vertex 24 20 38
    endloop
  endfacet
  facet normal 0 0 1
    outer loop
      vertex 92 16 38
      vertex 89 19 38
      vertex 89 16 38
    endloop
  endfacet
  facet normal -0.9415 -0.337014 0
    outer loop
      vertex 24.3045 18.4693 21.5307
      vertex 24.1722 18.8389 38
      vertex 24.1722 18.8389 21.1611
    endloop
  endfacet
  facet normal -0.9415 -0.337014 0
    outer loop
      vertex 24.1722 18.8389 38
      vertex 24.3045 18.4693 21.5307
      vertex 24.3045 18.4693 38
    endloop
  endfacet
  facet normal -0.9415 -0.337014 -0
    outer loop
      vertex 24.3045 18.4693 18.4693
      vertex 24.1722 18.8389 18
      vertex 24.3045 18.4693 18
    endloop
  endfacet
  facet normal -0.9415 -0.337014 0
    outer loop
      vertex 24.1722 18.8389 18
      vertex 24.3045 18.4693 18.4693
      vertex 24.1722 18.8389 18.8389
    endloop
  endfacet
  facet normal 1 -0 0
    outer loop
      vertex 40 10 16
      vertex 40 16 11
      vertex 40 16 16
    endloop
  endfacet
  facet normal 1 0 0
    outer loop
      vertex 40 16 11
      vertex 40 10 16
      vertex 40 10 11
    endloop
  endfacet
  facet normal 0 0 1
    outer loop
      vertex 30.6391 12 17
      vertex 34 16 17
      vertex 30.6391 16 17
    endloop
  endfacet
  facet normal 0 0 1
    outer loop
      vertex 34 16 17
      vertex 30.6391 12 17
      vertex 34 10 17
    endloop
  endfacet
  facet normal 0 0 1
    outer loop
      vertex 29 10 17
      vertex 30.6391 12 17
      vertex 29 12 17
    endloop
  endfacet
  facet normal 0 0 1
    outer loop
      vertex 30.6391 12 17
      vertex 29 10 17
      vertex 34 10 17
    endloop
  endfacet
  facet normal 0.989176 -0 0.146733
    outer loop
      vertex 31.9231 -2 20.7804
      vertex 31.9807 2 20.3921
      vertex 31.9231 2 20.7804
    endloop
  endfacet
  facet normal 0.989176 0 0.146733
    outer loop
      vertex 31.9807 2 20.3921
      vertex 31.9231 -2 20.7804
      vertex 31.9807 -2 20.3921
    endloop
  endfacet
  facet normal 0.998791 -0 0.0491626
    outer loop
      vertex 31.9807 -2 20.3921
      vertex 32 2 20
      vertex 31.9807 2 20.3921
    endloop
  endfacet
  facet normal 0.998791 0 0.0491626
    outer loop
      vertex 32 2 20
      vertex 31.9807 -2 20.3921
      vertex 32 -2 20
    endloop
  endfacet
  facet normal -0.989176 0 -0.146733
    outer loop
      vertex 24.0193 -2 19.6079
      vertex 24.0769 5.21964 19.2196
      vertex 24.0769 -2 19.2196
    endloop
  endfacet
  facet normal -0.989176 0 -0.146733
    outer loop
      vertex 24.0769 5.21964 19.2196
      vertex 24.0193 -2 19.6079
      vertex 24.0193 5.60793 19.6079
    endloop
  endfacet
  facet normal 0.970068 -0 0.242835
    outer loop
      vertex 31.8278 -2 21.1611
      vertex 31.9231 2 20.7804
      vertex 31.8278 2 21.1611
    endloop
  endfacet
  facet normal 0.970068 0 0.242835
    outer loop
      vertex 31.9231 2 20.7804
      vertex 31.8278 -2 21.1611
      vertex 31.9231 -2 20.7804
    endloop
  endfacet
  facet normal -0.671465 0 -0.741036
    outer loop
      vertex 25.4624 -2 16.908
      vertex 25.3921 2.01926 16.9717
      vertex 25.4624 2.0297 16.908
    endloop
  endfacet
  facet normal -0.671607 -0 -0.740908
    outer loop
      vertex 25.1716 2.00843 17.1716
      vertex 25.4624 -2 16.908
      vertex 25.1716 -2 17.1716
    endloop
  endfacet
  facet normal -0.671652 -5.94693e-06 -0.740867
    outer loop
      vertex 25.4624 -2 16.908
      vertex 25.1716 2.00843 17.1716
      vertex 25.3921 2.01926 16.9717
    endloop
  endfacet
  facet normal 0.337014 0 -0.9415
    outer loop
      vertex 29.1611 -2 16.1722
      vertex 29.5307 2 16.3045
      vertex 29.5307 -2 16.3045
    endloop
  endfacet
  facet normal 0.337014 0 -0.9415
    outer loop
      vertex 29.5307 2 16.3045
      vertex 29.1611 -2 16.1722
      vertex 29.1611 2 16.1722
    endloop
  endfacet
  facet normal -0.595794 0 0.803137
    outer loop
      vertex 25.4624 -2 23.092
      vertex 25.7777 2.67412 23.3259
      vertex 25.4624 2.90796 23.092
    endloop
  endfacet
  facet normal -0.595794 0 0.803137
    outer loop
      vertex 25.7777 2.67412 23.3259
      vertex 25.4624 -2 23.092
      vertex 25.7777 -2 23.3259
    endloop
  endfacet
  facet normal 0.9415 -0 0.337014
    outer loop
      vertex 31.6955 -2 21.5307
      vertex 31.8278 2 21.1611
      vertex 31.6955 2 21.5307
    endloop
  endfacet
  facet normal 0.9415 0 0.337014
    outer loop
      vertex 31.8278 2 21.1611
      vertex 31.6955 -2 21.5307
      vertex 31.8278 -2 21.1611
    endloop
  endfacet
  facet normal 0.337014 0 0.9415
    outer loop
      vertex 29.1611 2 23.8278
      vertex 29.5307 -2 23.6955
      vertex 29.5307 2 23.6955
    endloop
  endfacet
  facet normal 0.337014 0 0.9415
    outer loop
      vertex 29.5307 -2 23.6955
      vertex 29.1611 2 23.8278
      vertex 29.1611 -2 23.8278
    endloop
  endfacet
  facet normal -0.0491626 0 -0.998791
    outer loop
      vertex 27.6079 -2 16.0193
      vertex 28 2 16
      vertex 28 -2 16
    endloop
  endfacet
  facet normal -0.0491626 0 -0.998791
    outer loop
      vertex 28 2 16
      vertex 27.6079 -2 16.0193
      vertex 27.6079 2.01926 16.0193
    endloop
  endfacet
  facet normal 0.9415 0 -0.337014
    outer loop
      vertex 31.8278 -2 18.8389
      vertex 31.6955 2 18.4693
      vertex 31.8278 2 18.8389
    endloop
  endfacet
  facet normal 0.9415 0 -0.337014
    outer loop
      vertex 31.6955 2 18.4693
      vertex 31.8278 -2 18.8389
      vertex 31.6955 -2 18.4693
    endloop
  endfacet
  facet normal 0.671607 0 0.740908
    outer loop
      vertex 30.5376 2 23.092
      vertex 30.8284 -2 22.8284
      vertex 30.8284 2 22.8284
    endloop
  endfacet
  facet normal 0.671607 0 0.740908
    outer loop
      vertex 30.8284 -2 22.8284
      vertex 30.5376 2 23.092
      vertex 30.5376 -2 23.092
    endloop
  endfacet
  facet normal -0.42744 0 0.904044
    outer loop
      vertex 26.1144 -2 23.5277
      vertex 26.4693 2.30448 23.6955
      vertex 26.1144 2.47231 23.5277
    endloop
  endfacet
  facet normal -0.42744 0 0.904044
    outer loop
      vertex 26.4693 2.30448 23.6955
      vertex 26.1144 -2 23.5277
      vertex 26.4693 -2 23.6955
    endloop
  endfacet
  facet normal -0.671607 0 0.740908
    outer loop
      vertex 25.1716 -2 22.8284
      vertex 25.4624 2.90796 23.092
      vertex 25.1716 3.17157 22.8284
    endloop
  endfacet
  facet normal -0.671607 0 0.740908
    outer loop
      vertex 25.4624 2.90796 23.092
      vertex 25.1716 -2 22.8284
      vertex 25.4624 -2 23.092
    endloop
  endfacet
  facet normal 0.146733 0 0.989176
    outer loop
      vertex 28.3921 2 23.9807
      vertex 28.7804 -2 23.9231
      vertex 28.7804 2 23.9231
    endloop
  endfacet
  facet normal 0.146733 0 0.989176
    outer loop
      vertex 28.7804 -2 23.9231
      vertex 28.3921 2 23.9807
      vertex 28.3921 -2 23.9807
    endloop
  endfacet
  facet normal -0.970068 0 0.242835
    outer loop
      vertex 24.0769 -2 20.7804
      vertex 24.1722 4.83886 21.1611
      vertex 24.0769 5.21964 20.7804
    endloop
  endfacet
  facet normal -0.970068 0 0.242835
    outer loop
      vertex 24.1722 4.83886 21.1611
      vertex 24.0769 -2 20.7804
      vertex 24.1722 -2 21.1611
    endloop
  endfacet
  facet normal -0.904044 0 -0.42744
    outer loop
      vertex 24.3045 -2 18.4693
      vertex 24.4723 4.11441 18.1144
      vertex 24.4723 -2 18.1144
    endloop
  endfacet
  facet normal -0.904044 0 -0.42744
    outer loop
      vertex 24.4723 4.11441 18.1144
      vertex 24.3045 -2 18.4693
      vertex 24.3045 4.46927 18.4693
    endloop
  endfacet
  facet normal 0.803137 0 -0.595794
    outer loop
      vertex 31.3259 -2 17.7777
      vertex 31.092 2 17.4624
      vertex 31.3259 2 17.7777
    endloop
  endfacet
  facet normal 0.803137 0 -0.595794
    outer loop
      vertex 31.092 2 17.4624
      vertex 31.3259 -2 17.7777
      vertex 31.092 -2 17.4624
    endloop
  endfacet
  facet normal 0.242835 0 0.970068
    outer loop
      vertex 28.7804 2 23.9231
      vertex 29.1611 -2 23.8278
      vertex 29.1611 2 23.8278
    endloop
  endfacet
  facet normal 0.242835 0 0.970068
    outer loop
      vertex 29.1611 -2 23.8278
      vertex 28.7804 2 23.9231
      vertex 28.7804 -2 23.9231
    endloop
  endfacet
  facet normal -0.595794 -0 -0.803137
    outer loop
      vertex 25.4624 2.0297 16.908
      vertex 25.7777 -2 16.6741
      vertex 25.4624 -2 16.908
    endloop
  endfacet
  facet normal -0.595794 0 -0.803137
    outer loop
      vertex 25.7777 -2 16.6741
      vertex 25.4624 2.0297 16.908
      vertex 25.7777 2.07647 16.6741
    endloop
  endfacet
  facet normal 0.242835 0 -0.970068
    outer loop
      vertex 28.7804 -2 16.0769
      vertex 29.1611 2 16.1722
      vertex 29.1611 -2 16.1722
    endloop
  endfacet
  facet normal 0.242835 0 -0.970068
    outer loop
      vertex 29.1611 2 16.1722
      vertex 28.7804 -2 16.0769
      vertex 28.7804 2 16.0769
    endloop
  endfacet
  facet normal 0.989176 0 -0.146733
    outer loop
      vertex 31.9807 -2 19.6079
      vertex 31.9231 2 19.2196
      vertex 31.9807 2 19.6079
    endloop
  endfacet
  facet normal 0.989176 0 -0.146733
    outer loop
      vertex 31.9231 2 19.2196
      vertex 31.9807 -2 19.6079
      vertex 31.9231 -2 19.2196
    endloop
  endfacet
  facet normal 0.85774 0 -0.514084
    outer loop
      vertex 31.5277 -2 18.1144
      vertex 31.3259 2 17.7777
      vertex 31.5277 2 18.1144
    endloop
  endfacet
  facet normal 0.85774 0 -0.514084
    outer loop
      vertex 31.3259 2 17.7777
      vertex 31.5277 -2 18.1144
      vertex 31.3259 -2 17.7777
    endloop
  endfacet
  facet normal 0.0491626 0 0.998791
    outer loop
      vertex 28 2 24
      vertex 28.3921 -2 23.9807
      vertex 28.3921 2 23.9807
    endloop
  endfacet
  facet normal 0.0491626 0 0.998791
    outer loop
      vertex 28.3921 -2 23.9807
      vertex 28 2 24
      vertex 28 -2 24
    endloop
  endfacet
  facet normal 0.42744 0 0.904044
    outer loop
      vertex 29.5307 2 23.6955
      vertex 29.8856 -2 23.5277
      vertex 29.8856 2 23.5277
    endloop
  endfacet
  facet normal 0.42744 0 0.904044
    outer loop
      vertex 29.8856 -2 23.5277
      vertex 29.5307 2 23.6955
      vertex 29.5307 -2 23.6955
    endloop
  endfacet
  facet normal -0.857799 -0 -0.513985
    outer loop
      vertex 24.6741 2 17.7777
      vertex 24.6741 -2 17.7777
      vertex 24.5409 2 18
    endloop
  endfacet
  facet normal -0.857625 0 -0.514275
    outer loop
      vertex 24.5409 2 18
      vertex 24.4723 4.11441 18.1144
      vertex 24.5409 4 18
    endloop
  endfacet
  facet normal -0.857625 0 -0.514275
    outer loop
      vertex 24.5409 2 18
      vertex 24.4723 -2 18.1144
      vertex 24.4723 4.11441 18.1144
    endloop
  endfacet
  facet normal -0.85774 7.45141e-06 -0.514084
    outer loop
      vertex 24.4723 -2 18.1144
      vertex 24.5409 2 18
      vertex 24.6741 -2 17.7777
    endloop
  endfacet
  facet normal 0.671607 0 -0.740908
    outer loop
      vertex 30.5376 -2 16.908
      vertex 30.8284 2 17.1716
      vertex 30.8284 -2 17.1716
    endloop
  endfacet
  facet normal 0.671607 0 -0.740908
    outer loop
      vertex 30.8284 2 17.1716
      vertex 30.5376 -2 16.908
      vertex 30.5376 2 16.908
    endloop
  endfacet
  facet normal -0.9415 0 -0.337014
    outer loop
      vertex 24.1722 -2 18.8389
      vertex 24.3045 4.46927 18.4693
      vertex 24.3045 -2 18.4693
    endloop
  endfacet
  facet normal -0.9415 0 -0.337014
    outer loop
      vertex 24.3045 4.46927 18.4693
      vertex 24.1722 -2 18.8389
      vertex 24.1722 4.83886 18.8389
    endloop
  endfacet
  facet normal 0.803137 -0 0.595794
    outer loop
      vertex 31.092 -2 22.5376
      vertex 31.3259 2 22.2223
      vertex 31.092 2 22.5376
    endloop
  endfacet
  facet normal 0.803137 0 0.595794
    outer loop
      vertex 31.3259 2 22.2223
      vertex 31.092 -2 22.5376
      vertex 31.3259 -2 22.2223
    endloop
  endfacet
  facet normal -0.337014 0 0.9415
    outer loop
      vertex 26.4693 -2 23.6955
      vertex 26.8389 2.17224 23.8278
      vertex 26.4693 2.30448 23.6955
    endloop
  endfacet
  facet normal -0.337014 0 0.9415
    outer loop
      vertex 26.8389 2.17224 23.8278
      vertex 26.4693 -2 23.6955
      vertex 26.8389 -2 23.8278
    endloop
  endfacet
  facet normal -0.970068 0 -0.242835
    outer loop
      vertex 24.0769 -2 19.2196
      vertex 24.1722 4.83886 18.8389
      vertex 24.1722 -2 18.8389
    endloop
  endfacet
  facet normal -0.970068 0 -0.242835
    outer loop
      vertex 24.1722 4.83886 18.8389
      vertex 24.0769 -2 19.2196
      vertex 24.0769 5.21964 19.2196
    endloop
  endfacet
  facet normal -0.146733 0 0.989176
    outer loop
      vertex 27.2196 -2 23.9231
      vertex 27.6079 2.01926 23.9807
      vertex 27.2196 2.07686 23.9231
    endloop
  endfacet
  facet normal -0.146733 0 0.989176
    outer loop
      vertex 27.6079 2.01926 23.9807
      vertex 27.2196 -2 23.9231
      vertex 27.6079 -2 23.9807
    endloop
  endfacet
  facet normal 0.998791 0 -0.0491626
    outer loop
      vertex 32 -2 20
      vertex 31.9807 2 19.6079
      vertex 32 2 20
    endloop
  endfacet
  facet normal 0.998791 0 -0.0491626
    outer loop
      vertex 31.9807 2 19.6079
      vertex 32 -2 20
      vertex 31.9807 -2 19.6079
    endloop
  endfacet
  facet normal 0.85774 -0 0.514084
    outer loop
      vertex 31.3259 -2 22.2223
      vertex 31.5277 2 21.8856
      vertex 31.3259 2 22.2223
    endloop
  endfacet
  facet normal 0.85774 0 0.514084
    outer loop
      vertex 31.5277 2 21.8856
      vertex 31.3259 -2 22.2223
      vertex 31.5277 -2 21.8856
    endloop
  endfacet
  facet normal 0.514084 0 0.85774
    outer loop
      vertex 29.8856 2 23.5277
      vertex 30.2223 -2 23.3259
      vertex 30.2223 2 23.3259
    endloop
  endfacet
  facet normal 0.514084 0 0.85774
    outer loop
      vertex 30.2223 -2 23.3259
      vertex 29.8856 2 23.5277
      vertex 29.8856 -2 23.5277
    endloop
  endfacet
  facet normal 0.595794 0 0.803137
    outer loop
      vertex 30.2223 2 23.3259
      vertex 30.5376 -2 23.092
      vertex 30.5376 2 23.092
    endloop
  endfacet
  facet normal 0.595794 0 0.803137
    outer loop
      vertex 30.5376 -2 23.092
      vertex 30.2223 2 23.3259
      vertex 30.2223 -2 23.3259
    endloop
  endfacet
  facet normal 0.146733 0 -0.989176
    outer loop
      vertex 28.3921 -2 16.0193
      vertex 28.7804 2 16.0769
      vertex 28.7804 -2 16.0769
    endloop
  endfacet
  facet normal 0.146733 0 -0.989176
    outer loop
      vertex 28.7804 2 16.0769
      vertex 28.3921 -2 16.0193
      vertex 28.3921 2 16.0193
    endloop
  endfacet
  facet normal 0.970068 0 -0.242835
    outer loop
      vertex 31.9231 -2 19.2196
      vertex 31.8278 2 18.8389
      vertex 31.9231 2 19.2196
    endloop
  endfacet
  facet normal 0.970068 0 -0.242835
    outer loop
      vertex 31.8278 2 18.8389
      vertex 31.9231 -2 19.2196
      vertex 31.8278 -2 18.8389
    endloop
  endfacet
  facet normal -0.998791 0 -0.0491626
    outer loop
      vertex 24 -2 20
      vertex 24.0193 5.60793 19.6079
      vertex 24.0193 -2 19.6079
    endloop
  endfacet
  facet normal -0.998791 0 -0.0491626
    outer loop
      vertex 24.0193 5.60793 19.6079
      vertex 24 -2 20
      vertex 24 6 20
    endloop
  endfacet
  facet normal -0.998791 0 0.0491626
    outer loop
      vertex 24 -2 20
      vertex 24.0193 5.60793 20.3921
      vertex 24 6 20
    endloop
  endfacet
  facet normal -0.998791 0 0.0491626
    outer loop
      vertex 24.0193 5.60793 20.3921
      vertex 24 -2 20
      vertex 24.0193 -2 20.3921
    endloop
  endfacet
  facet normal -0.242835 0 -0.970068
    outer loop
      vertex 26.8389 -2 16.1722
      vertex 27.2196 2.07686 16.0769
      vertex 27.2196 -2 16.0769
    endloop
  endfacet
  facet normal -0.242835 0 -0.970068
    outer loop
      vertex 27.2196 2.07686 16.0769
      vertex 26.8389 -2 16.1722
      vertex 26.8389 2.17224 16.1722
    endloop
  endfacet
  facet normal 0.904044 -0 0.42744
    outer loop
      vertex 31.5277 -2 21.8856
      vertex 31.6955 2 21.5307
      vertex 31.5277 2 21.8856
    endloop
  endfacet
  facet normal 0.904044 0 0.42744
    outer loop
      vertex 31.6955 2 21.5307
      vertex 31.5277 -2 21.8856
      vertex 31.6955 -2 21.5307
    endloop
  endfacet
  facet normal -0.740908 0 0.671607
    outer loop
      vertex 24.908 -2 22.5376
      vertex 25.1716 3.17157 22.8284
      vertex 24.908 3.46243 22.5376
    endloop
  endfacet
  facet normal -0.740908 0 0.671607
    outer loop
      vertex 25.1716 3.17157 22.8284
      vertex 24.908 -2 22.5376
      vertex 25.1716 -2 22.8284
    endloop
  endfacet
  facet normal -0.242835 0 0.970068
    outer loop
      vertex 26.8389 -2 23.8278
      vertex 27.2196 2.07686 23.9231
      vertex 26.8389 2.17224 23.8278
    endloop
  endfacet
  facet normal -0.242835 0 0.970068
    outer loop
      vertex 27.2196 2.07686 23.9231
      vertex 26.8389 -2 23.8278
      vertex 27.2196 -2 23.9231
    endloop
  endfacet
  facet normal -0.803137 0 -0.595794
    outer loop
      vertex 24.908 -2 17.4624
      vertex 24.6741 2 17.7777
      vertex 24.908 2 17.4624
    endloop
  endfacet
  facet normal -0.803137 -0 -0.595794
    outer loop
      vertex 24.6741 2 17.7777
      vertex 24.908 -2 17.4624
      vertex 24.6741 -2 17.7777
    endloop
  endfacet
  facet normal -0.514118 0 -0.857719
    outer loop
      vertex 26.1144 -2 16.4723
      vertex 25.7804 2.07686 16.6725
      vertex 26.1144 2.16053 16.4723
    endloop
  endfacet
  facet normal -0.514084 -0 -0.85774
    outer loop
      vertex 25.7777 2.07647 16.6741
      vertex 26.1144 -2 16.4723
      vertex 25.7777 -2 16.6741
    endloop
  endfacet
  facet normal -0.509853 0.000474242 -0.860261
    outer loop
      vertex 26.1144 -2 16.4723
      vertex 25.7777 2.07647 16.6741
      vertex 25.7804 2.07686 16.6725
    endloop
  endfacet
  facet normal -0.904044 0 0.42744
    outer loop
      vertex 24.3045 -2 21.5307
      vertex 24.4723 4.11441 21.8856
      vertex 24.3045 4.46927 21.5307
    endloop
  endfacet
  facet normal -0.904044 0 0.42744
    outer loop
      vertex 24.4723 4.11441 21.8856
      vertex 24.3045 -2 21.5307
      vertex 24.4723 -2 21.8856
    endloop
  endfacet
  facet normal -0.9415 0 0.337014
    outer loop
      vertex 24.1722 -2 21.1611
      vertex 24.3045 4.46927 21.5307
      vertex 24.1722 4.83886 21.1611
    endloop
  endfacet
  facet normal -0.9415 0 0.337014
    outer loop
      vertex 24.3045 4.46927 21.5307
      vertex 24.1722 -2 21.1611
      vertex 24.3045 -2 21.5307
    endloop
  endfacet
  facet normal 0 -1 0
    outer loop
      vertex 28 -2 22
      vertex 28 -2 24
      vertex 27.6079 -2 23.9807
    endloop
  endfacet
  facet normal 0 -1 0
    outer loop
      vertex 27.804 -2 21.9904
      vertex 27.6079 -2 23.9807
      vertex 27.2196 -2 23.9231
    endloop
  endfacet
  facet normal 0 -1 0
    outer loop
      vertex 28 -2 24
      vertex 28 -2 22
      vertex 28.3921 -2 23.9807
    endloop
  endfacet
  facet normal 0 -1 0
    outer loop
      vertex 27.6098 -2 21.9616
      vertex 27.2196 -2 23.9231
      vertex 26.8389 -2 23.8278
    endloop
  endfacet
  facet normal 0 -1 0
    outer loop
      vertex 28.196 -2 21.9904
      vertex 28.3921 -2 23.9807
      vertex 28 -2 22
    endloop
  endfacet
  facet normal 0 -1 0
    outer loop
      vertex 27.4194 -2 21.9139
      vertex 26.8389 -2 23.8278
      vertex 26.4693 -2 23.6955
    endloop
  endfacet
  facet normal 0 -1 -0
    outer loop
      vertex 28.3921 -2 23.9807
      vertex 28.196 -2 21.9904
      vertex 28.7804 -2 23.9231
    endloop
  endfacet
  facet normal 0 -1 0
    outer loop
      vertex 27.2346 -2 21.8478
      vertex 26.4693 -2 23.6955
      vertex 26.1144 -2 23.5277
    endloop
  endfacet
  facet normal 0 -1 0
    outer loop
      vertex 28.3902 -2 21.9616
      vertex 28.7804 -2 23.9231
      vertex 28.196 -2 21.9904
    endloop
  endfacet
  facet normal 0 -1 0
    outer loop
      vertex 27.0572 -2 21.7638
      vertex 26.1144 -2 23.5277
      vertex 25.7777 -2 23.3259
    endloop
  endfacet
  facet normal 0 -1 -0
    outer loop
      vertex 28.7804 -2 23.9231
      vertex 28.3902 -2 21.9616
      vertex 29.1611 -2 23.8278
    endloop
  endfacet
  facet normal 0 -1 0
    outer loop
      vertex 26.8889 -2 21.6629
      vertex 25.7777 -2 23.3259
      vertex 25.4624 -2 23.092
    endloop
  endfacet
  facet normal 0 -1 0
    outer loop
      vertex 28.5806 -2 21.9139
      vertex 29.1611 -2 23.8278
      vertex 28.3902 -2 21.9616
    endloop
  endfacet
  facet normal 0 -1 0
    outer loop
      vertex 26.7312 -2 21.546
      vertex 25.4624 -2 23.092
      vertex 25.1716 -2 22.8284
    endloop
  endfacet
  facet normal 0 -1 -0
    outer loop
      vertex 29.1611 -2 23.8278
      vertex 28.5806 -2 21.9139
      vertex 29.5307 -2 23.6955
    endloop
  endfacet
  facet normal 0 -1 0
    outer loop
      vertex 26.5858 -2 21.4142
      vertex 25.1716 -2 22.8284
      vertex 24.908 -2 22.5376
    endloop
  endfacet
  facet normal 0 -1 0
    outer loop
      vertex 28.7654 -2 21.8478
      vertex 29.5307 -2 23.6955
      vertex 28.5806 -2 21.9139
    endloop
  endfacet
  facet normal 0 -1 0
    outer loop
      vertex 26.454 -2 21.2688
      vertex 24.908 -2 22.5376
      vertex 24.6741 -2 22.2223
    endloop
  endfacet
  facet normal 0 -1 -0
    outer loop
      vertex 29.5307 -2 23.6955
      vertex 28.7654 -2 21.8478
      vertex 29.8856 -2 23.5277
    endloop
  endfacet
  facet normal 0 -1 0
    outer loop
      vertex 28.9428 -2 21.7638
      vertex 29.8856 -2 23.5277
      vertex 28.7654 -2 21.8478
    endloop
  endfacet
  facet normal 0 -1 0
    outer loop
      vertex 27.6079 -2 23.9807
      vertex 27.804 -2 21.9904
      vertex 28 -2 22
    endloop
  endfacet
  facet normal 0 -1 0
    outer loop
      vertex 27.2196 -2 23.9231
      vertex 27.6098 -2 21.9616
      vertex 27.804 -2 21.9904
    endloop
  endfacet
  facet normal 0 -1 0
    outer loop
      vertex 26.8389 -2 23.8278
      vertex 27.4194 -2 21.9139
      vertex 27.6098 -2 21.9616
    endloop
  endfacet
  facet normal 0 -1 0
    outer loop
      vertex 26.3371 -2 21.1111
      vertex 24.6741 -2 22.2223
      vertex 24.4723 -2 21.8856
    endloop
  endfacet
  facet normal 0 -1 0
    outer loop
      vertex 26.4693 -2 23.6955
      vertex 27.2346 -2 21.8478
      vertex 27.4194 -2 21.9139
    endloop
  endfacet
  facet normal 0 -1 0
    outer loop
      vertex 26.1144 -2 23.5277
      vertex 27.0572 -2 21.7638
      vertex 27.2346 -2 21.8478
    endloop
  endfacet
  facet normal 0 -1 0
    outer loop
      vertex 25.7777 -2 23.3259
      vertex 26.8889 -2 21.6629
      vertex 27.0572 -2 21.7638
    endloop
  endfacet
  facet normal 0 -1 0
    outer loop
      vertex 25.4624 -2 23.092
      vertex 26.7312 -2 21.546
      vertex 26.8889 -2 21.6629
    endloop
  endfacet
  facet normal 0 -1 0
    outer loop
      vertex 26.2362 -2 20.9428
      vertex 24.4723 -2 21.8856
      vertex 24.3045 -2 21.5307
    endloop
  endfacet
  facet normal 0 -1 0
    outer loop
      vertex 25.1716 -2 22.8284
      vertex 26.5858 -2 21.4142
      vertex 26.7312 -2 21.546
    endloop
  endfacet
  facet normal 0 -1 0
    outer loop
      vertex 24.908 -2 22.5376
      vertex 26.454 -2 21.2688
      vertex 26.5858 -2 21.4142
    endloop
  endfacet
  facet normal 0 -1 0
    outer loop
      vertex 26.1522 -2 20.7654
      vertex 24.3045 -2 21.5307
      vertex 24.1722 -2 21.1611
    endloop
  endfacet
  facet normal 0 -1 0
    outer loop
      vertex 24.6741 -2 22.2223
      vertex 26.3371 -2 21.1111
      vertex 26.454 -2 21.2688
    endloop
  endfacet
  facet normal 0 -1 0
    outer loop
      vertex 24.4723 -2 21.8856
      vertex 26.2362 -2 20.9428
      vertex 26.3371 -2 21.1111
    endloop
  endfacet
  facet normal 0 -1 0
    outer loop
      vertex 26.0861 -2 20.5806
      vertex 24.1722 -2 21.1611
      vertex 24.0769 -2 20.7804
    endloop
  endfacet
  facet normal 0 -1 0
    outer loop
      vertex 24.3045 -2 21.5307
      vertex 26.1522 -2 20.7654
      vertex 26.2362 -2 20.9428
    endloop
  endfacet
  facet normal 0 -1 0
    outer loop
      vertex 24.1722 -2 21.1611
      vertex 26.0861 -2 20.5806
      vertex 26.1522 -2 20.7654
    endloop
  endfacet
  facet normal 0 -1 0
    outer loop
      vertex 26.0384 -2 20.3902
      vertex 24.0769 -2 20.7804
      vertex 24.0193 -2 20.3921
    endloop
  endfacet
  facet normal 0 -1 0
    outer loop
      vertex 24.0769 -2 20.7804
      vertex 26.0384 -2 20.3902
      vertex 26.0861 -2 20.5806
    endloop
  endfacet
  facet normal 0 -1 0
    outer loop
      vertex 24.0193 -2 20.3921
      vertex 26.0096 -2 20.196
      vertex 26.0384 -2 20.3902
    endloop
  endfacet
  facet normal 0 -1 0
    outer loop
      vertex 24 -2 20
      vertex 26.0096 -2 20.196
      vertex 24.0193 -2 20.3921
    endloop
  endfacet
  facet normal 0 -1 0
    outer loop
      vertex 24 -2 20
      vertex 26 -2 20
      vertex 26.0096 -2 20.196
    endloop
  endfacet
  facet normal 0 -1 0
    outer loop
      vertex 24 -2 20
      vertex 26.0096 -2 19.804
      vertex 26 -2 20
    endloop
  endfacet
  facet normal 0 -1 0
    outer loop
      vertex 24.0193 -2 19.6079
      vertex 26.0096 -2 19.804
      vertex 24 -2 20
    endloop
  endfacet
  facet normal 0 -1 -0
    outer loop
      vertex 26.0096 -2 19.804
      vertex 24.0193 -2 19.6079
      vertex 26.0384 -2 19.6098
    endloop
  endfacet
  facet normal 0 -1 0
    outer loop
      vertex 24.0769 -2 19.2196
      vertex 26.0384 -2 19.6098
      vertex 24.0193 -2 19.6079
    endloop
  endfacet
  facet normal 0 -1 -0
    outer loop
      vertex 26.0384 -2 19.6098
      vertex 24.0769 -2 19.2196
      vertex 26.0861 -2 19.4194
    endloop
  endfacet
  facet normal 0 -1 0
    outer loop
      vertex 24.1722 -2 18.8389
      vertex 26.0861 -2 19.4194
      vertex 24.0769 -2 19.2196
    endloop
  endfacet
  facet normal 0 -1 -0
    outer loop
      vertex 26.0861 -2 19.4194
      vertex 24.1722 -2 18.8389
      vertex 26.1522 -2 19.2346
    endloop
  endfacet
  facet normal 0 -1 0
    outer loop
      vertex 24.3045 -2 18.4693
      vertex 26.1522 -2 19.2346
      vertex 24.1722 -2 18.8389
    endloop
  endfacet
  facet normal 0 -1 -0
    outer loop
      vertex 26.1522 -2 19.2346
      vertex 24.3045 -2 18.4693
      vertex 26.2362 -2 19.0572
    endloop
  endfacet
  facet normal 0 -1 0
    outer loop
      vertex 24.4723 -2 18.1144
      vertex 26.2362 -2 19.0572
      vertex 24.3045 -2 18.4693
    endloop
  endfacet
  facet normal 0 -1 -0
    outer loop
      vertex 26.2362 -2 19.0572
      vertex 24.4723 -2 18.1144
      vertex 26.3371 -2 18.8889
    endloop
  endfacet
  facet normal 0 -1 0
    outer loop
      vertex 24.6741 -2 17.7777
      vertex 26.3371 -2 18.8889
      vertex 24.4723 -2 18.1144
    endloop
  endfacet
  facet normal 0 -1 -0
    outer loop
      vertex 26.3371 -2 18.8889
      vertex 24.6741 -2 17.7777
      vertex 26.454 -2 18.7312
    endloop
  endfacet
  facet normal 0 -1 0
    outer loop
      vertex 24.908 -2 17.4624
      vertex 26.454 -2 18.7312
      vertex 24.6741 -2 17.7777
    endloop
  endfacet
  facet normal 0 -1 -0
    outer loop
      vertex 26.454 -2 18.7312
      vertex 24.908 -2 17.4624
      vertex 26.5858 -2 18.5858
    endloop
  endfacet
  facet normal 0 -1 0
    outer loop
      vertex 25.1716 -2 17.1716
      vertex 26.5858 -2 18.5858
      vertex 24.908 -2 17.4624
    endloop
  endfacet
  facet normal 0 -1 -0
    outer loop
      vertex 26.5858 -2 18.5858
      vertex 25.1716 -2 17.1716
      vertex 26.7312 -2 18.454
    endloop
  endfacet
  facet normal 0 -1 0
    outer loop
      vertex 25.4624 -2 16.908
      vertex 26.7312 -2 18.454
      vertex 25.1716 -2 17.1716
    endloop
  endfacet
  facet normal 0 -1 -0
    outer loop
      vertex 26.7312 -2 18.454
      vertex 25.4624 -2 16.908
      vertex 26.8889 -2 18.3371
    endloop
  endfacet
  facet normal 0 -1 0
    outer loop
      vertex 25.7777 -2 16.6741
      vertex 26.8889 -2 18.3371
      vertex 25.4624 -2 16.908
    endloop
  endfacet
  facet normal 0 -1 -0
    outer loop
      vertex 26.8889 -2 18.3371
      vertex 25.7777 -2 16.6741
      vertex 27.0572 -2 18.2362
    endloop
  endfacet
  facet normal 0 -1 0
    outer loop
      vertex 26.1144 -2 16.4723
      vertex 27.0572 -2 18.2362
      vertex 25.7777 -2 16.6741
    endloop
  endfacet
  facet normal 0 -1 -0
    outer loop
      vertex 29.8856 -2 23.5277
      vertex 28.9428 -2 21.7638
      vertex 30.2223 -2 23.3259
    endloop
  endfacet
  facet normal 0 -1 0
    outer loop
      vertex 29.1111 -2 21.6629
      vertex 30.2223 -2 23.3259
      vertex 28.9428 -2 21.7638
    endloop
  endfacet
  facet normal 0 -1 -0
    outer loop
      vertex 30.2223 -2 23.3259
      vertex 29.1111 -2 21.6629
      vertex 30.5376 -2 23.092
    endloop
  endfacet
  facet normal 0 -1 0
    outer loop
      vertex 29.2688 -2 21.546
      vertex 30.5376 -2 23.092
      vertex 29.1111 -2 21.6629
    endloop
  endfacet
  facet normal 0 -1 -0
    outer loop
      vertex 30.5376 -2 23.092
      vertex 29.2688 -2 21.546
      vertex 30.8284 -2 22.8284
    endloop
  endfacet
  facet normal 0 -1 0
    outer loop
      vertex 29.4142 -2 21.4142
      vertex 30.8284 -2 22.8284
      vertex 29.2688 -2 21.546
    endloop
  endfacet
  facet normal 0 -1 -0
    outer loop
      vertex 30.8284 -2 22.8284
      vertex 29.4142 -2 21.4142
      vertex 31.092 -2 22.5376
    endloop
  endfacet
  facet normal 0 -1 0
    outer loop
      vertex 29.546 -2 21.2688
      vertex 31.092 -2 22.5376
      vertex 29.4142 -2 21.4142
    endloop
  endfacet
  facet normal 0 -1 -0
    outer loop
      vertex 31.092 -2 22.5376
      vertex 29.546 -2 21.2688
      vertex 31.3259 -2 22.2223
    endloop
  endfacet
  facet normal 0 -1 0
    outer loop
      vertex 29.6629 -2 21.1111
      vertex 31.3259 -2 22.2223
      vertex 29.546 -2 21.2688
    endloop
  endfacet
  facet normal 0 -1 -0
    outer loop
      vertex 31.3259 -2 22.2223
      vertex 29.6629 -2 21.1111
      vertex 31.5277 -2 21.8856
    endloop
  endfacet
  facet normal 0 -1 0
    outer loop
      vertex 29.7638 -2 20.9428
      vertex 31.5277 -2 21.8856
      vertex 29.6629 -2 21.1111
    endloop
  endfacet
  facet normal 0 -1 -0
    outer loop
      vertex 31.5277 -2 21.8856
      vertex 29.7638 -2 20.9428
      vertex 31.6955 -2 21.5307
    endloop
  endfacet
  facet normal 0 -1 0
    outer loop
      vertex 29.8478 -2 20.7654
      vertex 31.6955 -2 21.5307
      vertex 29.7638 -2 20.9428
    endloop
  endfacet
  facet normal 0 -1 -0
    outer loop
      vertex 31.6955 -2 21.5307
      vertex 29.8478 -2 20.7654
      vertex 31.8278 -2 21.1611
    endloop
  endfacet
  facet normal 0 -1 0
    outer loop
      vertex 29.9139 -2 20.5806
      vertex 31.8278 -2 21.1611
      vertex 29.8478 -2 20.7654
    endloop
  endfacet
  facet normal 0 -1 -0
    outer loop
      vertex 31.8278 -2 21.1611
      vertex 29.9139 -2 20.5806
      vertex 31.9231 -2 20.7804
    endloop
  endfacet
  facet normal 0 -1 0
    outer loop
      vertex 29.9616 -2 20.3902
      vertex 31.9231 -2 20.7804
      vertex 29.9139 -2 20.5806
    endloop
  endfacet
  facet normal 0 -1 -0
    outer loop
      vertex 31.9231 -2 20.7804
      vertex 29.9616 -2 20.3902
      vertex 31.9807 -2 20.3921
    endloop
  endfacet
  facet normal 0 -1 0
    outer loop
      vertex 29.9904 -2 20.196
      vertex 31.9807 -2 20.3921
      vertex 29.9616 -2 20.3902
    endloop
  endfacet
  facet normal 0 -1 0
    outer loop
      vertex 30 -2 20
      vertex 31.9807 -2 20.3921
      vertex 29.9904 -2 20.196
    endloop
  endfacet
  facet normal 0 -1 0
    outer loop
      vertex 30 -2 20
      vertex 32 -2 20
      vertex 31.9807 -2 20.3921
    endloop
  endfacet
  facet normal 0 -1 0
    outer loop
      vertex 29.9904 -2 19.804
      vertex 32 -2 20
      vertex 30 -2 20
    endloop
  endfacet
  facet normal 0 -1 0
    outer loop
      vertex 31.9807 -2 19.6079
      vertex 29.9904 -2 19.804
      vertex 29.9616 -2 19.6098
    endloop
  endfacet
  facet normal 0 -1 0
    outer loop
      vertex 29.9904 -2 19.804
      vertex 31.9807 -2 19.6079
      vertex 32 -2 20
    endloop
  endfacet
  facet normal 0 -1 0
    outer loop
      vertex 31.9231 -2 19.2196
      vertex 29.9616 -2 19.6098
      vertex 29.9139 -2 19.4194
    endloop
  endfacet
  facet normal 0 -1 0
    outer loop
      vertex 31.8278 -2 18.8389
      vertex 29.9139 -2 19.4194
      vertex 29.8478 -2 19.2346
    endloop
  endfacet
  facet normal 0 -1 0
    outer loop
      vertex 29.9616 -2 19.6098
      vertex 31.9231 -2 19.2196
      vertex 31.9807 -2 19.6079
    endloop
  endfacet
  facet normal 0 -1 0
    outer loop
      vertex 31.6955 -2 18.4693
      vertex 29.8478 -2 19.2346
      vertex 29.7638 -2 19.0572
    endloop
  endfacet
  facet normal 0 -1 0
    outer loop
      vertex 31.5277 -2 18.1144
      vertex 29.7638 -2 19.0572
      vertex 29.6629 -2 18.8889
    endloop
  endfacet
  facet normal 0 -1 0
    outer loop
      vertex 29.9139 -2 19.4194
      vertex 31.8278 -2 18.8389
      vertex 31.9231 -2 19.2196
    endloop
  endfacet
  facet normal 0 -1 0
    outer loop
      vertex 31.3259 -2 17.7777
      vertex 29.6629 -2 18.8889
      vertex 29.546 -2 18.7312
    endloop
  endfacet
  facet normal 0 -1 0
    outer loop
      vertex 31.092 -2 17.4624
      vertex 29.546 -2 18.7312
      vertex 29.4142 -2 18.5858
    endloop
  endfacet
  facet normal 0 -1 0
    outer loop
      vertex 29.8478 -2 19.2346
      vertex 31.6955 -2 18.4693
      vertex 31.8278 -2 18.8389
    endloop
  endfacet
  facet normal 0 -1 0
    outer loop
      vertex 30.8284 -2 17.1716
      vertex 29.4142 -2 18.5858
      vertex 29.2688 -2 18.454
    endloop
  endfacet
  facet normal 0 -1 0
    outer loop
      vertex 30.5376 -2 16.908
      vertex 29.2688 -2 18.454
      vertex 29.1111 -2 18.3371
    endloop
  endfacet
  facet normal 0 -1 0
    outer loop
      vertex 30.2223 -2 16.6741
      vertex 29.1111 -2 18.3371
      vertex 28.9428 -2 18.2362
    endloop
  endfacet
  facet normal 0 -1 0
    outer loop
      vertex 29.8856 -2 16.4723
      vertex 28.9428 -2 18.2362
      vertex 28.7654 -2 18.1522
    endloop
  endfacet
  facet normal 0 -1 0
    outer loop
      vertex 29.7638 -2 19.0572
      vertex 31.5277 -2 18.1144
      vertex 31.6955 -2 18.4693
    endloop
  endfacet
  facet normal 0 -1 0
    outer loop
      vertex 29.5307 -2 16.3045
      vertex 28.7654 -2 18.1522
      vertex 28.5806 -2 18.0861
    endloop
  endfacet
  facet normal 0 -1 0
    outer loop
      vertex 29.1611 -2 16.1722
      vertex 28.5806 -2 18.0861
      vertex 28.3902 -2 18.0384
    endloop
  endfacet
  facet normal 0 -1 0
    outer loop
      vertex 28.7804 -2 16.0769
      vertex 28.3902 -2 18.0384
      vertex 28.196 -2 18.0096
    endloop
  endfacet
  facet normal 0 -1 0
    outer loop
      vertex 28.3921 -2 16.0193
      vertex 28.196 -2 18.0096
      vertex 28 -2 18
    endloop
  endfacet
  facet normal 0 -1 -0
    outer loop
      vertex 27.0572 -2 18.2362
      vertex 26.1144 -2 16.4723
      vertex 27.2346 -2 18.1522
    endloop
  endfacet
  facet normal 0 -1 0
    outer loop
      vertex 29.6629 -2 18.8889
      vertex 31.3259 -2 17.7777
      vertex 31.5277 -2 18.1144
    endloop
  endfacet
  facet normal 0 -1 0
    outer loop
      vertex 26.4693 -2 16.3045
      vertex 27.2346 -2 18.1522
      vertex 26.1144 -2 16.4723
    endloop
  endfacet
  facet normal 0 -1 0
    outer loop
      vertex 29.546 -2 18.7312
      vertex 31.092 -2 17.4624
      vertex 31.3259 -2 17.7777
    endloop
  endfacet
  facet normal 0 -1 -0
    outer loop
      vertex 27.2346 -2 18.1522
      vertex 26.4693 -2 16.3045
      vertex 27.4194 -2 18.0861
    endloop
  endfacet
  facet normal 0 -1 0
    outer loop
      vertex 29.4142 -2 18.5858
      vertex 30.8284 -2 17.1716
      vertex 31.092 -2 17.4624
    endloop
  endfacet
  facet normal 0 -1 0
    outer loop
      vertex 26.8389 -2 16.1722
      vertex 27.4194 -2 18.0861
      vertex 26.4693 -2 16.3045
    endloop
  endfacet
  facet normal 0 -1 0
    outer loop
      vertex 29.2688 -2 18.454
      vertex 30.5376 -2 16.908
      vertex 30.8284 -2 17.1716
    endloop
  endfacet
  facet normal 0 -1 -0
    outer loop
      vertex 27.4194 -2 18.0861
      vertex 26.8389 -2 16.1722
      vertex 27.6098 -2 18.0384
    endloop
  endfacet
  facet normal 0 -1 0
    outer loop
      vertex 29.1111 -2 18.3371
      vertex 30.2223 -2 16.6741
      vertex 30.5376 -2 16.908
    endloop
  endfacet
  facet normal 0 -1 0
    outer loop
      vertex 27.2196 -2 16.0769
      vertex 27.6098 -2 18.0384
      vertex 26.8389 -2 16.1722
    endloop
  endfacet
  facet normal 0 -1 0
    outer loop
      vertex 28.9428 -2 18.2362
      vertex 29.8856 -2 16.4723
      vertex 30.2223 -2 16.6741
    endloop
  endfacet
  facet normal 0 -1 -0
    outer loop
      vertex 27.6098 -2 18.0384
      vertex 27.2196 -2 16.0769
      vertex 27.804 -2 18.0096
    endloop
  endfacet
  facet normal 0 -1 0
    outer loop
      vertex 28.7654 -2 18.1522
      vertex 29.5307 -2 16.3045
      vertex 29.8856 -2 16.4723
    endloop
  endfacet
  facet normal 0 -1 0
    outer loop
      vertex 27.6079 -2 16.0193
      vertex 27.804 -2 18.0096
      vertex 27.2196 -2 16.0769
    endloop
  endfacet
  facet normal 0 -1 0
    outer loop
      vertex 28.5806 -2 18.0861
      vertex 29.1611 -2 16.1722
      vertex 29.5307 -2 16.3045
    endloop
  endfacet
  facet normal 0 -1 -0
    outer loop
      vertex 27.804 -2 18.0096
      vertex 27.6079 -2 16.0193
      vertex 28 -2 18
    endloop
  endfacet
  facet normal 0 -1 0
    outer loop
      vertex 28.3902 -2 18.0384
      vertex 28.7804 -2 16.0769
      vertex 29.1611 -2 16.1722
    endloop
  endfacet
  facet normal 0 -1 0
    outer loop
      vertex 28 -2 16
      vertex 28 -2 18
      vertex 27.6079 -2 16.0193
    endloop
  endfacet
  facet normal 0 -1 0
    outer loop
      vertex 28.196 -2 18.0096
      vertex 28.3921 -2 16.0193
      vertex 28.7804 -2 16.0769
    endloop
  endfacet
  facet normal 0 -1 0
    outer loop
      vertex 28 -2 18
      vertex 28 -2 16
      vertex 28.3921 -2 16.0193
    endloop
  endfacet
  facet normal 0.42744 0 -0.904044
    outer loop
      vertex 29.5307 -2 16.3045
      vertex 29.8856 2 16.4723
      vertex 29.8856 -2 16.4723
    endloop
  endfacet
  facet normal 0.42744 0 -0.904044
    outer loop
      vertex 29.8856 2 16.4723
      vertex 29.5307 -2 16.3045
      vertex 29.5307 2 16.3045
    endloop
  endfacet
  facet normal -0.740896 0 -0.67162
    outer loop
      vertex 25.1716 -2 17.1716
      vertex 25 2 17.3609
      vertex 25.1716 2.00843 17.1716
    endloop
  endfacet
  facet normal -0.740908 -1.14652e-06 -0.671607
    outer loop
      vertex 24.908 -2 17.4624
      vertex 25 2 17.3609
      vertex 25.1716 -2 17.1716
    endloop
  endfacet
  facet normal -0.74093 0 -0.671582
    outer loop
      vertex 25 2 17.3609
      vertex 24.908 -2 17.4624
      vertex 24.908 2 17.4624
    endloop
  endfacet
  facet normal -0.0491626 0 0.998791
    outer loop
      vertex 27.6079 -2 23.9807
      vertex 28 2 24
      vertex 27.6079 2.01926 23.9807
    endloop
  endfacet
  facet normal -0.0491626 0 0.998791
    outer loop
      vertex 28 2 24
      vertex 27.6079 -2 23.9807
      vertex 28 -2 24
    endloop
  endfacet
  facet normal 0.0491626 0 -0.998791
    outer loop
      vertex 28 -2 16
      vertex 28.3921 2 16.0193
      vertex 28.3921 -2 16.0193
    endloop
  endfacet
  facet normal 0.0491626 0 -0.998791
    outer loop
      vertex 28.3921 2 16.0193
      vertex 28 -2 16
      vertex 28 2 16
    endloop
  endfacet
  facet normal 0.740908 -0 0.671607
    outer loop
      vertex 30.8284 -2 22.8284
      vertex 31.092 2 22.5376
      vertex 30.8284 2 22.8284
    endloop
  endfacet
  facet normal 0.740908 0 0.671607
    outer loop
      vertex 31.092 2 22.5376
      vertex 30.8284 -2 22.8284
      vertex 31.092 -2 22.5376
    endloop
  endfacet
  facet normal 0.595794 0 -0.803137
    outer loop
      vertex 30.2223 -2 16.6741
      vertex 30.5376 2 16.908
      vertex 30.5376 -2 16.908
    endloop
  endfacet
  facet normal 0.595794 0 -0.803137
    outer loop
      vertex 30.5376 2 16.908
      vertex 30.2223 -2 16.6741
      vertex 30.2223 2 16.6741
    endloop
  endfacet
  facet normal 0.514084 0 -0.85774
    outer loop
      vertex 29.8856 -2 16.4723
      vertex 30.2223 2 16.6741
      vertex 30.2223 -2 16.6741
    endloop
  endfacet
  facet normal 0.514084 0 -0.85774
    outer loop
      vertex 30.2223 2 16.6741
      vertex 29.8856 -2 16.4723
      vertex 29.8856 2 16.4723
    endloop
  endfacet
  facet normal 0.904044 0 -0.42744
    outer loop
      vertex 31.6955 -2 18.4693
      vertex 31.5277 2 18.1144
      vertex 31.6955 2 18.4693
    endloop
  endfacet
  facet normal 0.904044 0 -0.42744
    outer loop
      vertex 31.5277 2 18.1144
      vertex 31.6955 -2 18.4693
      vertex 31.5277 -2 18.1144
    endloop
  endfacet
  facet normal -0.803137 0 0.595794
    outer loop
      vertex 24.6741 -2 22.2223
      vertex 24.908 3.46243 22.5376
      vertex 24.6741 3.77772 22.2223
    endloop
  endfacet
  facet normal -0.803137 0 0.595794
    outer loop
      vertex 24.908 3.46243 22.5376
      vertex 24.6741 -2 22.2223
      vertex 24.908 -2 22.5376
    endloop
  endfacet
  facet normal -0.514084 0 0.85774
    outer loop
      vertex 25.7777 -2 23.3259
      vertex 26.1144 2.47231 23.5277
      vertex 25.7777 2.67412 23.3259
    endloop
  endfacet
  facet normal -0.514084 0 0.85774
    outer loop
      vertex 26.1144 2.47231 23.5277
      vertex 25.7777 -2 23.3259
      vertex 26.1144 -2 23.5277
    endloop
  endfacet
  facet normal 0.740908 0 -0.671607
    outer loop
      vertex 31.092 -2 17.4624
      vertex 30.8284 2 17.1716
      vertex 31.092 2 17.4624
    endloop
  endfacet
  facet normal 0.740908 0 -0.671607
    outer loop
      vertex 30.8284 2 17.1716
      vertex 31.092 -2 17.4624
      vertex 30.8284 -2 17.1716
    endloop
  endfacet
  facet normal -0.989176 0 0.146733
    outer loop
      vertex 24.0193 -2 20.3921
      vertex 24.0769 5.21964 20.7804
      vertex 24.0193 5.60793 20.3921
    endloop
  endfacet
  facet normal -0.989176 0 0.146733
    outer loop
      vertex 24.0769 5.21964 20.7804
      vertex 24.0193 -2 20.3921
      vertex 24.0769 -2 20.7804
    endloop
  endfacet
  facet normal -0.85774 0 0.514084
    outer loop
      vertex 24.4723 -2 21.8856
      vertex 24.6741 3.77772 22.2223
      vertex 24.4723 4.11441 21.8856
    endloop
  endfacet
  facet normal -0.85774 0 0.514084
    outer loop
      vertex 24.6741 3.77772 22.2223
      vertex 24.4723 -2 21.8856
      vertex 24.6741 -2 22.2223
    endloop
  endfacet
  facet normal -0.146733 0 -0.989176
    outer loop
      vertex 27.2196 -2 16.0769
      vertex 27.6079 2.01926 16.0193
      vertex 27.6079 -2 16.0193
    endloop
  endfacet
  facet normal -0.146733 0 -0.989176
    outer loop
      vertex 27.6079 2.01926 16.0193
      vertex 27.2196 -2 16.0769
      vertex 27.2196 2.07686 16.0769
    endloop
  endfacet
  facet normal -0.427393 0 -0.904066
    outer loop
      vertex 26.4693 -2 16.3045
      vertex 26.1611 2.17224 16.4502
      vertex 26.4693 2.28249 16.3045
    endloop
  endfacet
  facet normal -0.42744 -0 -0.904044
    outer loop
      vertex 26.1144 2.16053 16.4723
      vertex 26.4693 -2 16.3045
      vertex 26.1144 -2 16.4723
    endloop
  endfacet
  facet normal -0.427747 -3.20198e-05 -0.903899
    outer loop
      vertex 26.4693 -2 16.3045
      vertex 26.1144 2.16053 16.4723
      vertex 26.1611 2.17224 16.4502
    endloop
  endfacet
  facet normal -0.337014 0 -0.9415
    outer loop
      vertex 26.4693 -2 16.3045
      vertex 26.8389 2.17224 16.1722
      vertex 26.8389 -2 16.1722
    endloop
  endfacet
  facet normal -0.337014 0 -0.9415
    outer loop
      vertex 26.8389 2.17224 16.1722
      vertex 26.4693 -2 16.3045
      vertex 26.4693 2.28249 16.3045
    endloop
  endfacet
  facet normal -0.337147 -0.000504445 -0.941452
    outer loop
      vertex 26.8389 2.17224 16.1722
      vertex 26.4693 2.28249 16.3045
      vertex 26.5 2.29348 16.2935
    endloop
  endfacet
  facet normal 0.989176 -0 0.146733
    outer loop
      vertex 31.9231 12 20.7804
      vertex 31.9807 16 20.3921
      vertex 31.9231 16 20.7804
    endloop
  endfacet
  facet normal 0.989176 0 0.146733
    outer loop
      vertex 31.9807 16 20.3921
      vertex 31.9231 12 20.7804
      vertex 31.9807 12 20.3921
    endloop
  endfacet
  facet normal 0.998791 -0 0.0491626
    outer loop
      vertex 31.9807 12 20.3921
      vertex 32 16 20
      vertex 31.9807 16 20.3921
    endloop
  endfacet
  facet normal 0.998791 0 0.0491626
    outer loop
      vertex 32 16 20
      vertex 31.9807 12 20.3921
      vertex 32 12 20
    endloop
  endfacet
  facet normal -0.989176 0 -0.146733
    outer loop
      vertex 24.0193 12 19.6079
      vertex 24.0769 19.2196 19.2196
      vertex 24.0769 12 19.2196
    endloop
  endfacet
  facet normal -0.989176 0 -0.146733
    outer loop
      vertex 24.0769 19.2196 19.2196
      vertex 24.0193 12 19.6079
      vertex 24.0193 19.6079 19.6079
    endloop
  endfacet
  facet normal 0.970068 -0 0.242835
    outer loop
      vertex 31.8278 12 21.1611
      vertex 31.9231 16 20.7804
      vertex 31.8278 16 21.1611
    endloop
  endfacet
  facet normal 0.970068 0 0.242835
    outer loop
      vertex 31.9231 16 20.7804
      vertex 31.8278 12 21.1611
      vertex 31.9231 12 20.7804
    endloop
  endfacet
  facet normal -0.595794 0 0.803137
    outer loop
      vertex 25.4624 12 23.092
      vertex 25.7777 16.6741 23.3259
      vertex 25.4624 16.908 23.092
    endloop
  endfacet
  facet normal -0.595794 0 0.803137
    outer loop
      vertex 25.7777 16.6741 23.3259
      vertex 25.4624 12 23.092
      vertex 25.7777 12 23.3259
    endloop
  endfacet
  facet normal 0.9415 -0 0.337014
    outer loop
      vertex 31.6955 12 21.5307
      vertex 31.8278 16 21.1611
      vertex 31.6955 16 21.5307
    endloop
  endfacet
  facet normal 0.9415 0 0.337014
    outer loop
      vertex 31.8278 16 21.1611
      vertex 31.6955 12 21.5307
      vertex 31.8278 12 21.1611
    endloop
  endfacet
  facet normal 0.337014 0 0.9415
    outer loop
      vertex 29.1611 16 23.8278
      vertex 29.5307 12 23.6955
      vertex 29.5307 16 23.6955
    endloop
  endfacet
  facet normal 0.337014 0 0.9415
    outer loop
      vertex 29.5307 12 23.6955
      vertex 29.1611 16 23.8278
      vertex 29.1611 12 23.8278
    endloop
  endfacet
  facet normal 0.9415 0 -0.337014
    outer loop
      vertex 31.8278 12 18.8389
      vertex 31.6955 16 18.4693
      vertex 31.8278 16 18.8389
    endloop
  endfacet
  facet normal 0.9415 0 -0.337014
    outer loop
      vertex 31.6955 16 18.4693
      vertex 31.8278 12 18.8389
      vertex 31.6955 12 18.4693
    endloop
  endfacet
  facet normal 0.671607 0 0.740908
    outer loop
      vertex 30.5376 16 23.092
      vertex 30.8284 12 22.8284
      vertex 30.8284 16 22.8284
    endloop
  endfacet
  facet normal 0.671607 0 0.740908
    outer loop
      vertex 30.8284 12 22.8284
      vertex 30.5376 16 23.092
      vertex 30.5376 12 23.092
    endloop
  endfacet
  facet normal -0.42744 0 0.904044
    outer loop
      vertex 26.1144 12 23.5277
      vertex 26.4693 16.3045 23.6955
      vertex 26.1144 16.4723 23.5277
    endloop
  endfacet
  facet normal -0.42744 0 0.904044
    outer loop
      vertex 26.4693 16.3045 23.6955
      vertex 26.1144 12 23.5277
      vertex 26.4693 12 23.6955
    endloop
  endfacet
  facet normal -0.671607 0 0.740908
    outer loop
      vertex 25.1716 12 22.8284
      vertex 25.4624 16.908 23.092
      vertex 25.1716 17.1716 22.8284
    endloop
  endfacet
  facet normal -0.671607 0 0.740908
    outer loop
      vertex 25.4624 16.908 23.092
      vertex 25.1716 12 22.8284
      vertex 25.4624 12 23.092
    endloop
  endfacet
  facet normal 0.146733 0 0.989176
    outer loop
      vertex 28.3921 16 23.9807
      vertex 28.7804 12 23.9231
      vertex 28.7804 16 23.9231
    endloop
  endfacet
  facet normal 0.146733 0 0.989176
    outer loop
      vertex 28.7804 12 23.9231
      vertex 28.3921 16 23.9807
      vertex 28.3921 12 23.9807
    endloop
  endfacet
  facet normal -0.970068 0 0.242835
    outer loop
      vertex 24.0769 12 20.7804
      vertex 24.1722 18.8389 21.1611
      vertex 24.0769 19.2196 20.7804
    endloop
  endfacet
  facet normal -0.970068 0 0.242835
    outer loop
      vertex 24.1722 18.8389 21.1611
      vertex 24.0769 12 20.7804
      vertex 24.1722 12 21.1611
    endloop
  endfacet
  facet normal -0.904044 0 -0.42744
    outer loop
      vertex 24.3045 12 18.4693
      vertex 24.4723 18.1144 18.1144
      vertex 24.4723 12 18.1144
    endloop
  endfacet
  facet normal -0.904044 0 -0.42744
    outer loop
      vertex 24.4723 18.1144 18.1144
      vertex 24.3045 12 18.4693
      vertex 24.3045 18.4693 18.4693
    endloop
  endfacet
  facet normal 0.803137 0 -0.595794
    outer loop
      vertex 31.3259 12 17.7777
      vertex 31.092 16 17.4624
      vertex 31.3259 16 17.7777
    endloop
  endfacet
  facet normal 0.803137 0 -0.595794
    outer loop
      vertex 31.092 16 17.4624
      vertex 31.3259 12 17.7777
      vertex 31.092 12 17.4624
    endloop
  endfacet
  facet normal 0.242835 0 0.970068
    outer loop
      vertex 28.7804 16 23.9231
      vertex 29.1611 12 23.8278
      vertex 29.1611 16 23.8278
    endloop
  endfacet
  facet normal 0.242835 0 0.970068
    outer loop
      vertex 29.1611 12 23.8278
      vertex 28.7804 16 23.9231
      vertex 28.7804 12 23.9231
    endloop
  endfacet
  facet normal 0.989176 0 -0.146733
    outer loop
      vertex 31.9807 12 19.6079
      vertex 31.9231 16 19.2196
      vertex 31.9807 16 19.6079
    endloop
  endfacet
  facet normal 0.989176 0 -0.146733
    outer loop
      vertex 31.9231 16 19.2196
      vertex 31.9807 12 19.6079
      vertex 31.9231 12 19.2196
    endloop
  endfacet
  facet normal 0.85774 0 -0.514084
    outer loop
      vertex 31.5277 12 18.1144
      vertex 31.3259 16 17.7777
      vertex 31.5277 16 18.1144
    endloop
  endfacet
  facet normal 0.85774 0 -0.514084
    outer loop
      vertex 31.3259 16 17.7777
      vertex 31.5277 12 18.1144
      vertex 31.3259 12 17.7777
    endloop
  endfacet
  facet normal 0.0491626 0 0.998791
    outer loop
      vertex 28 16 24
      vertex 28.3921 12 23.9807
      vertex 28.3921 16 23.9807
    endloop
  endfacet
  facet normal 0.0491626 0 0.998791
    outer loop
      vertex 28.3921 12 23.9807
      vertex 28 16 24
      vertex 28 12 24
    endloop
  endfacet
  facet normal 0.42744 0 0.904044
    outer loop
      vertex 29.5307 16 23.6955
      vertex 29.8856 12 23.5277
      vertex 29.8856 16 23.5277
    endloop
  endfacet
  facet normal 0.42744 0 0.904044
    outer loop
      vertex 29.8856 12 23.5277
      vertex 29.5307 16 23.6955
      vertex 29.5307 12 23.6955
    endloop
  endfacet
  facet normal -0.857625 0 -0.514275
    outer loop
      vertex 24.4723 12 18.1144
      vertex 24.5409 18 18
      vertex 24.5409 12 18
    endloop
  endfacet
  facet normal -0.857625 0 -0.514275
    outer loop
      vertex 24.5409 18 18
      vertex 24.4723 12 18.1144
      vertex 24.4723 18.1144 18.1144
    endloop
  endfacet
  facet normal 0.67162 0 -0.740896
    outer loop
      vertex 30.6391 12 17
      vertex 30.8284 16 17.1716
      vertex 30.8284 12 17.1716
    endloop
  endfacet
  facet normal 0.67162 0 -0.740896
    outer loop
      vertex 30.8284 16 17.1716
      vertex 30.6391 12 17
      vertex 30.6391 16 17
    endloop
  endfacet
  facet normal -0.9415 0 -0.337014
    outer loop
      vertex 24.1722 12 18.8389
      vertex 24.3045 18.4693 18.4693
      vertex 24.3045 12 18.4693
    endloop
  endfacet
  facet normal -0.9415 0 -0.337014
    outer loop
      vertex 24.3045 18.4693 18.4693
      vertex 24.1722 12 18.8389
      vertex 24.1722 18.8389 18.8389
    endloop
  endfacet
  facet normal -0.242835 0 0.970068
    outer loop
      vertex 26.8389 12 23.8278
      vertex 27.2196 16.0769 23.9231
      vertex 26.8389 16.1722 23.8278
    endloop
  endfacet
  facet normal -0.242835 0 0.970068
    outer loop
      vertex 27.2196 16.0769 23.9231
      vertex 26.8389 12 23.8278
      vertex 27.2196 12 23.9231
    endloop
  endfacet
  facet normal 0.803137 -0 0.595794
    outer loop
      vertex 31.092 12 22.5376
      vertex 31.3259 16 22.2223
      vertex 31.092 16 22.5376
    endloop
  endfacet
  facet normal 0.803137 0 0.595794
    outer loop
      vertex 31.3259 16 22.2223
      vertex 31.092 12 22.5376
      vertex 31.3259 12 22.2223
    endloop
  endfacet
  facet normal -0.337014 0 0.9415
    outer loop
      vertex 26.4693 12 23.6955
      vertex 26.8389 16.1722 23.8278
      vertex 26.4693 16.3045 23.6955
    endloop
  endfacet
  facet normal -0.337014 0 0.9415
    outer loop
      vertex 26.8389 16.1722 23.8278
      vertex 26.4693 12 23.6955
      vertex 26.8389 12 23.8278
    endloop
  endfacet
  facet normal -0.970068 0 -0.242835
    outer loop
      vertex 24.0769 12 19.2196
      vertex 24.1722 18.8389 18.8389
      vertex 24.1722 12 18.8389
    endloop
  endfacet
  facet normal -0.970068 0 -0.242835
    outer loop
      vertex 24.1722 18.8389 18.8389
      vertex 24.0769 12 19.2196
      vertex 24.0769 19.2196 19.2196
    endloop
  endfacet
  facet normal -0.146733 0 0.989176
    outer loop
      vertex 27.2196 12 23.9231
      vertex 27.6079 16.0193 23.9807
      vertex 27.2196 16.0769 23.9231
    endloop
  endfacet
  facet normal -0.146733 0 0.989176
    outer loop
      vertex 27.6079 16.0193 23.9807
      vertex 27.2196 12 23.9231
      vertex 27.6079 12 23.9807
    endloop
  endfacet
  facet normal 0.998791 0 -0.0491626
    outer loop
      vertex 32 12 20
      vertex 31.9807 16 19.6079
      vertex 32 16 20
    endloop
  endfacet
  facet normal 0.998791 0 -0.0491626
    outer loop
      vertex 31.9807 16 19.6079
      vertex 32 12 20
      vertex 31.9807 12 19.6079
    endloop
  endfacet
  facet normal 0.85774 -0 0.514084
    outer loop
      vertex 31.3259 12 22.2223
      vertex 31.5277 16 21.8856
      vertex 31.3259 16 22.2223
    endloop
  endfacet
  facet normal 0.85774 0 0.514084
    outer loop
      vertex 31.5277 16 21.8856
      vertex 31.3259 12 22.2223
      vertex 31.5277 12 21.8856
    endloop
  endfacet
  facet normal 0.514084 0 0.85774
    outer loop
      vertex 29.8856 16 23.5277
      vertex 30.2223 12 23.3259
      vertex 30.2223 16 23.3259
    endloop
  endfacet
  facet normal 0.514084 0 0.85774
    outer loop
      vertex 30.2223 12 23.3259
      vertex 29.8856 16 23.5277
      vertex 29.8856 12 23.5277
    endloop
  endfacet
  facet normal 0.595794 0 0.803137
    outer loop
      vertex 30.2223 16 23.3259
      vertex 30.5376 12 23.092
      vertex 30.5376 16 23.092
    endloop
  endfacet
  facet normal 0.595794 0 0.803137
    outer loop
      vertex 30.5376 12 23.092
      vertex 30.2223 16 23.3259
      vertex 30.2223 12 23.3259
    endloop
  endfacet
  facet normal 0.970068 0 -0.242835
    outer loop
      vertex 31.9231 12 19.2196
      vertex 31.8278 16 18.8389
      vertex 31.9231 16 19.2196
    endloop
  endfacet
  facet normal 0.970068 0 -0.242835
    outer loop
      vertex 31.8278 16 18.8389
      vertex 31.9231 12 19.2196
      vertex 31.8278 12 18.8389
    endloop
  endfacet
  facet normal -0.998791 0 -0.0491626
    outer loop
      vertex 24 12 20
      vertex 24.0193 19.6079 19.6079
      vertex 24.0193 12 19.6079
    endloop
  endfacet
  facet normal -0.998791 0 -0.0491626
    outer loop
      vertex 24.0193 19.6079 19.6079
      vertex 24 12 20
      vertex 24 20 20
    endloop
  endfacet
  facet normal -0.998791 0 0.0491626
    outer loop
      vertex 24 12 20
      vertex 24.0193 19.6079 20.3921
      vertex 24 20 20
    endloop
  endfacet
  facet normal -0.998791 0 0.0491626
    outer loop
      vertex 24.0193 19.6079 20.3921
      vertex 24 12 20
      vertex 24.0193 12 20.3921
    endloop
  endfacet
  facet normal 0.904044 -0 0.42744
    outer loop
      vertex 31.5277 12 21.8856
      vertex 31.6955 16 21.5307
      vertex 31.5277 16 21.8856
    endloop
  endfacet
  facet normal 0.904044 0 0.42744
    outer loop
      vertex 31.6955 16 21.5307
      vertex 31.5277 12 21.8856
      vertex 31.6955 12 21.5307
    endloop
  endfacet
  facet normal -0.740908 0 0.671607
    outer loop
      vertex 24.908 12 22.5376
      vertex 25.1716 17.1716 22.8284
      vertex 24.908 17.4624 22.5376
    endloop
  endfacet
  facet normal -0.740908 0 0.671607
    outer loop
      vertex 25.1716 17.1716 22.8284
      vertex 24.908 12 22.5376
      vertex 25.1716 12 22.8284
    endloop
  endfacet
  facet normal -0.904044 0 0.42744
    outer loop
      vertex 24.3045 12 21.5307
      vertex 24.4723 18.1144 21.8856
      vertex 24.3045 18.4693 21.5307
    endloop
  endfacet
  facet normal -0.904044 0 0.42744
    outer loop
      vertex 24.4723 18.1144 21.8856
      vertex 24.3045 12 21.5307
      vertex 24.4723 12 21.8856
    endloop
  endfacet
  facet normal -0.9415 0 0.337014
    outer loop
      vertex 24.1722 12 21.1611
      vertex 24.3045 18.4693 21.5307
      vertex 24.1722 18.8389 21.1611
    endloop
  endfacet
  facet normal -0.9415 0 0.337014
    outer loop
      vertex 24.3045 18.4693 21.5307
      vertex 24.1722 12 21.1611
      vertex 24.3045 12 21.5307
    endloop
  endfacet
  facet normal 0 -1 0
    outer loop
      vertex 29 12 18
      vertex 28 12 24
      vertex 27.6079 12 23.9807
    endloop
  endfacet
  facet normal 0 -1 0
    outer loop
      vertex 29 12 18
      vertex 27.6079 12 23.9807
      vertex 27.2196 12 23.9231
    endloop
  endfacet
  facet normal 0 -1 0
    outer loop
      vertex 28 12 24
      vertex 29 12 18
      vertex 28.3921 12 23.9807
    endloop
  endfacet
  facet normal 0 -1 0
    outer loop
      vertex 29 12 18
      vertex 27.2196 12 23.9231
      vertex 26.8389 12 23.8278
    endloop
  endfacet
  facet normal 0 -1 0
    outer loop
      vertex 28.3921 12 23.9807
      vertex 29 12 18
      vertex 28.7804 12 23.9231
    endloop
  endfacet
  facet normal 0 -1 0
    outer loop
      vertex 29 12 18
      vertex 26.8389 12 23.8278
      vertex 26.4693 12 23.6955
    endloop
  endfacet
  facet normal 0 -1 0
    outer loop
      vertex 28.7804 12 23.9231
      vertex 29 12 18
      vertex 29.1611 12 23.8278
    endloop
  endfacet
  facet normal 0 -1 0
    outer loop
      vertex 29 12 18
      vertex 26.4693 12 23.6955
      vertex 26.1144 12 23.5277
    endloop
  endfacet
  facet normal 0 -1 -0
    outer loop
      vertex 29.1611 12 23.8278
      vertex 29 12 18
      vertex 29.5307 12 23.6955
    endloop
  endfacet
  facet normal 0 -1 0
    outer loop
      vertex 29 12 18
      vertex 26.1144 12 23.5277
      vertex 25.7777 12 23.3259
    endloop
  endfacet
  facet normal 0 -1 -0
    outer loop
      vertex 29.5307 12 23.6955
      vertex 29 12 18
      vertex 29.8856 12 23.5277
    endloop
  endfacet
  facet normal 0 -1 0
    outer loop
      vertex 29 12 18
      vertex 25.7777 12 23.3259
      vertex 25.4624 12 23.092
    endloop
  endfacet
  facet normal 0 -1 -0
    outer loop
      vertex 29.8856 12 23.5277
      vertex 29 12 18
      vertex 30.2223 12 23.3259
    endloop
  endfacet
  facet normal 0 -1 0
    outer loop
      vertex 29 12 18
      vertex 25.4624 12 23.092
      vertex 25.1716 12 22.8284
    endloop
  endfacet
  facet normal 0 -1 -0
    outer loop
      vertex 30.2223 12 23.3259
      vertex 29 12 18
      vertex 30.5376 12 23.092
    endloop
  endfacet
  facet normal 0 -1 0
    outer loop
      vertex 29 12 18
      vertex 25.1716 12 22.8284
      vertex 24.908 12 22.5376
    endloop
  endfacet
  facet normal 0 -1 -0
    outer loop
      vertex 30.5376 12 23.092
      vertex 29 12 18
      vertex 30.8284 12 22.8284
    endloop
  endfacet
  facet normal 0 -1 0
    outer loop
      vertex 29 12 18
      vertex 24.908 12 22.5376
      vertex 24.6741 12 22.2223
    endloop
  endfacet
  facet normal 0 -1 -0
    outer loop
      vertex 30.8284 12 22.8284
      vertex 29 12 18
      vertex 31.092 12 22.5376
    endloop
  endfacet
  facet normal 0 -1 0
    outer loop
      vertex 29 12 18
      vertex 24.6741 12 22.2223
      vertex 24.4723 12 21.8856
    endloop
  endfacet
  facet normal 0 -1 -0
    outer loop
      vertex 31.092 12 22.5376
      vertex 29 12 18
      vertex 31.3259 12 22.2223
    endloop
  endfacet
  facet normal 0 -1 0
    outer loop
      vertex 29 12 18
      vertex 24.4723 12 21.8856
      vertex 24.3045 12 21.5307
    endloop
  endfacet
  facet normal 0 -1 -0
    outer loop
      vertex 31.3259 12 22.2223
      vertex 29 12 18
      vertex 31.5277 12 21.8856
    endloop
  endfacet
  facet normal 0 -1 0
    outer loop
      vertex 29 12 18
      vertex 24.3045 12 21.5307
      vertex 24.1722 12 21.1611
    endloop
  endfacet
  facet normal 0 -1 -0
    outer loop
      vertex 31.5277 12 21.8856
      vertex 29 12 18
      vertex 31.6955 12 21.5307
    endloop
  endfacet
  facet normal 0 -1 0
    outer loop
      vertex 29 12 18
      vertex 24.1722 12 21.1611
      vertex 24.0769 12 20.7804
    endloop
  endfacet
  facet normal 0 -1 -0
    outer loop
      vertex 31.6955 12 21.5307
      vertex 29 12 18
      vertex 31.8278 12 21.1611
    endloop
  endfacet
  facet normal 0 -1 0
    outer loop
      vertex 29 12 18
      vertex 24.0769 12 20.7804
      vertex 24.0193 12 20.3921
    endloop
  endfacet
  facet normal 0 -1 -0
    outer loop
      vertex 31.8278 12 21.1611
      vertex 29 12 18
      vertex 31.9231 12 20.7804
    endloop
  endfacet
  facet normal 0 -1 0
    outer loop
      vertex 29 12 18
      vertex 24.0193 12 20.3921
      vertex 24 12 20
    endloop
  endfacet
  facet normal 0 -1 -0
    outer loop
      vertex 31.9231 12 20.7804
      vertex 29 12 18
      vertex 31.9807 12 20.3921
    endloop
  endfacet
  facet normal 0 -1 0
    outer loop
      vertex 29 12 18
      vertex 24 12 20
      vertex 24.0193 12 19.6079
    endloop
  endfacet
  facet normal 0 -1 -0
    outer loop
      vertex 31.9807 12 20.3921
      vertex 29 12 18
      vertex 32 12 20
    endloop
  endfacet
  facet normal 0 -1 0
    outer loop
      vertex 29 12 18
      vertex 24.0193 12 19.6079
      vertex 24.0769 12 19.2196
    endloop
  endfacet
  facet normal 0 -1 0
    outer loop
      vertex 32 12 20
      vertex 29 12 18
      vertex 31.9807 12 19.6079
    endloop
  endfacet
  facet normal 0 -1 0
    outer loop
      vertex 29 12 18
      vertex 24.0769 12 19.2196
      vertex 24.1722 12 18.8389
    endloop
  endfacet
  facet normal 0 -1 0
    outer loop
      vertex 31.9807 12 19.6079
      vertex 29 12 18
      vertex 31.9231 12 19.2196
    endloop
  endfacet
  facet normal 0 -1 0
    outer loop
      vertex 29 12 18
      vertex 24.1722 12 18.8389
      vertex 24.3045 12 18.4693
    endloop
  endfacet
  facet normal 0 -1 0
    outer loop
      vertex 31.9231 12 19.2196
      vertex 29 12 18
      vertex 31.8278 12 18.8389
    endloop
  endfacet
  facet normal 0 -1 0
    outer loop
      vertex 29 12 18
      vertex 24.3045 12 18.4693
      vertex 24.4723 12 18.1144
    endloop
  endfacet
  facet normal 0 -1 0
    outer loop
      vertex 31.8278 12 18.8389
      vertex 29 12 18
      vertex 31.6955 12 18.4693
    endloop
  endfacet
  facet normal 0 -1 0
    outer loop
      vertex 29 12 18
      vertex 24.4723 12 18.1144
      vertex 24.5409 12 18
    endloop
  endfacet
  facet normal 0 -1 0
    outer loop
      vertex 31.6955 12 18.4693
      vertex 29 12 18
      vertex 31.5277 12 18.1144
    endloop
  endfacet
  facet normal 0 -1 0
    outer loop
      vertex 29 12 18
      vertex 31.3259 12 17.7777
      vertex 31.5277 12 18.1144
    endloop
  endfacet
  facet normal 0 -1 0
    outer loop
      vertex 29 12 18
      vertex 31.092 12 17.4624
      vertex 31.3259 12 17.7777
    endloop
  endfacet
  facet normal 0 -1 0
    outer loop
      vertex 29 12 18
      vertex 30.8284 12 17.1716
      vertex 31.092 12 17.4624
    endloop
  endfacet
  facet normal 0 -1 0
    outer loop
      vertex 30.6391 12 17
      vertex 29 12 18
      vertex 29 12 17
    endloop
  endfacet
  facet normal 0 -1 0
    outer loop
      vertex 29 12 18
      vertex 30.6391 12 17
      vertex 30.8284 12 17.1716
    endloop
  endfacet
  facet normal -0.0491626 0 0.998791
    outer loop
      vertex 27.6079 12 23.9807
      vertex 28 16 24
      vertex 27.6079 16.0193 23.9807
    endloop
  endfacet
  facet normal -0.0491626 0 0.998791
    outer loop
      vertex 28 16 24
      vertex 27.6079 12 23.9807
      vertex 28 12 24
    endloop
  endfacet
  facet normal 0.740908 -0 0.671607
    outer loop
      vertex 30.8284 12 22.8284
      vertex 31.092 16 22.5376
      vertex 30.8284 16 22.8284
    endloop
  endfacet
  facet normal 0.740908 0 0.671607
    outer loop
      vertex 31.092 16 22.5376
      vertex 30.8284 12 22.8284
      vertex 31.092 12 22.5376
    endloop
  endfacet
  facet normal 0.904044 0 -0.42744
    outer loop
      vertex 31.6955 12 18.4693
      vertex 31.5277 16 18.1144
      vertex 31.6955 16 18.4693
    endloop
  endfacet
  facet normal 0.904044 0 -0.42744
    outer loop
      vertex 31.5277 16 18.1144
      vertex 31.6955 12 18.4693
      vertex 31.5277 12 18.1144
    endloop
  endfacet
  facet normal -0.803137 0 0.595794
    outer loop
      vertex 24.6741 12 22.2223
      vertex 24.908 17.4624 22.5376
      vertex 24.6741 17.7777 22.2223
    endloop
  endfacet
  facet normal -0.803137 0 0.595794
    outer loop
      vertex 24.908 17.4624 22.5376
      vertex 24.6741 12 22.2223
      vertex 24.908 12 22.5376
    endloop
  endfacet
  facet normal -0.514084 0 0.85774
    outer loop
      vertex 25.7777 12 23.3259
      vertex 26.1144 16.4723 23.5277
      vertex 25.7777 16.6741 23.3259
    endloop
  endfacet
  facet normal -0.514084 0 0.85774
    outer loop
      vertex 26.1144 16.4723 23.5277
      vertex 25.7777 12 23.3259
      vertex 26.1144 12 23.5277
    endloop
  endfacet
  facet normal 0.740908 0 -0.671607
    outer loop
      vertex 31.092 12 17.4624
      vertex 30.8284 16 17.1716
      vertex 31.092 16 17.4624
    endloop
  endfacet
  facet normal 0.740908 0 -0.671607
    outer loop
      vertex 30.8284 16 17.1716
      vertex 31.092 12 17.4624
      vertex 30.8284 12 17.1716
    endloop
  endfacet
  facet normal -0.989176 0 0.146733
    outer loop
      vertex 24.0193 12 20.3921
      vertex 24.0769 19.2196 20.7804
      vertex 24.0193 19.6079 20.3921
    endloop
  endfacet
  facet normal -0.989176 0 0.146733
    outer loop
      vertex 24.0769 19.2196 20.7804
      vertex 24.0193 12 20.3921
      vertex 24.0769 12 20.7804
    endloop
  endfacet
  facet normal -0.85774 0 0.514084
    outer loop
      vertex 24.4723 12 21.8856
      vertex 24.6741 17.7777 22.2223
      vertex 24.4723 18.1144 21.8856
    endloop
  endfacet
  facet normal -0.85774 0 0.514084
    outer loop
      vertex 24.6741 17.7777 22.2223
      vertex 24.4723 12 21.8856
      vertex 24.6741 12 22.2223
    endloop
  endfacet
  facet normal -0.989172 0 -0.14676
    outer loop
      vertex 24.5673 8.04398 19.3172
      vertex 24.5169 10 19.6569
      vertex 24.5673 10 19.3172
    endloop
  endfacet
  facet normal -0.989172 -0 -0.14676
    outer loop
      vertex 24.5169 10 19.6569
      vertex 24.5673 8.04398 19.3172
      vertex 24.5169 7.95989 19.6569
    endloop
  endfacet
  facet normal -0.595659 0 0.803237
    outer loop
      vertex 25.7796 10 22.7055
      vertex 26.0555 9.49238 22.9101
      vertex 26.0555 10 22.9101
    endloop
  endfacet
  facet normal -0.595659 0 0.803237
    outer loop
      vertex 26.0555 9.49238 22.9101
      vertex 25.7796 10 22.7055
      vertex 25.7796 9.32702 22.7055
    endloop
  endfacet
  facet normal -0.427639 0 0.903949
    outer loop
      vertex 26.6606 10 23.2336
      vertex 26.4693 9.69552 23.1431
      vertex 26.6606 9.76398 23.2336
    endloop
  endfacet
  facet normal -0.427661 1.64455e-05 0.903939
    outer loop
      vertex 26.3501 10 23.0867
      vertex 26.4693 9.69552 23.1431
      vertex 26.6606 10 23.2336
    endloop
  endfacet
  facet normal -0.427695 0 0.903923
    outer loop
      vertex 26.4693 9.69552 23.1431
      vertex 26.3501 10 23.0867
      vertex 26.3501 9.63916 23.0867
    endloop
  endfacet
  facet normal -0.671454 0 0.741046
    outer loop
      vertex 25.5251 10 22.4749
      vertex 25.7796 9.32702 22.7055
      vertex 25.7796 10 22.7055
    endloop
  endfacet
  facet normal -0.66766 0.00260525 0.744462
    outer loop
      vertex 25.7796 9.32702 22.7055
      vertex 25.5251 10 22.4749
      vertex 25.7777 9.32588 22.7038
    endloop
  endfacet
  facet normal -0.671489 0 0.741014
    outer loop
      vertex 25.7777 9.32588 22.7038
      vertex 25.5251 10 22.4749
      vertex 25.5251 9.13854 22.4749
    endloop
  endfacet
  facet normal -0.970074 0 0.24281
    outer loop
      vertex 24.5673 10 20.6828
      vertex 24.6507 8.18322 21.016
      vertex 24.6507 10 21.016
    endloop
  endfacet
  facet normal -0.970074 0 0.24281
    outer loop
      vertex 24.6507 8.18322 21.016
      vertex 24.5673 10 20.6828
      vertex 24.5673 8.04398 20.6828
    endloop
  endfacet
  facet normal -0.903939 0 -0.427661
    outer loop
      vertex 24.9133 8.54344 18.3501
      vertex 24.7664 10 18.6606
      vertex 24.9133 10 18.3501
    endloop
  endfacet
  facet normal -0.905221 -0.000709054 -0.424941
    outer loop
      vertex 24.908 8.53757 18.3614
      vertex 24.7664 10 18.6606
      vertex 24.9133 8.54344 18.3501
    endloop
  endfacet
  facet normal -0.903885 -0 -0.427775
    outer loop
      vertex 24.7664 10 18.6606
      vertex 24.908 8.53757 18.3614
      vertex 24.7664 8.34673 18.6606
    endloop
  endfacet
  facet normal -0.857698 0 -0.514153
    outer loop
      vertex 25.0899 8.73827 18.0555
      vertex 24.9133 10 18.3501
      vertex 25.0899 10 18.0555
    endloop
  endfacet
  facet normal -0.857698 -0 -0.514153
    outer loop
      vertex 24.9133 10 18.3501
      vertex 25.0899 8.73827 18.0555
      vertex 24.9133 8.54344 18.3501
    endloop
  endfacet
  facet normal -0.941557 0 -0.336853
    outer loop
      vertex 24.7664 8.34673 18.6606
      vertex 24.6507 10 18.984
      vertex 24.7664 10 18.6606
    endloop
  endfacet
  facet normal -0.94156 -1.57333e-06 -0.336846
    outer loop
      vertex 24.6741 8.22228 18.9186
      vertex 24.6507 10 18.984
      vertex 24.7664 8.34673 18.6606
    endloop
  endfacet
  facet normal -0.941546 -0 -0.336884
    outer loop
      vertex 24.6507 10 18.984
      vertex 24.6741 8.22228 18.9186
      vertex 24.6507 8.18322 18.984
    endloop
  endfacet
  facet normal -0.242536 0 0.970143
    outer loop
      vertex 27.3172 10 23.4327
      vertex 27.2196 9.92314 23.4083
      vertex 27.3172 9.93761 23.4327
    endloop
  endfacet
  facet normal -0.24281 0.0003697 0.970074
    outer loop
      vertex 26.984 10 23.3493
      vertex 27.2196 9.92314 23.4083
      vertex 27.3172 10 23.4327
    endloop
  endfacet
  facet normal -0.242923 0 0.970046
    outer loop
      vertex 27.2196 9.92314 23.4083
      vertex 26.984 10 23.3493
      vertex 26.984 9.86412 23.3493
    endloop
  endfacet
  facet normal -0.336789 0 0.94158
    outer loop
      vertex 26.984 10 23.3493
      vertex 26.8389 9.82776 23.2974
      vertex 26.984 9.86412 23.3493
    endloop
  endfacet
  facet normal -0.336853 6.10211e-05 0.941557
    outer loop
      vertex 26.6606 10 23.2336
      vertex 26.8389 9.82776 23.2974
      vertex 26.984 10 23.3493
    endloop
  endfacet
  facet normal -0.336905 0 0.941539
    outer loop
      vertex 26.8389 9.82776 23.2974
      vertex 26.6606 10 23.2336
      vertex 26.6606 9.76398 23.2336
    endloop
  endfacet
  facet normal -0.970074 0 -0.24281
    outer loop
      vertex 24.6507 8.18322 18.984
      vertex 24.5673 10 19.3172
      vertex 24.6507 10 18.984
    endloop
  endfacet
  facet normal -0.970074 -0 -0.24281
    outer loop
      vertex 24.5673 10 19.3172
      vertex 24.6507 8.18322 18.984
      vertex 24.5673 8.04398 19.3172
    endloop
  endfacet
  facet normal -0.145378 0 0.989376
    outer loop
      vertex 27.6569 10 23.4831
      vertex 27.6079 9.98074 23.4759
      vertex 27.6569 9.98315 23.4831
    endloop
  endfacet
  facet normal -0.146759 0.00359223 0.989166
    outer loop
      vertex 27.3172 10 23.4327
      vertex 27.6079 9.98074 23.4759
      vertex 27.6569 10 23.4831
    endloop
  endfacet
  facet normal -0.146993 0 0.989138
    outer loop
      vertex 27.6079 9.98074 23.4759
      vertex 27.3172 10 23.4327
      vertex 27.3172 9.93761 23.4327
    endloop
  endfacet
  facet normal -0.998789 0 -0.0491971
    outer loop
      vertex 24.5169 7.95989 19.6569
      vertex 24.5 10 20
      vertex 24.5169 10 19.6569
    endloop
  endfacet
  facet normal -0.998789 -0 -0.0491971
    outer loop
      vertex 24.5 10 20
      vertex 24.5169 7.95989 19.6569
      vertex 24.5 7.93178 20
    endloop
  endfacet
  facet normal -0.998789 0 0.0491971
    outer loop
      vertex 24.5 10 20
      vertex 24.5169 7.95989 20.3431
      vertex 24.5169 10 20.3431
    endloop
  endfacet
  facet normal -0.998789 0 0.0491971
    outer loop
      vertex 24.5169 7.95989 20.3431
      vertex 24.5 10 20
      vertex 24.5 7.93178 20
    endloop
  endfacet
  facet normal -0.741046 0 0.671454
    outer loop
      vertex 25.2945 10 22.2204
      vertex 25.5251 9.13854 22.4749
      vertex 25.5251 10 22.4749
    endloop
  endfacet
  facet normal -0.741052 -3.83765e-06 0.671447
    outer loop
      vertex 25.2945 10 22.2204
      vertex 25.4624 9.09204 22.4057
      vertex 25.5251 9.13854 22.4749
    endloop
  endfacet
  facet normal -0.741043 0 0.671458
    outer loop
      vertex 25.4624 9.09204 22.4057
      vertex 25.2945 10 22.2204
      vertex 25.2945 8.93981 22.2204
    endloop
  endfacet
  facet normal -0.803634 0 -0.595124
    outer loop
      vertex 25.131 8.78368 18
      vertex 25.0899 10 18.0555
      vertex 25.131 10 18
    endloop
  endfacet
  facet normal -0.803634 -0 -0.595124
    outer loop
      vertex 25.0899 10 18.0555
      vertex 25.131 8.78368 18
      vertex 25.0899 8.73827 18.0555
    endloop
  endfacet
  facet normal -0.903939 0 0.427661
    outer loop
      vertex 24.7664 10 21.3394
      vertex 24.9133 8.54344 21.6499
      vertex 24.9133 10 21.6499
    endloop
  endfacet
  facet normal -0.905221 -0.000709054 0.424941
    outer loop
      vertex 24.7664 10 21.3394
      vertex 24.908 8.53757 21.6386
      vertex 24.9133 8.54344 21.6499
    endloop
  endfacet
  facet normal -0.903885 0 0.427775
    outer loop
      vertex 24.908 8.53757 21.6386
      vertex 24.7664 10 21.3394
      vertex 24.7664 8.34673 21.3394
    endloop
  endfacet
  facet normal -0.941557 0 0.336853
    outer loop
      vertex 24.6507 10 21.016
      vertex 24.7664 8.34673 21.3394
      vertex 24.7664 10 21.3394
    endloop
  endfacet
  facet normal -0.94156 -1.57333e-06 0.336846
    outer loop
      vertex 24.6507 10 21.016
      vertex 24.6741 8.22228 21.0814
      vertex 24.7664 8.34673 21.3394
    endloop
  endfacet
  facet normal -0.941546 0 0.336884
    outer loop
      vertex 24.6741 8.22228 21.0814
      vertex 24.6507 10 21.016
      vertex 24.6507 8.18322 21.016
    endloop
  endfacet
  facet normal -0.0491971 0 0.998789
    outer loop
      vertex 27.6569 10 23.4831
      vertex 27.6569 9.98315 23.4831
      vertex 28 10 23.5
    endloop
  endfacet
  facet normal -0.803237 0 0.595659
    outer loop
      vertex 25.0899 10 21.9445
      vertex 25.2945 8.93981 22.2204
      vertex 25.2945 10 22.2204
    endloop
  endfacet
  facet normal -0.803195 2.29203e-05 0.595716
    outer loop
      vertex 25.0899 10 21.9445
      vertex 25.1716 8.82843 22.0547
      vertex 25.2945 8.93981 22.2204
    endloop
  endfacet
  facet normal -0.803312 0 0.595559
    outer loop
      vertex 25.1716 8.82843 22.0547
      vertex 25.0899 10 21.9445
      vertex 25.0899 8.73827 21.9445
    endloop
  endfacet
  facet normal -0.514153 0 0.857698
    outer loop
      vertex 26.0555 10 22.9101
      vertex 26.3501 9.63916 23.0867
      vertex 26.3501 10 23.0867
    endloop
  endfacet
  facet normal -0.513976 0.000197185 0.857805
    outer loop
      vertex 26.3501 9.63916 23.0867
      vertex 26.0555 10 22.9101
      vertex 26.1144 9.52768 22.9455
    endloop
  endfacet
  facet normal -0.515138 0 0.857107
    outer loop
      vertex 26.1144 9.52768 22.9455
      vertex 26.0555 10 22.9101
      vertex 26.0555 9.49238 22.9101
    endloop
  endfacet
  facet normal -0.989172 0 0.14676
    outer loop
      vertex 24.5169 10 20.3431
      vertex 24.5673 8.04398 20.6828
      vertex 24.5673 10 20.6828
    endloop
  endfacet
  facet normal -0.989172 0 0.14676
    outer loop
      vertex 24.5673 8.04398 20.6828
      vertex 24.5169 10 20.3431
      vertex 24.5169 7.95989 20.3431
    endloop
  endfacet
  facet normal -0.857698 0 0.514153
    outer loop
      vertex 24.9133 10 21.6499
      vertex 25.0899 8.73827 21.9445
      vertex 25.0899 10 21.9445
    endloop
  endfacet
  facet normal -0.857698 0 0.514153
    outer loop
      vertex 25.0899 8.73827 21.9445
      vertex 24.9133 10 21.6499
      vertex 24.9133 8.54344 21.6499
    endloop
  endfacet
  facet normal -0.0489044 0.998803 0
    outer loop
      vertex 84.2941 10.0144 0
      vertex 84 10 10
      vertex 84.2941 10.0144 10
    endloop
  endfacet
  facet normal -0.0489044 0.998803 0
    outer loop
      vertex 84 10 10
      vertex 84.2941 10.0144 0
      vertex 84 10 0
    endloop
  endfacet
  facet normal -0.671607 -0.740908 0
    outer loop
      vertex 85.9032 15.319 0
      vertex 86.1213 15.1213 10
      vertex 85.9032 15.319 10
    endloop
  endfacet
  facet normal -0.671607 -0.740908 -0
    outer loop
      vertex 86.1213 15.1213 10
      vertex 85.9032 15.319 0
      vertex 86.1213 15.1213 0
    endloop
  endfacet
  facet normal -0.803208 -0.595699 0
    outer loop
      vertex 86.4944 14.6667 0
      vertex 86.319 14.9032 10
      vertex 86.319 14.9032 0
    endloop
  endfacet
  facet normal -0.803208 -0.595699 0
    outer loop
      vertex 86.319 14.9032 10
      vertex 86.4944 14.6667 0
      vertex 86.4944 14.6667 10
    endloop
  endfacet
  facet normal 0.0489044 -0.998803 0
    outer loop
      vertex 27.7059 15.9856 0
      vertex 28 16 11
      vertex 27.7059 15.9856 11
    endloop
  endfacet
  facet normal 0.0489044 -0.998803 0
    outer loop
      vertex 28 16 11
      vertex 27.7059 15.9856 0
      vertex 28 16 0
    endloop
  endfacet
  facet normal -0.336939 -0.941527 0
    outer loop
      vertex 84.8708 15.8708 0
      vertex 85.148 15.7716 10
      vertex 84.8708 15.8708 10
    endloop
  endfacet
  facet normal -0.336939 -0.941527 -0
    outer loop
      vertex 85.148 15.7716 10
      vertex 84.8708 15.8708 0
      vertex 85.148 15.7716 0
    endloop
  endfacet
  facet normal -0.969982 0.243175 0
    outer loop
      vertex 86.8708 12.1291 0
      vertex 86.9424 12.4147 10
      vertex 86.9424 12.4147 0
    endloop
  endfacet
  facet normal -0.969982 0.243175 0
    outer loop
      vertex 86.9424 12.4147 10
      vertex 86.8708 12.1291 0
      vertex 86.8708 12.1291 10
    endloop
  endfacet
  facet normal -0.595699 0.803208 0
    outer loop
      vertex 85.9032 10.681 0
      vertex 85.6667 10.5056 10
      vertex 85.9032 10.681 10
    endloop
  endfacet
  facet normal -0.595699 0.803208 0
    outer loop
      vertex 85.6667 10.5056 10
      vertex 85.9032 10.681 0
      vertex 85.6667 10.5056 0
    endloop
  endfacet
  facet normal -0.989224 -0.146413 0
    outer loop
      vertex 86.9855 13.2941 0
      vertex 86.9424 13.5853 10
      vertex 86.9424 13.5853 0
    endloop
  endfacet
  facet normal -0.989224 -0.146413 0
    outer loop
      vertex 86.9424 13.5853 10
      vertex 86.9855 13.2941 0
      vertex 86.9855 13.2941 10
    endloop
  endfacet
  facet normal 0.146746 -0.989174 0
    outer loop
      vertex 27.4147 15.9424 0
      vertex 27.7059 15.9856 11
      vertex 27.4147 15.9424 11
    endloop
  endfacet
  facet normal 0.146746 -0.989174 0
    outer loop
      vertex 27.7059 15.9856 11
      vertex 27.4147 15.9424 0
      vertex 27.7059 15.9856 0
    endloop
  endfacet
  facet normal 0.857643 0.514246 0
    outer loop
      vertex 25.5056 11.3333 11
      vertex 25.3542 11.5858 0
      vertex 25.3542 11.5858 11
    endloop
  endfacet
  facet normal 0.857643 0.514246 0
    outer loop
      vertex 25.3542 11.5858 0
      vertex 25.5056 11.3333 11
      vertex 25.5056 11.3333 0
    endloop
  endfacet
  facet normal 0.0489044 0.998803 -0
    outer loop
      vertex 28 10 0
      vertex 27.7059 10.0144 11
      vertex 28 10 11
    endloop
  endfacet
  facet normal 0.0489044 0.998803 0
    outer loop
      vertex 27.7059 10.0144 11
      vertex 28 10 0
      vertex 27.7059 10.0144 0
    endloop
  endfacet
  facet normal -0.941488 -0.337047 0
    outer loop
      vertex 86.8708 13.8709 0
      vertex 86.7716 14.148 10
      vertex 86.7716 14.148 0
    endloop
  endfacet
  facet normal -0.941488 -0.337047 0
    outer loop
      vertex 86.7716 14.148 10
      vertex 86.8708 13.8709 0
      vertex 86.8708 13.8709 10
    endloop
  endfacet
  facet normal 0.989174 0.146746 0
    outer loop
      vertex 25.0576 12.4147 11
      vertex 25.0144 12.7059 0
      vertex 25.0144 12.7059 11
    endloop
  endfacet
  facet normal 0.989174 0.146746 0
    outer loop
      vertex 25.0144 12.7059 0
      vertex 25.0576 12.4147 11
      vertex 25.0576 12.4147 0
    endloop
  endfacet
  facet normal 0.969982 -0.243175 0
    outer loop
      vertex 25.0576 13.5853 11
      vertex 25.1292 13.8709 0
      vertex 25.1292 13.8709 11
    endloop
  endfacet
  facet normal 0.969982 -0.243175 0
    outer loop
      vertex 25.1292 13.8709 0
      vertex 25.0576 13.5853 11
      vertex 25.0576 13.5853 0
    endloop
  endfacet
  facet normal 0.514246 -0.857643 0
    outer loop
      vertex 26.3333 15.4944 0
      vertex 26.5858 15.6458 11
      vertex 26.3333 15.4944 11
    endloop
  endfacet
  facet normal 0.514246 -0.857643 0
    outer loop
      vertex 26.5858 15.6458 11
      vertex 26.3333 15.4944 0
      vertex 26.5858 15.6458 0
    endloop
  endfacet
  facet normal -0.740908 -0.671607 0
    outer loop
      vertex 86.319 14.9032 0
      vertex 86.1213 15.1213 10
      vertex 86.1213 15.1213 0
    endloop
  endfacet
  facet normal -0.740908 -0.671607 0
    outer loop
      vertex 86.1213 15.1213 10
      vertex 86.319 14.9032 0
      vertex 86.319 14.9032 10
    endloop
  endfacet
  facet normal -0.803208 0.595699 0
    outer loop
      vertex 86.319 11.0968 0
      vertex 86.4944 11.3333 10
      vertex 86.4944 11.3333 0
    endloop
  endfacet
  facet normal -0.803208 0.595699 0
    outer loop
      vertex 86.4944 11.3333 10
      vertex 86.319 11.0968 0
      vertex 86.319 11.0968 10
    endloop
  endfacet
  facet normal 0.941527 0.336939 0
    outer loop
      vertex 25.2284 11.8519 11
      vertex 25.1292 12.1291 0
      vertex 25.1292 12.1291 11
    endloop
  endfacet
  facet normal 0.941527 0.336939 0
    outer loop
      vertex 25.1292 12.1291 0
      vertex 25.2284 11.8519 11
      vertex 25.2284 11.8519 0
    endloop
  endfacet
  facet normal -0.595699 -0.803208 0
    outer loop
      vertex 85.6667 15.4944 0
      vertex 85.9032 15.319 10
      vertex 85.6667 15.4944 10
    endloop
  endfacet
  facet normal -0.595699 -0.803208 -0
    outer loop
      vertex 85.9032 15.319 10
      vertex 85.6667 15.4944 0
      vertex 85.9032 15.319 0
    endloop
  endfacet
  facet normal -0.857643 0.514246 0
    outer loop
      vertex 86.4944 11.3333 0
      vertex 86.6458 11.5858 10
      vertex 86.6458 11.5858 0
    endloop
  endfacet
  facet normal -0.857643 0.514246 0
    outer loop
      vertex 86.6458 11.5858 10
      vertex 86.4944 11.3333 0
      vertex 86.4944 11.3333 10
    endloop
  endfacet
  facet normal 0.998803 -0.0489044 0
    outer loop
      vertex 25 13 11
      vertex 25.0144 13.2941 0
      vertex 25.0144 13.2941 11
    endloop
  endfacet
  facet normal 0.998803 -0.0489044 0
    outer loop
      vertex 25.0144 13.2941 0
      vertex 25 13 11
      vertex 25 13 0
    endloop
  endfacet
  facet normal -0.998787 0.0492431 0
    outer loop
      vertex 86.9855 12.7059 0
      vertex 87 13 10
      vertex 87 13 0
    endloop
  endfacet
  facet normal -0.998787 0.0492431 0
    outer loop
      vertex 87 13 10
      vertex 86.9855 12.7059 0
      vertex 86.9855 12.7059 10
    endloop
  endfacet
  facet normal -0.243255 0.969962 0
    outer loop
      vertex 84.8708 10.1292 0
      vertex 84.5853 10.0576 10
      vertex 84.8708 10.1292 10
    endloop
  endfacet
  facet normal -0.243255 0.969962 0
    outer loop
      vertex 84.5853 10.0576 10
      vertex 84.8708 10.1292 0
      vertex 84.5853 10.0576 0
    endloop
  endfacet
  facet normal -0.998787 -0.0492431 0
    outer loop
      vertex 87 13 0
      vertex 86.9855 13.2941 10
      vertex 86.9855 13.2941 0
    endloop
  endfacet
  facet normal -0.998787 -0.0492431 0
    outer loop
      vertex 86.9855 13.2941 10
      vertex 87 13 0
      vertex 87 13 10
    endloop
  endfacet
  facet normal -0.857643 -0.514246 0
    outer loop
      vertex 86.6458 14.4142 0
      vertex 86.4944 14.6667 10
      vertex 86.4944 14.6667 0
    endloop
  endfacet
  facet normal -0.857643 -0.514246 0
    outer loop
      vertex 86.4944 14.6667 10
      vertex 86.6458 14.4142 0
      vertex 86.6458 14.4142 10
    endloop
  endfacet
  facet normal -0.740908 0.671607 0
    outer loop
      vertex 86.1213 10.8787 0
      vertex 86.319 11.0968 10
      vertex 86.319 11.0968 0
    endloop
  endfacet
  facet normal -0.740908 0.671607 0
    outer loop
      vertex 86.319 11.0968 10
      vertex 86.1213 10.8787 0
      vertex 86.1213 10.8787 10
    endloop
  endfacet
  facet normal 0.989174 -0.146746 0
    outer loop
      vertex 25.0144 13.2941 11
      vertex 25.0576 13.5853 0
      vertex 25.0576 13.5853 11
    endloop
  endfacet
  facet normal 0.989174 -0.146746 0
    outer loop
      vertex 25.0576 13.5853 0
      vertex 25.0144 13.2941 11
      vertex 25.0144 13.2941 0
    endloop
  endfacet
  facet normal -0.0489044 -0.998803 0
    outer loop
      vertex 84 16 0
      vertex 84.2941 15.9856 10
      vertex 84 16 10
    endloop
  endfacet
  facet normal -0.0489044 -0.998803 -0
    outer loop
      vertex 84.2941 15.9856 10
      vertex 84 16 0
      vertex 84.2941 15.9856 0
    endloop
  endfacet
  facet normal 0.803208 0.595699 0
    outer loop
      vertex 25.681 11.0968 11
      vertex 25.5056 11.3333 0
      vertex 25.5056 11.3333 11
    endloop
  endfacet
  facet normal 0.803208 0.595699 0
    outer loop
      vertex 25.5056 11.3333 0
      vertex 25.681 11.0968 11
      vertex 25.681 11.0968 0
    endloop
  endfacet
  facet normal 0.941488 -0.337047 0
    outer loop
      vertex 25.1292 13.8709 11
      vertex 25.2284 14.148 0
      vertex 25.2284 14.148 11
    endloop
  endfacet
  facet normal 0.941488 -0.337047 0
    outer loop
      vertex 25.2284 14.148 0
      vertex 25.1292 13.8709 11
      vertex 25.1292 13.8709 0
    endloop
  endfacet
  facet normal 0.969982 0.243175 0
    outer loop
      vertex 25.1292 12.1291 11
      vertex 25.0576 12.4147 0
      vertex 25.0576 12.4147 11
    endloop
  endfacet
  facet normal 0.969982 0.243175 0
    outer loop
      vertex 25.0576 12.4147 0
      vertex 25.1292 12.1291 11
      vertex 25.1292 12.1291 0
    endloop
  endfacet
  facet normal 0.146746 0.989174 -0
    outer loop
      vertex 27.7059 10.0144 0
      vertex 27.4147 10.0576 11
      vertex 27.7059 10.0144 11
    endloop
  endfacet
  facet normal 0.146746 0.989174 0
    outer loop
      vertex 27.4147 10.0576 11
      vertex 27.7059 10.0144 0
      vertex 27.4147 10.0576 0
    endloop
  endfacet
  facet normal -0.427269 -0.904125 0
    outer loop
      vertex 85.148 15.7716 0
      vertex 85.4142 15.6458 10
      vertex 85.148 15.7716 10
    endloop
  endfacet
  facet normal -0.427269 -0.904125 -0
    outer loop
      vertex 85.4142 15.6458 10
      vertex 85.148 15.7716 0
      vertex 85.4142 15.6458 0
    endloop
  endfacet
  facet normal -0.146746 -0.989174 0
    outer loop
      vertex 84.2941 15.9856 0
      vertex 84.5853 15.9424 10
      vertex 84.2941 15.9856 10
    endloop
  endfacet
  facet normal -0.146746 -0.989174 -0
    outer loop
      vertex 84.5853 15.9424 10
      vertex 84.2941 15.9856 0
      vertex 84.5853 15.9424 0
    endloop
  endfacet
  facet normal -0.941527 0.336939 0
    outer loop
      vertex 86.7716 11.8519 0
      vertex 86.8708 12.1291 10
      vertex 86.8708 12.1291 0
    endloop
  endfacet
  facet normal -0.941527 0.336939 0
    outer loop
      vertex 86.8708 12.1291 10
      vertex 86.7716 11.8519 0
      vertex 86.7716 11.8519 10
    endloop
  endfacet
  facet normal -0.904125 -0.427269 0
    outer loop
      vertex 86.7716 14.148 0
      vertex 86.6458 14.4142 10
      vertex 86.6458 14.4142 0
    endloop
  endfacet
  facet normal -0.904125 -0.427269 0
    outer loop
      vertex 86.6458 14.4142 10
      vertex 86.7716 14.148 0
      vertex 86.7716 14.148 10
    endloop
  endfacet
  facet normal -0.671607 0.740908 0
    outer loop
      vertex 86.1213 10.8787 0
      vertex 85.9032 10.681 10
      vertex 86.1213 10.8787 10
    endloop
  endfacet
  facet normal -0.671607 0.740908 0
    outer loop
      vertex 85.9032 10.681 10
      vertex 86.1213 10.8787 0
      vertex 85.9032 10.681 0
    endloop
  endfacet
  facet normal 0.740908 0.671607 0
    outer loop
      vertex 25.8787 10.8787 11
      vertex 25.681 11.0968 0
      vertex 25.681 11.0968 11
    endloop
  endfacet
  facet normal 0.740908 0.671607 0
    outer loop
      vertex 25.681 11.0968 0
      vertex 25.8787 10.8787 11
      vertex 25.8787 10.8787 0
    endloop
  endfacet
  facet normal 0.595699 -0.803208 0
    outer loop
      vertex 26.0968 15.319 0
      vertex 26.3333 15.4944 11
      vertex 26.0968 15.319 11
    endloop
  endfacet
  facet normal 0.595699 -0.803208 0
    outer loop
      vertex 26.3333 15.4944 11
      vertex 26.0968 15.319 0
      vertex 26.3333 15.4944 0
    endloop
  endfacet
  facet normal -0.243255 -0.969962 0
    outer loop
      vertex 84.5853 15.9424 0
      vertex 84.8708 15.8708 10
      vertex 84.5853 15.9424 10
    endloop
  endfacet
  facet normal -0.243255 -0.969962 -0
    outer loop
      vertex 84.8708 15.8708 10
      vertex 84.5853 15.9424 0
      vertex 84.8708 15.8708 0
    endloop
  endfacet
  facet normal 0.740908 -0.671607 0
    outer loop
      vertex 25.681 14.9032 11
      vertex 25.8787 15.1213 0
      vertex 25.8787 15.1213 11
    endloop
  endfacet
  facet normal 0.740908 -0.671607 0
    outer loop
      vertex 25.8787 15.1213 0
      vertex 25.681 14.9032 11
      vertex 25.681 14.9032 0
    endloop
  endfacet
  facet normal 0.803208 -0.595699 0
    outer loop
      vertex 25.5056 14.6667 11
      vertex 25.681 14.9032 0
      vertex 25.681 14.9032 11
    endloop
  endfacet
  facet normal 0.803208 -0.595699 0
    outer loop
      vertex 25.681 14.9032 0
      vertex 25.5056 14.6667 11
      vertex 25.5056 14.6667 0
    endloop
  endfacet
  facet normal 0.336939 -0.941527 0
    outer loop
      vertex 26.8519 15.7716 0
      vertex 27.1291 15.8708 11
      vertex 26.8519 15.7716 11
    endloop
  endfacet
  facet normal 0.336939 -0.941527 0
    outer loop
      vertex 27.1291 15.8708 11
      vertex 26.8519 15.7716 0
      vertex 27.1291 15.8708 0
    endloop
  endfacet
  facet normal -0.989224 0.146413 0
    outer loop
      vertex 86.9424 12.4147 0
      vertex 86.9855 12.7059 10
      vertex 86.9855 12.7059 0
    endloop
  endfacet
  facet normal -0.989224 0.146413 0
    outer loop
      vertex 86.9855 12.7059 10
      vertex 86.9424 12.4147 0
      vertex 86.9424 12.4147 10
    endloop
  endfacet
  facet normal 0.998803 0.0489044 0
    outer loop
      vertex 25.0144 12.7059 11
      vertex 25 13 0
      vertex 25 13 11
    endloop
  endfacet
  facet normal 0.998803 0.0489044 0
    outer loop
      vertex 25 13 0
      vertex 25.0144 12.7059 11
      vertex 25.0144 12.7059 0
    endloop
  endfacet
  facet normal -0.514246 -0.857643 0
    outer loop
      vertex 85.4142 15.6458 0
      vertex 85.6667 15.4944 10
      vertex 85.4142 15.6458 10
    endloop
  endfacet
  facet normal -0.514246 -0.857643 -0
    outer loop
      vertex 85.6667 15.4944 10
      vertex 85.4142 15.6458 0
      vertex 85.6667 15.4944 0
    endloop
  endfacet
  facet normal -0.969982 -0.243175 0
    outer loop
      vertex 86.9424 13.5853 0
      vertex 86.8708 13.8709 10
      vertex 86.8708 13.8709 0
    endloop
  endfacet
  facet normal -0.969982 -0.243175 0
    outer loop
      vertex 86.8708 13.8709 10
      vertex 86.9424 13.5853 0
      vertex 86.9424 13.5853 10
    endloop
  endfacet
  facet normal 0.857643 -0.514246 0
    outer loop
      vertex 25.3542 14.4142 11
      vertex 25.5056 14.6667 0
      vertex 25.5056 14.6667 11
    endloop
  endfacet
  facet normal 0.857643 -0.514246 0
    outer loop
      vertex 25.5056 14.6667 0
      vertex 25.3542 14.4142 11
      vertex 25.3542 14.4142 0
    endloop
  endfacet
  facet normal -0.336939 0.941527 0
    outer loop
      vertex 85.148 10.2284 0
      vertex 84.8708 10.1292 10
      vertex 85.148 10.2284 10
    endloop
  endfacet
  facet normal -0.336939 0.941527 0
    outer loop
      vertex 84.8708 10.1292 10
      vertex 85.148 10.2284 0
      vertex 84.8708 10.1292 0
    endloop
  endfacet
  facet normal 0.904063 0.4274 0
    outer loop
      vertex 25.3542 11.5858 11
      vertex 25.2284 11.8519 0
      vertex 25.2284 11.8519 11
    endloop
  endfacet
  facet normal 0.904063 0.4274 0
    outer loop
      vertex 25.2284 11.8519 0
      vertex 25.3542 11.5858 11
      vertex 25.3542 11.5858 0
    endloop
  endfacet
  facet normal -0.904063 0.4274 0
    outer loop
      vertex 86.6458 11.5858 0
      vertex 86.7716 11.8519 10
      vertex 86.7716 11.8519 0
    endloop
  endfacet
  facet normal -0.904063 0.4274 0
    outer loop
      vertex 86.7716 11.8519 10
      vertex 86.6458 11.5858 0
      vertex 86.6458 11.5858 10
    endloop
  endfacet
  facet normal -0.146746 0.989174 0
    outer loop
      vertex 84.5853 10.0576 0
      vertex 84.2941 10.0144 10
      vertex 84.5853 10.0576 10
    endloop
  endfacet
  facet normal -0.146746 0.989174 0
    outer loop
      vertex 84.2941 10.0144 10
      vertex 84.5853 10.0576 0
      vertex 84.2941 10.0144 0
    endloop
  endfacet
  facet normal -0.514246 0.857643 0
    outer loop
      vertex 85.6667 10.5056 0
      vertex 85.4142 10.3542 10
      vertex 85.6667 10.5056 10
    endloop
  endfacet
  facet normal -0.514246 0.857643 0
    outer loop
      vertex 85.4142 10.3542 10
      vertex 85.6667 10.5056 0
      vertex 85.4142 10.3542 0
    endloop
  endfacet
  facet normal 0.243175 -0.969982 0
    outer loop
      vertex 27.1291 15.8708 0
      vertex 27.4147 15.9424 11
      vertex 27.1291 15.8708 11
    endloop
  endfacet
  facet normal 0.243175 -0.969982 0
    outer loop
      vertex 27.4147 15.9424 11
      vertex 27.1291 15.8708 0
      vertex 27.4147 15.9424 0
    endloop
  endfacet
  facet normal 0.514246 0.857643 -0
    outer loop
      vertex 26.5858 10.3542 0
      vertex 26.3333 10.5056 11
      vertex 26.5858 10.3542 11
    endloop
  endfacet
  facet normal 0.514246 0.857643 0
    outer loop
      vertex 26.3333 10.5056 11
      vertex 26.5858 10.3542 0
      vertex 26.3333 10.5056 0
    endloop
  endfacet
  facet normal 0.671607 0.740908 -0
    outer loop
      vertex 26.0968 10.681 0
      vertex 25.8787 10.8787 11
      vertex 26.0968 10.681 11
    endloop
  endfacet
  facet normal 0.671607 0.740908 0
    outer loop
      vertex 25.8787 10.8787 11
      vertex 26.0968 10.681 0
      vertex 25.8787 10.8787 0
    endloop
  endfacet
  facet normal 0.4274 -0.904063 0
    outer loop
      vertex 26.5858 15.6458 0
      vertex 26.8519 15.7716 11
      vertex 26.5858 15.6458 11
    endloop
  endfacet
  facet normal 0.4274 -0.904063 0
    outer loop
      vertex 26.8519 15.7716 11
      vertex 26.5858 15.6458 0
      vertex 26.8519 15.7716 0
    endloop
  endfacet
  facet normal 0.336939 0.941527 -0
    outer loop
      vertex 27.1291 10.1292 0
      vertex 26.8519 10.2284 11
      vertex 27.1291 10.1292 11
    endloop
  endfacet
  facet normal 0.336939 0.941527 0
    outer loop
      vertex 26.8519 10.2284 11
      vertex 27.1291 10.1292 0
      vertex 26.8519 10.2284 0
    endloop
  endfacet
  facet normal 0.243175 0.969982 -0
    outer loop
      vertex 27.4147 10.0576 0
      vertex 27.1291 10.1292 11
      vertex 27.4147 10.0576 11
    endloop
  endfacet
  facet normal 0.243175 0.969982 0
    outer loop
      vertex 27.1291 10.1292 11
      vertex 27.4147 10.0576 0
      vertex 27.1291 10.1292 0
    endloop
  endfacet
  facet normal 0.595699 0.803208 -0
    outer loop
      vertex 26.3333 10.5056 0
      vertex 26.0968 10.681 11
      vertex 26.3333 10.5056 11
    endloop
  endfacet
  facet normal 0.595699 0.803208 0
    outer loop
      vertex 26.0968 10.681 11
      vertex 26.3333 10.5056 0
      vertex 26.0968 10.681 0
    endloop
  endfacet
  facet normal 0.4274 0.904063 -0
    outer loop
      vertex 26.8519 10.2284 0
      vertex 26.5858 10.3542 11
      vertex 26.8519 10.2284 11
    endloop
  endfacet
  facet normal 0.4274 0.904063 0
    outer loop
      vertex 26.5858 10.3542 11
      vertex 26.8519 10.2284 0
      vertex 26.5858 10.3542 0
    endloop
  endfacet
  facet normal -0.427269 0.904125 0
    outer loop
      vertex 85.4142 10.3542 0
      vertex 85.148 10.2284 10
      vertex 85.4142 10.3542 10
    endloop
  endfacet
  facet normal -0.427269 0.904125 0
    outer loop
      vertex 85.148 10.2284 10
      vertex 85.4142 10.3542 0
      vertex 85.148 10.2284 0
    endloop
  endfacet
  facet normal 0 0 -1
    outer loop
      vertex 28 10 11
      vertex 40 16 11
      vertex 40 10 11
    endloop
  endfacet
  facet normal 0 0 -1
    outer loop
      vertex 28 10 11
      vertex 28 16 11
      vertex 40 16 11
    endloop
  endfacet
  facet normal 0 0 -1
    outer loop
      vertex 27.7059 10.0144 11
      vertex 28 16 11
      vertex 28 10 11
    endloop
  endfacet
  facet normal 0 0 -1
    outer loop
      vertex 27.7059 10.0144 11
      vertex 27.7059 15.9856 11
      vertex 28 16 11
    endloop
  endfacet
  facet normal 0 0 -1
    outer loop
      vertex 27.4147 10.0576 11
      vertex 27.7059 15.9856 11
      vertex 27.7059 10.0144 11
    endloop
  endfacet
  facet normal 0 0 -1
    outer loop
      vertex 27.4147 10.0576 11
      vertex 27.4147 15.9424 11
      vertex 27.7059 15.9856 11
    endloop
  endfacet
  facet normal 0 0 -1
    outer loop
      vertex 27.1291 10.1292 11
      vertex 27.4147 15.9424 11
      vertex 27.4147 10.0576 11
    endloop
  endfacet
  facet normal 0 0 -1
    outer loop
      vertex 27.1291 10.1292 11
      vertex 27.1291 15.8708 11
      vertex 27.4147 15.9424 11
    endloop
  endfacet
  facet normal 0 0 -1
    outer loop
      vertex 26.8519 10.2284 11
      vertex 27.1291 15.8708 11
      vertex 27.1291 10.1292 11
    endloop
  endfacet
  facet normal 0 0 -1
    outer loop
      vertex 26.8519 10.2284 11
      vertex 26.8519 15.7716 11
      vertex 27.1291 15.8708 11
    endloop
  endfacet
  facet normal 0 0 -1
    outer loop
      vertex 26.5858 10.3542 11
      vertex 26.8519 15.7716 11
      vertex 26.8519 10.2284 11
    endloop
  endfacet
  facet normal 0 0 -1
    outer loop
      vertex 26.5858 10.3542 11
      vertex 26.5858 15.6458 11
      vertex 26.8519 15.7716 11
    endloop
  endfacet
  facet normal 0 0 -1
    outer loop
      vertex 26.3333 10.5056 11
      vertex 26.5858 15.6458 11
      vertex 26.5858 10.3542 11
    endloop
  endfacet
  facet normal 0 0 -1
    outer loop
      vertex 26.3333 10.5056 11
      vertex 26.3333 15.4944 11
      vertex 26.5858 15.6458 11
    endloop
  endfacet
  facet normal 0 0 -1
    outer loop
      vertex 26.0968 10.681 11
      vertex 26.3333 15.4944 11
      vertex 26.3333 10.5056 11
    endloop
  endfacet
  facet normal 0 0 -1
    outer loop
      vertex 26.0968 10.681 11
      vertex 26.0968 15.319 11
      vertex 26.3333 15.4944 11
    endloop
  endfacet
  facet normal 0 0 -1
    outer loop
      vertex 25.8787 10.8787 11
      vertex 26.0968 15.319 11
      vertex 26.0968 10.681 11
    endloop
  endfacet
  facet normal 0 0 -1
    outer loop
      vertex 25.8787 10.8787 11
      vertex 25.8787 15.1213 11
      vertex 26.0968 15.319 11
    endloop
  endfacet
  facet normal 0 0 -1
    outer loop
      vertex 25.681 11.0968 11
      vertex 25.8787 15.1213 11
      vertex 25.8787 10.8787 11
    endloop
  endfacet
  facet normal 0 0 -1
    outer loop
      vertex 25.681 11.0968 11
      vertex 25.681 14.9032 11
      vertex 25.8787 15.1213 11
    endloop
  endfacet
  facet normal 0 0 -1
    outer loop
      vertex 25.5056 11.3333 11
      vertex 25.681 14.9032 11
      vertex 25.681 11.0968 11
    endloop
  endfacet
  facet normal 0 0 -1
    outer loop
      vertex 25.5056 11.3333 11
      vertex 25.5056 14.6667 11
      vertex 25.681 14.9032 11
    endloop
  endfacet
  facet normal 0 0 -1
    outer loop
      vertex 25.3542 11.5858 11
      vertex 25.5056 14.6667 11
      vertex 25.5056 11.3333 11
    endloop
  endfacet
  facet normal 0 0 -1
    outer loop
      vertex 25.3542 11.5858 11
      vertex 25.3542 14.4142 11
      vertex 25.5056 14.6667 11
    endloop
  endfacet
  facet normal 0 0 -1
    outer loop
      vertex 25.2284 11.8519 11
      vertex 25.3542 14.4142 11
      vertex 25.3542 11.5858 11
    endloop
  endfacet
  facet normal 0 0 -1
    outer loop
      vertex 25.2284 11.8519 11
      vertex 25.2284 14.148 11
      vertex 25.3542 14.4142 11
    endloop
  endfacet
  facet normal 0 0 -1
    outer loop
      vertex 25.1292 12.1291 11
      vertex 25.2284 14.148 11
      vertex 25.2284 11.8519 11
    endloop
  endfacet
  facet normal 0 0 -1
    outer loop
      vertex 25.1292 12.1291 11
      vertex 25.1292 13.8709 11
      vertex 25.2284 14.148 11
    endloop
  endfacet
  facet normal 0 0 -1
    outer loop
      vertex 25.0576 12.4147 11
      vertex 25.1292 13.8709 11
      vertex 25.1292 12.1291 11
    endloop
  endfacet
  facet normal 0 0 -1
    outer loop
      vertex 25.0576 12.4147 11
      vertex 25.0576 13.5853 11
      vertex 25.1292 13.8709 11
    endloop
  endfacet
  facet normal 0 0 -1
    outer loop
      vertex 25.0144 12.7059 11
      vertex 25.0576 13.5853 11
      vertex 25.0576 12.4147 11
    endloop
  endfacet
  facet normal 0 0 -1
    outer loop
      vertex 25.0144 12.7059 11
      vertex 25.0144 13.2941 11
      vertex 25.0576 13.5853 11
    endloop
  endfacet
  facet normal 0 -0 -1
    outer loop
      vertex 25.0144 13.2941 11
      vertex 25.0144 12.7059 11
      vertex 25 13 11
    endloop
  endfacet
  facet normal 0.904125 -0.427269 0
    outer loop
      vertex 25.2284 14.148 11
      vertex 25.3542 14.4142 0
      vertex 25.3542 14.4142 11
    endloop
  endfacet
  facet normal 0.904125 -0.427269 0
    outer loop
      vertex 25.3542 14.4142 0
      vertex 25.2284 14.148 11
      vertex 25.2284 14.148 0
    endloop
  endfacet
  facet normal 0.671607 -0.740908 0
    outer loop
      vertex 25.8787 15.1213 0
      vertex 26.0968 15.319 11
      vertex 25.8787 15.1213 11
    endloop
  endfacet
  facet normal 0.671607 -0.740908 0
    outer loop
      vertex 26.0968 15.319 11
      vertex 25.8787 15.1213 0
      vertex 26.0968 15.319 0
    endloop
  endfacet
  facet normal -0.989028 -0.14773 0
    outer loop
      vertex 103.981 13.3921 0
      vertex 103.923 13.7804 10
      vertex 103.923 13.7804 0
    endloop
  endfacet
  facet normal -0.989028 -0.14773 0
    outer loop
      vertex 103.923 13.7804 10
      vertex 103.981 13.3921 0
      vertex 103.981 13.3921 10
    endloop
  endfacet
  facet normal -0.998828 -0.0484002 0
    outer loop
      vertex 104 13 0
      vertex 103.981 13.3921 10
      vertex 103.981 13.3921 0
    endloop
  endfacet
  facet normal -0.998828 -0.0484002 0
    outer loop
      vertex 103.981 13.3921 10
      vertex 104 13 0
      vertex 104 13 10
    endloop
  endfacet
  facet normal -0.970247 -0.242116 0
    outer loop
      vertex 103.923 13.7804 0
      vertex 103.828 14.1611 10
      vertex 103.828 14.1611 0
    endloop
  endfacet
  facet normal -0.970247 -0.242116 0
    outer loop
      vertex 103.828 14.1611 10
      vertex 103.923 13.7804 0
      vertex 103.923 13.7804 10
    endloop
  endfacet
  facet normal 0.671663 0.740857 -0
    outer loop
      vertex 97.4624 9.90796 0
      vertex 97.1716 10.1716 10
      vertex 97.4624 9.90796 10
    endloop
  endfacet
  facet normal 0.671663 0.740857 0
    outer loop
      vertex 97.1716 10.1716 10
      vertex 97.4624 9.90796 0
      vertex 97.1716 10.1716 0
    endloop
  endfacet
  facet normal -0.336691 -0.941615 0
    outer loop
      vertex 101.161 16.8278 0
      vertex 101.531 16.6955 10
      vertex 101.161 16.8278 10
    endloop
  endfacet
  facet normal -0.336691 -0.941615 -0
    outer loop
      vertex 101.531 16.6955 10
      vertex 101.161 16.8278 0
      vertex 101.531 16.6955 0
    endloop
  endfacet
  facet normal 0.049061 0.998796 -0
    outer loop
      vertex 100 9 0
      vertex 99.6079 9.01926 10
      vertex 100 9 10
    endloop
  endfacet
  facet normal 0.049061 0.998796 0
    outer loop
      vertex 99.6079 9.01926 10
      vertex 100 9 0
      vertex 99.6079 9.01926 0
    endloop
  endfacet
  facet normal -0.941742 0.336336 0
    outer loop
      vertex 103.696 11.4693 0
      vertex 103.828 11.8389 10
      vertex 103.828 11.8389 0
    endloop
  endfacet
  facet normal -0.941742 0.336336 0
    outer loop
      vertex 103.828 11.8389 10
      vertex 103.696 11.4693 0
      vertex 103.696 11.4693 10
    endloop
  endfacet
  facet normal 0.42744 -0.904044 0
    outer loop
      vertex 98.1144 16.5277 0
      vertex 98.4693 16.6955 10
      vertex 98.1144 16.5277 10
    endloop
  endfacet
  facet normal 0.42744 -0.904044 0
    outer loop
      vertex 98.4693 16.6955 10
      vertex 98.1144 16.5277 0
      vertex 98.4693 16.6955 0
    endloop
  endfacet
  facet normal -0.672622 -0.739986 0
    outer loop
      vertex 102.538 16.092 0
      vertex 102.828 15.8284 10
      vertex 102.538 16.092 10
    endloop
  endfacet
  facet normal -0.672622 -0.739986 -0
    outer loop
      vertex 102.828 15.8284 10
      vertex 102.538 16.092 0
      vertex 102.828 15.8284 0
    endloop
  endfacet
  facet normal -0.242847 0.970065 0
    outer loop
      vertex 101.161 9.17224 0
      vertex 100.78 9.07686 10
      vertex 101.161 9.17224 10
    endloop
  endfacet
  facet normal -0.242847 0.970065 0
    outer loop
      vertex 100.78 9.07686 10
      vertex 101.161 9.17224 0
      vertex 100.78 9.07686 0
    endloop
  endfacet
  facet normal -0.146844 -0.98916 0
    outer loop
      vertex 100.392 16.9807 0
      vertex 100.78 16.9231 10
      vertex 100.392 16.9807 10
    endloop
  endfacet
  facet normal -0.146844 -0.98916 -0
    outer loop
      vertex 100.78 16.9231 10
      vertex 100.392 16.9807 0
      vertex 100.78 16.9231 0
    endloop
  endfacet
  facet normal 0.970068 -0.242835 0
    outer loop
      vertex 96.0769 13.7804 10
      vertex 96.1722 14.1611 0
      vertex 96.1722 14.1611 10
    endloop
  endfacet
  facet normal 0.970068 -0.242835 0
    outer loop
      vertex 96.1722 14.1611 0
      vertex 96.0769 13.7804 10
      vertex 96.0769 13.7804 0
    endloop
  endfacet
  facet normal 0.904044 0.42744 0
    outer loop
      vertex 96.4723 11.1144 10
      vertex 96.3045 11.4693 0
      vertex 96.3045 11.4693 10
    endloop
  endfacet
  facet normal 0.904044 0.42744 0
    outer loop
      vertex 96.3045 11.4693 0
      vertex 96.4723 11.1144 10
      vertex 96.4723 11.1144 0
    endloop
  endfacet
  facet normal -0.803015 0.595958 0
    outer loop
      vertex 103.092 10.4624 0
      vertex 103.326 10.7777 10
      vertex 103.326 10.7777 0
    endloop
  endfacet
  facet normal -0.803015 0.595958 0
    outer loop
      vertex 103.326 10.7777 10
      vertex 103.092 10.4624 0
      vertex 103.092 10.4624 10
    endloop
  endfacet
  facet normal 0.803137 0.595794 0
    outer loop
      vertex 96.908 10.4624 10
      vertex 96.6741 10.7777 0
      vertex 96.6741 10.7777 10
    endloop
  endfacet
  facet normal 0.803137 0.595794 0
    outer loop
      vertex 96.6741 10.7777 0
      vertex 96.908 10.4624 10
      vertex 96.908 10.4624 0
    endloop
  endfacet
  facet normal -0.989028 0.14773 0
    outer loop
      vertex 103.923 12.2196 0
      vertex 103.981 12.6079 10
      vertex 103.981 12.6079 0
    endloop
  endfacet
  facet normal -0.989028 0.14773 0
    outer loop
      vertex 103.981 12.6079 10
      vertex 103.923 12.2196 0
      vertex 103.923 12.2196 10
    endloop
  endfacet
  facet normal 0.146733 -0.989176 0
    outer loop
      vertex 99.2196 16.9231 0
      vertex 99.6079 16.9807 10
      vertex 99.2196 16.9231 10
    endloop
  endfacet
  facet normal 0.146733 -0.989176 0
    outer loop
      vertex 99.6079 16.9807 10
      vertex 99.2196 16.9231 0
      vertex 99.6079 16.9807 0
    endloop
  endfacet
  facet normal -0.0491751 -0.99879 0
    outer loop
      vertex 100 17 0
      vertex 100.392 16.9807 10
      vertex 100 17 10
    endloop
  endfacet
  facet normal -0.0491751 -0.99879 -0
    outer loop
      vertex 100.392 16.9807 10
      vertex 100 17 0
      vertex 100.392 16.9807 0
    endloop
  endfacet
  facet normal 0.9415 0.337014 0
    outer loop
      vertex 96.3045 11.4693 10
      vertex 96.1722 11.8389 0
      vertex 96.1722 11.8389 10
    endloop
  endfacet
  facet normal 0.9415 0.337014 0
    outer loop
      vertex 96.1722 11.8389 0
      vertex 96.3045 11.4693 10
      vertex 96.3045 11.4693 0
    endloop
  endfacet
  facet normal -0.427342 -0.90409 0
    outer loop
      vertex 101.531 16.6955 0
      vertex 101.886 16.5277 10
      vertex 101.531 16.6955 10
    endloop
  endfacet
  facet normal -0.427342 -0.90409 -0
    outer loop
      vertex 101.886 16.5277 10
      vertex 101.531 16.6955 0
      vertex 101.886 16.5277 0
    endloop
  endfacet
  facet normal 0.85774 0.514084 0
    outer loop
      vertex 96.6741 10.7777 10
      vertex 96.4723 11.1144 0
      vertex 96.4723 11.1144 10
    endloop
  endfacet
  facet normal 0.85774 0.514084 0
    outer loop
      vertex 96.4723 11.1144 0
      vertex 96.6741 10.7777 10
      vertex 96.6741 10.7777 0
    endloop
  endfacet
  facet normal 0.146733 0.989176 -0
    outer loop
      vertex 99.6079 9.01926 0
      vertex 99.2196 9.07686 10
      vertex 99.6079 9.01926 10
    endloop
  endfacet
  facet normal 0.146733 0.989176 0
    outer loop
      vertex 99.2196 9.07686 10
      vertex 99.6079 9.01926 0
      vertex 99.2196 9.07686 0
    endloop
  endfacet
  facet normal -0.672678 0.739935 0
    outer loop
      vertex 102.828 10.1716 0
      vertex 102.538 9.90796 10
      vertex 102.828 10.1716 10
    endloop
  endfacet
  facet normal -0.672678 0.739935 0
    outer loop
      vertex 102.538 9.90796 10
      vertex 102.828 10.1716 0
      vertex 102.538 9.90796 0
    endloop
  endfacet
  facet normal 0.337014 -0.9415 0
    outer loop
      vertex 98.4693 16.6955 0
      vertex 98.8389 16.8278 10
      vertex 98.4693 16.6955 10
    endloop
  endfacet
  facet normal 0.337014 -0.9415 0
    outer loop
      vertex 98.8389 16.8278 10
      vertex 98.4693 16.6955 0
      vertex 98.8389 16.8278 0
    endloop
  endfacet
  facet normal -0.970247 0.242116 0
    outer loop
      vertex 103.828 11.8389 0
      vertex 103.923 12.2196 10
      vertex 103.923 12.2196 0
    endloop
  endfacet
  facet normal -0.970247 0.242116 0
    outer loop
      vertex 103.923 12.2196 10
      vertex 103.828 11.8389 0
      vertex 103.828 11.8389 10
    endloop
  endfacet
  facet normal 0.671607 -0.740908 0
    outer loop
      vertex 97.1716 15.8284 0
      vertex 97.4624 16.092 10
      vertex 97.1716 15.8284 10
    endloop
  endfacet
  facet normal 0.671607 -0.740908 0
    outer loop
      vertex 97.4624 16.092 10
      vertex 97.1716 15.8284 0
      vertex 97.4624 16.092 0
    endloop
  endfacet
  facet normal 0.595695 0.80321 -0
    outer loop
      vertex 97.7777 9.67412 0
      vertex 97.4624 9.90796 10
      vertex 97.7777 9.67412 10
    endloop
  endfacet
  facet normal 0.595695 0.80321 0
    outer loop
      vertex 97.4624 9.90796 10
      vertex 97.7777 9.67412 0
      vertex 97.4624 9.90796 0
    endloop
  endfacet
  facet normal -0.803015 -0.595958 0
    outer loop
      vertex 103.326 15.2223 0
      vertex 103.092 15.5376 10
      vertex 103.092 15.5376 0
    endloop
  endfacet
  facet normal -0.803015 -0.595958 0
    outer loop
      vertex 103.092 15.5376 10
      vertex 103.326 15.2223 0
      vertex 103.326 15.2223 10
    endloop
  endfacet
  facet normal 0.970068 0.242835 0
    outer loop
      vertex 96.1722 11.8389 10
      vertex 96.0769 12.2196 0
      vertex 96.0769 12.2196 10
    endloop
  endfacet
  facet normal 0.970068 0.242835 0
    outer loop
      vertex 96.0769 12.2196 0
      vertex 96.1722 11.8389 10
      vertex 96.1722 11.8389 0
    endloop
  endfacet
  facet normal 0.85774 -0.514084 0
    outer loop
      vertex 96.4723 14.8856 10
      vertex 96.6741 15.2223 0
      vertex 96.6741 15.2223 10
    endloop
  endfacet
  facet normal 0.85774 -0.514084 0
    outer loop
      vertex 96.6741 15.2223 0
      vertex 96.4723 14.8856 10
      vertex 96.4723 14.8856 0
    endloop
  endfacet
  facet normal -0.998828 0.0484002 0
    outer loop
      vertex 103.981 12.6079 0
      vertex 104 13 10
      vertex 104 13 0
    endloop
  endfacet
  facet normal -0.998828 0.0484002 0
    outer loop
      vertex 104 13 10
      vertex 103.981 12.6079 0
      vertex 103.981 12.6079 10
    endloop
  endfacet
  facet normal -0.336556 0.941664 0
    outer loop
      vertex 101.531 9.30448 0
      vertex 101.161 9.17224 10
      vertex 101.531 9.30448 10
    endloop
  endfacet
  facet normal -0.336556 0.941664 0
    outer loop
      vertex 101.161 9.17224 10
      vertex 101.531 9.30448 0
      vertex 101.161 9.17224 0
    endloop
  endfacet
  facet normal 0.9415 -0.337014 0
    outer loop
      vertex 96.1722 14.1611 10
      vertex 96.3045 14.5307 0
      vertex 96.3045 14.5307 10
    endloop
  endfacet
  facet normal 0.9415 -0.337014 0
    outer loop
      vertex 96.3045 14.5307 0
      vertex 96.1722 14.1611 10
      vertex 96.1722 14.1611 0
    endloop
  endfacet
  facet normal -0.594942 -0.803769 0
    outer loop
      vertex 102.222 16.3259 0
      vertex 102.538 16.092 10
      vertex 102.222 16.3259 10
    endloop
  endfacet
  facet normal -0.594942 -0.803769 -0
    outer loop
      vertex 102.538 16.092 10
      vertex 102.222 16.3259 0
      vertex 102.538 16.092 0
    endloop
  endfacet
  facet normal -0.514871 -0.857268 0
    outer loop
      vertex 101.886 16.5277 0
      vertex 102.222 16.3259 10
      vertex 101.886 16.5277 10
    endloop
  endfacet
  facet normal -0.514871 -0.857268 -0
    outer loop
      vertex 102.222 16.3259 10
      vertex 101.886 16.5277 0
      vertex 102.222 16.3259 0
    endloop
  endfacet
  facet normal -0.146844 0.98916 0
    outer loop
      vertex 100.78 9.07686 0
      vertex 100.392 9.01926 10
      vertex 100.78 9.07686 10
    endloop
  endfacet
  facet normal -0.146844 0.98916 0
    outer loop
      vertex 100.392 9.01926 10
      vertex 100.78 9.07686 0
      vertex 100.392 9.01926 0
    endloop
  endfacet
  facet normal -0.941742 -0.336336 0
    outer loop
      vertex 103.828 14.1611 0
      vertex 103.696 14.5307 10
      vertex 103.696 14.5307 0
    endloop
  endfacet
  facet normal -0.941742 -0.336336 0
    outer loop
      vertex 103.696 14.5307 10
      vertex 103.828 14.1611 0
      vertex 103.828 14.1611 10
    endloop
  endfacet
  facet normal -0.857515 0.514458 0
    outer loop
      vertex 103.326 10.7777 0
      vertex 103.528 11.1144 10
      vertex 103.528 11.1144 0
    endloop
  endfacet
  facet normal -0.857515 0.514458 0
    outer loop
      vertex 103.528 11.1144 10
      vertex 103.326 10.7777 0
      vertex 103.326 10.7777 10
    endloop
  endfacet
  facet normal 0.998791 0.0491626 0
    outer loop
      vertex 96.0193 12.6079 10
      vertex 96 13 0
      vertex 96 13 10
    endloop
  endfacet
  facet normal 0.998791 0.0491626 0
    outer loop
      vertex 96 13 0
      vertex 96.0193 12.6079 10
      vertex 96.0193 12.6079 0
    endloop
  endfacet
  facet normal -0.242655 -0.970113 0
    outer loop
      vertex 100.78 16.9231 0
      vertex 101.161 16.8278 10
      vertex 100.78 16.9231 10
    endloop
  endfacet
  facet normal -0.242655 -0.970113 -0
    outer loop
      vertex 101.161 16.8278 10
      vertex 100.78 16.9231 0
      vertex 101.161 16.8278 0
    endloop
  endfacet
  facet normal 0.998791 -0.0491626 0
    outer loop
      vertex 96 13 10
      vertex 96.0193 13.3921 0
      vertex 96.0193 13.3921 10
    endloop
  endfacet
  facet normal 0.998791 -0.0491626 0
    outer loop
      vertex 96.0193 13.3921 0
      vertex 96 13 10
      vertex 96 13 0
    endloop
  endfacet
  facet normal 0.514084 -0.85774 0
    outer loop
      vertex 97.7777 16.3259 0
      vertex 98.1144 16.5277 10
      vertex 97.7777 16.3259 10
    endloop
  endfacet
  facet normal 0.514084 -0.85774 0
    outer loop
      vertex 98.1144 16.5277 10
      vertex 97.7777 16.3259 0
      vertex 98.1144 16.5277 0
    endloop
  endfacet
  facet normal 0.243027 0.970019 -0
    outer loop
      vertex 99.2196 9.07686 0
      vertex 98.8389 9.17224 10
      vertex 99.2196 9.07686 10
    endloop
  endfacet
  facet normal 0.243027 0.970019 0
    outer loop
      vertex 98.8389 9.17224 10
      vertex 99.2196 9.07686 0
      vertex 98.8389 9.17224 0
    endloop
  endfacet
  facet normal -0.903847 -0.427856 0
    outer loop
      vertex 103.696 14.5307 0
      vertex 103.528 14.8856 10
      vertex 103.528 14.8856 0
    endloop
  endfacet
  facet normal -0.903847 -0.427856 0
    outer loop
      vertex 103.528 14.8856 10
      vertex 103.696 14.5307 0
      vertex 103.696 14.5307 10
    endloop
  endfacet
  facet normal -0.857515 -0.514458 0
    outer loop
      vertex 103.528 14.8856 0
      vertex 103.326 15.2223 10
      vertex 103.326 15.2223 0
    endloop
  endfacet
  facet normal -0.857515 -0.514458 0
    outer loop
      vertex 103.326 15.2223 10
      vertex 103.528 14.8856 0
      vertex 103.528 14.8856 10
    endloop
  endfacet
  facet normal 0.740908 -0.671607 0
    outer loop
      vertex 96.908 15.5376 10
      vertex 97.1716 15.8284 0
      vertex 97.1716 15.8284 10
    endloop
  endfacet
  facet normal 0.740908 -0.671607 0
    outer loop
      vertex 97.1716 15.8284 0
      vertex 96.908 15.5376 10
      vertex 96.908 15.5376 0
    endloop
  endfacet
  facet normal 0.989176 0.146733 0
    outer loop
      vertex 96.0769 12.2196 10
      vertex 96.0193 12.6079 0
      vertex 96.0193 12.6079 10
    endloop
  endfacet
  facet normal 0.989176 0.146733 0
    outer loop
      vertex 96.0193 12.6079 0
      vertex 96.0769 12.2196 10
      vertex 96.0769 12.2196 0
    endloop
  endfacet
  facet normal 0.740908 0.671607 0
    outer loop
      vertex 97.1716 10.1716 10
      vertex 96.908 10.4624 0
      vertex 96.908 10.4624 10
    endloop
  endfacet
  facet normal 0.740908 0.671607 0
    outer loop
      vertex 96.908 10.4624 0
      vertex 97.1716 10.1716 10
      vertex 97.1716 10.1716 0
    endloop
  endfacet
  facet normal 0.0491626 -0.998791 0
    outer loop
      vertex 99.6079 16.9807 0
      vertex 100 17 10
      vertex 99.6079 16.9807 10
    endloop
  endfacet
  facet normal 0.0491626 -0.998791 0
    outer loop
      vertex 100 17 10
      vertex 99.6079 16.9807 0
      vertex 100 17 0
    endloop
  endfacet
  facet normal 0.242835 -0.970068 0
    outer loop
      vertex 98.8389 16.8278 0
      vertex 99.2196 16.9231 10
      vertex 98.8389 16.8278 10
    endloop
  endfacet
  facet normal 0.242835 -0.970068 0
    outer loop
      vertex 99.2196 16.9231 10
      vertex 98.8389 16.8278 0
      vertex 99.2196 16.9231 0
    endloop
  endfacet
  facet normal 0.514102 0.857729 -0
    outer loop
      vertex 98.1144 9.47231 0
      vertex 97.7777 9.67412 10
      vertex 98.1144 9.47231 10
    endloop
  endfacet
  facet normal 0.514102 0.857729 0
    outer loop
      vertex 97.7777 9.67412 10
      vertex 98.1144 9.47231 0
      vertex 97.7777 9.67412 0
    endloop
  endfacet
  facet normal 0.904044 -0.42744 0
    outer loop
      vertex 96.3045 14.5307 10
      vertex 96.4723 14.8856 0
      vertex 96.4723 14.8856 10
    endloop
  endfacet
  facet normal 0.904044 -0.42744 0
    outer loop
      vertex 96.4723 14.8856 0
      vertex 96.3045 14.5307 10
      vertex 96.3045 14.5307 0
    endloop
  endfacet
  facet normal -0.427404 0.904061 0
    outer loop
      vertex 101.886 9.47231 0
      vertex 101.531 9.30448 10
      vertex 101.886 9.47231 10
    endloop
  endfacet
  facet normal -0.427404 0.904061 0
    outer loop
      vertex 101.531 9.30448 10
      vertex 101.886 9.47231 0
      vertex 101.531 9.30448 0
    endloop
  endfacet
  facet normal -0.740401 -0.672166 0
    outer loop
      vertex 103.092 15.5376 0
      vertex 102.828 15.8284 10
      vertex 102.828 15.8284 0
    endloop
  endfacet
  facet normal -0.740401 -0.672166 0
    outer loop
      vertex 102.828 15.8284 10
      vertex 103.092 15.5376 0
      vertex 103.092 15.5376 10
    endloop
  endfacet
  facet normal -0.594843 0.803842 0
    outer loop
      vertex 102.538 9.90796 0
      vertex 102.222 9.67412 10
      vertex 102.538 9.90796 10
    endloop
  endfacet
  facet normal -0.594843 0.803842 0
    outer loop
      vertex 102.222 9.67412 10
      vertex 102.538 9.90796 0
      vertex 102.222 9.67412 0
    endloop
  endfacet
  facet normal -0.51489 0.857256 0
    outer loop
      vertex 102.222 9.67412 0
      vertex 101.886 9.47231 10
      vertex 102.222 9.67412 10
    endloop
  endfacet
  facet normal -0.51489 0.857256 0
    outer loop
      vertex 101.886 9.47231 10
      vertex 102.222 9.67412 0
      vertex 101.886 9.47231 0
    endloop
  endfacet
  facet normal -0.903847 0.427856 0
    outer loop
      vertex 103.528 11.1144 0
      vertex 103.696 11.4693 10
      vertex 103.696 11.4693 0
    endloop
  endfacet
  facet normal -0.903847 0.427856 0
    outer loop
      vertex 103.696 11.4693 10
      vertex 103.528 11.1144 0
      vertex 103.528 11.1144 10
    endloop
  endfacet
  facet normal 0.803137 -0.595794 0
    outer loop
      vertex 96.6741 15.2223 10
      vertex 96.908 15.5376 0
      vertex 96.908 15.5376 10
    endloop
  endfacet
  facet normal 0.803137 -0.595794 0
    outer loop
      vertex 96.908 15.5376 0
      vertex 96.6741 15.2223 10
      vertex 96.6741 15.2223 0
    endloop
  endfacet
  facet normal -0.0490735 0.998795 0
    outer loop
      vertex 100.392 9.01926 0
      vertex 100 9 10
      vertex 100.392 9.01926 10
    endloop
  endfacet
  facet normal -0.0490735 0.998795 0
    outer loop
      vertex 100 9 10
      vertex 100.392 9.01926 0
      vertex 100 9 0
    endloop
  endfacet
  facet normal 0.595794 -0.803137 0
    outer loop
      vertex 97.4624 16.092 0
      vertex 97.7777 16.3259 10
      vertex 97.4624 16.092 10
    endloop
  endfacet
  facet normal 0.595794 -0.803137 0
    outer loop
      vertex 97.7777 16.3259 10
      vertex 97.4624 16.092 0
      vertex 97.7777 16.3259 0
    endloop
  endfacet
  facet normal -0.740401 0.672166 0
    outer loop
      vertex 102.828 10.1716 0
      vertex 103.092 10.4624 10
      vertex 103.092 10.4624 0
    endloop
  endfacet
  facet normal -0.740401 0.672166 0
    outer loop
      vertex 103.092 10.4624 10
      vertex 102.828 10.1716 0
      vertex 102.828 10.1716 10
    endloop
  endfacet
  facet normal 0.989176 -0.146733 0
    outer loop
      vertex 96.0193 13.3921 10
      vertex 96.0769 13.7804 0
      vertex 96.0769 13.7804 10
    endloop
  endfacet
  facet normal 0.989176 -0.146733 0
    outer loop
      vertex 96.0769 13.7804 0
      vertex 96.0193 13.3921 10
      vertex 96.0193 13.3921 0
    endloop
  endfacet
  facet normal 0.336879 0.941548 -0
    outer loop
      vertex 98.8389 9.17224 0
      vertex 98.4693 9.30448 10
      vertex 98.8389 9.17224 10
    endloop
  endfacet
  facet normal 0.336879 0.941548 0
    outer loop
      vertex 98.4693 9.30448 10
      vertex 98.8389 9.17224 0
      vertex 98.4693 9.30448 0
    endloop
  endfacet
  facet normal 0.427503 0.904014 -0
    outer loop
      vertex 98.4693 9.30448 0
      vertex 98.1144 9.47231 10
      vertex 98.4693 9.30448 10
    endloop
  endfacet
  facet normal 0.427503 0.904014 0
    outer loop
      vertex 98.1144 9.47231 10
      vertex 98.4693 9.30448 0
      vertex 98.1144 9.47231 0
    endloop
  endfacet
  facet normal -1 0 0
    outer loop
      vertex 89 16 16
      vertex 89 19 38
      vertex 89 19 16
    endloop
  endfacet
  facet normal -1 -0 0
    outer loop
      vertex 89 19 38
      vertex 89 16 16
      vertex 89 16 38
    endloop
  endfacet
  facet normal -1 0 0
    outer loop
      vertex 89 7 16
      vertex 89 10 38
      vertex 89 10 16
    endloop
  endfacet
  facet normal -1 -0 0
    outer loop
      vertex 89 10 38
      vertex 89 7 16
      vertex 89 7 38
    endloop
  endfacet
  facet normal 0 0 1
    outer loop
      vertex 89 19 16
      vertex 40 16 16
      vertex 89 16 16
    endloop
  endfacet
  facet normal 0 0 1
    outer loop
      vertex 40 16 16
      vertex 34 19 16
      vertex 40 10 16
    endloop
  endfacet
  facet normal -0 0 1
    outer loop
      vertex 34 19 16
      vertex 40 16 16
      vertex 89 19 16
    endloop
  endfacet
  facet normal -0 0 1
    outer loop
      vertex 40 10 16
      vertex 89 7 16
      vertex 89 10 16
    endloop
  endfacet
  facet normal 0 0 1
    outer loop
      vertex 40 10 16
      vertex 34 7 16
      vertex 89 7 16
    endloop
  endfacet
  facet normal 0 0 1
    outer loop
      vertex 34 7 16
      vertex 40 10 16
      vertex 34 19 16
    endloop
  endfacet
  facet normal 1 0 0
    outer loop
      vertex 34 10 38
      vertex 34 7 38
      vertex 34 10 17
    endloop
  endfacet
  facet normal 1 0 0
    outer loop
      vertex 34 16 17
      vertex 34 19 38
      vertex 34 16 38
    endloop
  endfacet
  facet normal 1 0 0
    outer loop
      vertex 34 19 38
      vertex 34 16 17
      vertex 34 19 16
    endloop
  endfacet
  facet normal 1 -0 0
    outer loop
      vertex 34 10 17
      vertex 34 19 16
      vertex 34 16 17
    endloop
  endfacet
  facet normal 1 0 0
    outer loop
      vertex 34 10 17
      vertex 34 7 16
      vertex 34 19 16
    endloop
  endfacet
  facet normal 1 0 0
    outer loop
      vertex 34 7 16
      vertex 34 10 17
      vertex 34 7 38
    endloop
  endfacet
  facet normal 0 -1 0
    outer loop
      vertex 34 19 16
      vertex 89 19 38
      vertex 34 19 38
    endloop
  endfacet
  facet normal 0 -1 -0
    outer loop
      vertex 89 19 38
      vertex 34 19 16
      vertex 89 19 16
    endloop
  endfacet
  facet normal 0 1 -0
    outer loop
      vertex 89 7 16
      vertex 34 7 38
      vertex 89 7 38
    endloop
  endfacet
  facet normal 0 1 0
    outer loop
      vertex 34 7 38
      vertex 89 7 16
      vertex 34 7 16
    endloop
  endfacet
  facet normal -0.989182 0 -0.146696
    outer loop
      vertex 29.9904 -2 20.196
      vertex 29.9616 -1 20.3902
      vertex 29.9904 -1 20.196
    endloop
  endfacet
  facet normal -0.989182 -0 -0.146696
    outer loop
      vertex 29.9616 -1 20.3902
      vertex 29.9904 -2 20.196
      vertex 29.9616 -2 20.3902
    endloop
  endfacet
  facet normal -0.998803 0 -0.0489209
    outer loop
      vertex 30 -2 20
      vertex 29.9904 -1 20.196
      vertex 30 -1 20
    endloop
  endfacet
  facet normal -0.998803 -0 -0.0489209
    outer loop
      vertex 29.9904 -1 20.196
      vertex 30 -2 20
      vertex 29.9904 -2 20.196
    endloop
  endfacet
  facet normal 0.989182 -0 0.146696
    outer loop
      vertex 26.0096 -2 19.804
      vertex 26.0384 -1 19.6098
      vertex 26.0096 -1 19.804
    endloop
  endfacet
  facet normal 0.989182 0 0.146696
    outer loop
      vertex 26.0384 -1 19.6098
      vertex 26.0096 -2 19.804
      vertex 26.0384 -2 19.6098
    endloop
  endfacet
  facet normal -0.970023 0 -0.243015
    outer loop
      vertex 29.9616 -2 20.3902
      vertex 29.9139 -1 20.5806
      vertex 29.9616 -1 20.3902
    endloop
  endfacet
  facet normal -0.970023 -0 -0.243015
    outer loop
      vertex 29.9139 -1 20.5806
      vertex 29.9616 -2 20.3902
      vertex 29.9139 -2 20.5806
    endloop
  endfacet
  facet normal -0.514196 0 0.857673
    outer loop
      vertex 28.9428 -1 18.2362
      vertex 29.1111 -2 18.3371
      vertex 29.1111 -1 18.3371
    endloop
  endfacet
  facet normal -0.514196 0 0.857673
    outer loop
      vertex 29.1111 -2 18.3371
      vertex 28.9428 -1 18.2362
      vertex 28.9428 -2 18.2362
    endloop
  endfacet
  facet normal 0.671607 0 0.740908
    outer loop
      vertex 26.5858 -1 18.5858
      vertex 26.7312 -2 18.454
      vertex 26.7312 -1 18.454
    endloop
  endfacet
  facet normal 0.671607 0 0.740908
    outer loop
      vertex 26.7312 -2 18.454
      vertex 26.5858 -1 18.5858
      vertex 26.5858 -2 18.5858
    endloop
  endfacet
  facet normal -0.336788 0 0.94158
    outer loop
      vertex 28.5806 -1 18.0861
      vertex 28.7654 -2 18.1522
      vertex 28.7654 -1 18.1522
    endloop
  endfacet
  facet normal -0.336788 0 0.94158
    outer loop
      vertex 28.7654 -2 18.1522
      vertex 28.5806 -1 18.0861
      vertex 28.5806 -2 18.0861
    endloop
  endfacet
  facet normal 0.595508 0 -0.80335
    outer loop
      vertex 26.7312 -2 21.546
      vertex 26.8889 -1 21.6629
      vertex 26.8889 -2 21.6629
    endloop
  endfacet
  facet normal 0.595508 0 -0.80335
    outer loop
      vertex 26.8889 -1 21.6629
      vertex 26.7312 -2 21.546
      vertex 26.7312 -1 21.546
    endloop
  endfacet
  facet normal -0.94158 0 -0.336788
    outer loop
      vertex 29.9139 -2 20.5806
      vertex 29.8478 -1 20.7654
      vertex 29.9139 -1 20.5806
    endloop
  endfacet
  facet normal -0.94158 -0 -0.336788
    outer loop
      vertex 29.8478 -1 20.7654
      vertex 29.9139 -2 20.5806
      vertex 29.8478 -2 20.7654
    endloop
  endfacet
  facet normal -0.336788 0 -0.94158
    outer loop
      vertex 28.5806 -2 21.9139
      vertex 28.7654 -1 21.8478
      vertex 28.7654 -2 21.8478
    endloop
  endfacet
  facet normal -0.336788 0 -0.94158
    outer loop
      vertex 28.7654 -1 21.8478
      vertex 28.5806 -2 21.9139
      vertex 28.5806 -1 21.9139
    endloop
  endfacet
  facet normal 0.0489209 0 0.998803
    outer loop
      vertex 27.804 -1 18.0096
      vertex 28 -2 18
      vertex 28 -1 18
    endloop
  endfacet
  facet normal 0.0489209 0 0.998803
    outer loop
      vertex 28 -2 18
      vertex 27.804 -1 18.0096
      vertex 27.804 -2 18.0096
    endloop
  endfacet
  facet normal -0.94158 0 0.336788
    outer loop
      vertex 29.8478 -2 19.2346
      vertex 29.9139 -1 19.4194
      vertex 29.8478 -1 19.2346
    endloop
  endfacet
  facet normal -0.94158 0 0.336788
    outer loop
      vertex 29.9139 -1 19.4194
      vertex 29.8478 -2 19.2346
      vertex 29.9139 -2 19.4194
    endloop
  endfacet
  facet normal -0.671607 0 -0.740908
    outer loop
      vertex 29.2688 -2 21.546
      vertex 29.4142 -1 21.4142
      vertex 29.4142 -2 21.4142
    endloop
  endfacet
  facet normal -0.671607 0 -0.740908
    outer loop
      vertex 29.4142 -1 21.4142
      vertex 29.2688 -2 21.546
      vertex 29.2688 -1 21.546
    endloop
  endfacet
  facet normal 0.427955 0 -0.9038
    outer loop
      vertex 27.0572 -2 21.7638
      vertex 27.2346 -1 21.8478
      vertex 27.2346 -2 21.8478
    endloop
  endfacet
  facet normal 0.427955 0 -0.9038
    outer loop
      vertex 27.2346 -1 21.8478
      vertex 27.0572 -2 21.7638
      vertex 27.0572 -1 21.7638
    endloop
  endfacet
  facet normal 0.671607 0 -0.740908
    outer loop
      vertex 26.5858 -2 21.4142
      vertex 26.7312 -1 21.546
      vertex 26.7312 -2 21.546
    endloop
  endfacet
  facet normal 0.671607 0 -0.740908
    outer loop
      vertex 26.7312 -1 21.546
      vertex 26.5858 -2 21.4142
      vertex 26.5858 -1 21.4142
    endloop
  endfacet
  facet normal -0.146696 0 -0.989182
    outer loop
      vertex 28.196 -2 21.9904
      vertex 28.3902 -1 21.9616
      vertex 28.3902 -2 21.9616
    endloop
  endfacet
  facet normal -0.146696 0 -0.989182
    outer loop
      vertex 28.3902 -1 21.9616
      vertex 28.196 -2 21.9904
      vertex 28.196 -1 21.9904
    endloop
  endfacet
  facet normal 0.970023 0 -0.243015
    outer loop
      vertex 26.0861 -2 20.5806
      vertex 26.0384 -1 20.3902
      vertex 26.0861 -1 20.5806
    endloop
  endfacet
  facet normal 0.970023 0 -0.243015
    outer loop
      vertex 26.0384 -1 20.3902
      vertex 26.0861 -2 20.5806
      vertex 26.0384 -2 20.3902
    endloop
  endfacet
  facet normal 0.9038 -0 0.427955
    outer loop
      vertex 26.1522 -2 19.2346
      vertex 26.2362 -1 19.0572
      vertex 26.1522 -1 19.2346
    endloop
  endfacet
  facet normal 0.9038 0 0.427955
    outer loop
      vertex 26.2362 -1 19.0572
      vertex 26.1522 -2 19.2346
      vertex 26.2362 -2 19.0572
    endloop
  endfacet
  facet normal -0.80335 0 0.595508
    outer loop
      vertex 29.546 -2 18.7312
      vertex 29.6629 -1 18.8889
      vertex 29.546 -1 18.7312
    endloop
  endfacet
  facet normal -0.80335 0 0.595508
    outer loop
      vertex 29.6629 -1 18.8889
      vertex 29.546 -2 18.7312
      vertex 29.6629 -2 18.8889
    endloop
  endfacet
  facet normal -0.243015 0 -0.970023
    outer loop
      vertex 28.3902 -2 21.9616
      vertex 28.5806 -1 21.9139
      vertex 28.5806 -2 21.9139
    endloop
  endfacet
  facet normal -0.243015 0 -0.970023
    outer loop
      vertex 28.5806 -1 21.9139
      vertex 28.3902 -2 21.9616
      vertex 28.3902 -1 21.9616
    endloop
  endfacet
  facet normal 0.595508 0 0.80335
    outer loop
      vertex 26.7312 -1 18.454
      vertex 26.8889 -2 18.3371
      vertex 26.8889 -1 18.3371
    endloop
  endfacet
  facet normal 0.595508 0 0.80335
    outer loop
      vertex 26.8889 -2 18.3371
      vertex 26.7312 -1 18.454
      vertex 26.7312 -2 18.454
    endloop
  endfacet
  facet normal -0.243015 0 0.970023
    outer loop
      vertex 28.3902 -1 18.0384
      vertex 28.5806 -2 18.0861
      vertex 28.5806 -1 18.0861
    endloop
  endfacet
  facet normal -0.243015 0 0.970023
    outer loop
      vertex 28.5806 -2 18.0861
      vertex 28.3902 -1 18.0384
      vertex 28.3902 -2 18.0384
    endloop
  endfacet
  facet normal -0.989182 0 0.146696
    outer loop
      vertex 29.9616 -2 19.6098
      vertex 29.9904 -1 19.804
      vertex 29.9616 -1 19.6098
    endloop
  endfacet
  facet normal -0.989182 0 0.146696
    outer loop
      vertex 29.9904 -1 19.804
      vertex 29.9616 -2 19.6098
      vertex 29.9904 -2 19.804
    endloop
  endfacet
  facet normal -0.857673 0 0.514196
    outer loop
      vertex 29.6629 -2 18.8889
      vertex 29.7638 -1 19.0572
      vertex 29.6629 -1 18.8889
    endloop
  endfacet
  facet normal -0.857673 0 0.514196
    outer loop
      vertex 29.7638 -1 19.0572
      vertex 29.6629 -2 18.8889
      vertex 29.7638 -2 19.0572
    endloop
  endfacet
  facet normal -0.0489209 0 -0.998803
    outer loop
      vertex 28 -2 22
      vertex 28.196 -1 21.9904
      vertex 28.196 -2 21.9904
    endloop
  endfacet
  facet normal -0.0489209 0 -0.998803
    outer loop
      vertex 28.196 -1 21.9904
      vertex 28 -2 22
      vertex 28 -1 22
    endloop
  endfacet
  facet normal -0.427955 0 -0.9038
    outer loop
      vertex 28.7654 -2 21.8478
      vertex 28.9428 -1 21.7638
      vertex 28.9428 -2 21.7638
    endloop
  endfacet
  facet normal -0.427955 0 -0.9038
    outer loop
      vertex 28.9428 -1 21.7638
      vertex 28.7654 -2 21.8478
      vertex 28.7654 -1 21.8478
    endloop
  endfacet
  facet normal 0.857673 -0 0.514196
    outer loop
      vertex 26.2362 -2 19.0572
      vertex 26.3371 -1 18.8889
      vertex 26.2362 -1 19.0572
    endloop
  endfacet
  facet normal 0.857673 0 0.514196
    outer loop
      vertex 26.3371 -1 18.8889
      vertex 26.2362 -2 19.0572
      vertex 26.3371 -2 18.8889
    endloop
  endfacet
  facet normal -0.671607 0 0.740908
    outer loop
      vertex 29.2688 -1 18.454
      vertex 29.4142 -2 18.5858
      vertex 29.4142 -1 18.5858
    endloop
  endfacet
  facet normal -0.671607 0 0.740908
    outer loop
      vertex 29.4142 -2 18.5858
      vertex 29.2688 -1 18.454
      vertex 29.2688 -2 18.454
    endloop
  endfacet
  facet normal 0.94158 -0 0.336788
    outer loop
      vertex 26.0861 -2 19.4194
      vertex 26.1522 -1 19.2346
      vertex 26.0861 -1 19.4194
    endloop
  endfacet
  facet normal 0.94158 0 0.336788
    outer loop
      vertex 26.1522 -1 19.2346
      vertex 26.0861 -2 19.4194
      vertex 26.1522 -2 19.2346
    endloop
  endfacet
  facet normal 0 -1 0
    outer loop
      vertex 27.804 -1 21.9904
      vertex 28.196 -1 21.9904
      vertex 28 -1 22
    endloop
  endfacet
  facet normal 0 -1 0
    outer loop
      vertex 27.6098 -1 21.9616
      vertex 28.196 -1 21.9904
      vertex 27.804 -1 21.9904
    endloop
  endfacet
  facet normal 0 -1 0
    outer loop
      vertex 27.6098 -1 21.9616
      vertex 28.3902 -1 21.9616
      vertex 28.196 -1 21.9904
    endloop
  endfacet
  facet normal 0 -1 0
    outer loop
      vertex 27.4194 -1 21.9139
      vertex 28.3902 -1 21.9616
      vertex 27.6098 -1 21.9616
    endloop
  endfacet
  facet normal 0 -1 0
    outer loop
      vertex 27.4194 -1 21.9139
      vertex 28.5806 -1 21.9139
      vertex 28.3902 -1 21.9616
    endloop
  endfacet
  facet normal 0 -1 0
    outer loop
      vertex 27.2346 -1 21.8478
      vertex 28.5806 -1 21.9139
      vertex 27.4194 -1 21.9139
    endloop
  endfacet
  facet normal 0 -1 0
    outer loop
      vertex 27.2346 -1 21.8478
      vertex 28.7654 -1 21.8478
      vertex 28.5806 -1 21.9139
    endloop
  endfacet
  facet normal 0 -1 0
    outer loop
      vertex 27.0572 -1 21.7638
      vertex 28.7654 -1 21.8478
      vertex 27.2346 -1 21.8478
    endloop
  endfacet
  facet normal 0 -1 0
    outer loop
      vertex 27.0572 -1 21.7638
      vertex 28.9428 -1 21.7638
      vertex 28.7654 -1 21.8478
    endloop
  endfacet
  facet normal 0 -1 0
    outer loop
      vertex 26.8889 -1 21.6629
      vertex 28.9428 -1 21.7638
      vertex 27.0572 -1 21.7638
    endloop
  endfacet
  facet normal 0 -1 0
    outer loop
      vertex 26.8889 -1 21.6629
      vertex 29.1111 -1 21.6629
      vertex 28.9428 -1 21.7638
    endloop
  endfacet
  facet normal 0 -1 0
    outer loop
      vertex 26.7312 -1 21.546
      vertex 29.1111 -1 21.6629
      vertex 26.8889 -1 21.6629
    endloop
  endfacet
  facet normal 0 -1 0
    outer loop
      vertex 26.7312 -1 21.546
      vertex 29.2688 -1 21.546
      vertex 29.1111 -1 21.6629
    endloop
  endfacet
  facet normal 0 -1 0
    outer loop
      vertex 26.5858 -1 21.4142
      vertex 29.2688 -1 21.546
      vertex 26.7312 -1 21.546
    endloop
  endfacet
  facet normal 0 -1 0
    outer loop
      vertex 26.5858 -1 21.4142
      vertex 29.4142 -1 21.4142
      vertex 29.2688 -1 21.546
    endloop
  endfacet
  facet normal 0 -1 0
    outer loop
      vertex 26.454 -1 21.2688
      vertex 29.4142 -1 21.4142
      vertex 26.5858 -1 21.4142
    endloop
  endfacet
  facet normal 0 -1 0
    outer loop
      vertex 26.454 -1 21.2688
      vertex 29.546 -1 21.2688
      vertex 29.4142 -1 21.4142
    endloop
  endfacet
  facet normal 0 -1 0
    outer loop
      vertex 26.3371 -1 21.1111
      vertex 29.546 -1 21.2688
      vertex 26.454 -1 21.2688
    endloop
  endfacet
  facet normal 0 -1 0
    outer loop
      vertex 26.3371 -1 21.1111
      vertex 29.6629 -1 21.1111
      vertex 29.546 -1 21.2688
    endloop
  endfacet
  facet normal 0 -1 0
    outer loop
      vertex 26.2362 -1 20.9428
      vertex 29.6629 -1 21.1111
      vertex 26.3371 -1 21.1111
    endloop
  endfacet
  facet normal 0 -1 0
    outer loop
      vertex 26.2362 -1 20.9428
      vertex 29.7638 -1 20.9428
      vertex 29.6629 -1 21.1111
    endloop
  endfacet
  facet normal 0 -1 0
    outer loop
      vertex 26.1522 -1 20.7654
      vertex 29.7638 -1 20.9428
      vertex 26.2362 -1 20.9428
    endloop
  endfacet
  facet normal 0 -1 0
    outer loop
      vertex 26.1522 -1 20.7654
      vertex 29.8478 -1 20.7654
      vertex 29.7638 -1 20.9428
    endloop
  endfacet
  facet normal 0 -1 0
    outer loop
      vertex 26.0861 -1 20.5806
      vertex 29.8478 -1 20.7654
      vertex 26.1522 -1 20.7654
    endloop
  endfacet
  facet normal 0 -1 0
    outer loop
      vertex 26.0861 -1 20.5806
      vertex 29.9139 -1 20.5806
      vertex 29.8478 -1 20.7654
    endloop
  endfacet
  facet normal 0 -1 0
    outer loop
      vertex 26.0384 -1 20.3902
      vertex 29.9139 -1 20.5806
      vertex 26.0861 -1 20.5806
    endloop
  endfacet
  facet normal 0 -1 0
    outer loop
      vertex 26.0384 -1 20.3902
      vertex 29.9616 -1 20.3902
      vertex 29.9139 -1 20.5806
    endloop
  endfacet
  facet normal 0 -1 0
    outer loop
      vertex 26.0096 -1 20.196
      vertex 29.9616 -1 20.3902
      vertex 26.0384 -1 20.3902
    endloop
  endfacet
  facet normal 0 -1 0
    outer loop
      vertex 26.0096 -1 20.196
      vertex 29.9904 -1 20.196
      vertex 29.9616 -1 20.3902
    endloop
  endfacet
  facet normal 0 -1 0
    outer loop
      vertex 26 -1 20
      vertex 29.9904 -1 20.196
      vertex 26.0096 -1 20.196
    endloop
  endfacet
  facet normal 0 -1 0
    outer loop
      vertex 26 -1 20
      vertex 30 -1 20
      vertex 29.9904 -1 20.196
    endloop
  endfacet
  facet normal 0 -1 0
    outer loop
      vertex 26.0096 -1 19.804
      vertex 30 -1 20
      vertex 26 -1 20
    endloop
  endfacet
  facet normal 0 -1 0
    outer loop
      vertex 26.0096 -1 19.804
      vertex 29.9904 -1 19.804
      vertex 30 -1 20
    endloop
  endfacet
  facet normal 0 -1 0
    outer loop
      vertex 26.0384 -1 19.6098
      vertex 29.9904 -1 19.804
      vertex 26.0096 -1 19.804
    endloop
  endfacet
  facet normal 0 -1 0
    outer loop
      vertex 26.0384 -1 19.6098
      vertex 29.9616 -1 19.6098
      vertex 29.9904 -1 19.804
    endloop
  endfacet
  facet normal 0 -1 0
    outer loop
      vertex 26.0861 -1 19.4194
      vertex 29.9616 -1 19.6098
      vertex 26.0384 -1 19.6098
    endloop
  endfacet
  facet normal 0 -1 0
    outer loop
      vertex 26.0861 -1 19.4194
      vertex 29.9139 -1 19.4194
      vertex 29.9616 -1 19.6098
    endloop
  endfacet
  facet normal 0 -1 0
    outer loop
      vertex 26.1522 -1 19.2346
      vertex 29.9139 -1 19.4194
      vertex 26.0861 -1 19.4194
    endloop
  endfacet
  facet normal 0 -1 0
    outer loop
      vertex 26.1522 -1 19.2346
      vertex 29.8478 -1 19.2346
      vertex 29.9139 -1 19.4194
    endloop
  endfacet
  facet normal 0 -1 0
    outer loop
      vertex 26.2362 -1 19.0572
      vertex 29.8478 -1 19.2346
      vertex 26.1522 -1 19.2346
    endloop
  endfacet
  facet normal 0 -1 0
    outer loop
      vertex 26.2362 -1 19.0572
      vertex 29.7638 -1 19.0572
      vertex 29.8478 -1 19.2346
    endloop
  endfacet
  facet normal 0 -1 0
    outer loop
      vertex 26.3371 -1 18.8889
      vertex 29.7638 -1 19.0572
      vertex 26.2362 -1 19.0572
    endloop
  endfacet
  facet normal 0 -1 0
    outer loop
      vertex 26.3371 -1 18.8889
      vertex 29.6629 -1 18.8889
      vertex 29.7638 -1 19.0572
    endloop
  endfacet
  facet normal 0 -1 0
    outer loop
      vertex 26.454 -1 18.7312
      vertex 29.6629 -1 18.8889
      vertex 26.3371 -1 18.8889
    endloop
  endfacet
  facet normal 0 -1 0
    outer loop
      vertex 26.454 -1 18.7312
      vertex 29.546 -1 18.7312
      vertex 29.6629 -1 18.8889
    endloop
  endfacet
  facet normal 0 -1 0
    outer loop
      vertex 26.5858 -1 18.5858
      vertex 29.546 -1 18.7312
      vertex 26.454 -1 18.7312
    endloop
  endfacet
  facet normal 0 -1 0
    outer loop
      vertex 26.5858 -1 18.5858
      vertex 29.4142 -1 18.5858
      vertex 29.546 -1 18.7312
    endloop
  endfacet
  facet normal 0 -1 0
    outer loop
      vertex 26.7312 -1 18.454
      vertex 29.4142 -1 18.5858
      vertex 26.5858 -1 18.5858
    endloop
  endfacet
  facet normal 0 -1 0
    outer loop
      vertex 26.7312 -1 18.454
      vertex 29.2688 -1 18.454
      vertex 29.4142 -1 18.5858
    endloop
  endfacet
  facet normal 0 -1 0
    outer loop
      vertex 26.8889 -1 18.3371
      vertex 29.2688 -1 18.454
      vertex 26.7312 -1 18.454
    endloop
  endfacet
  facet normal 0 -1 0
    outer loop
      vertex 26.8889 -1 18.3371
      vertex 29.1111 -1 18.3371
      vertex 29.2688 -1 18.454
    endloop
  endfacet
  facet normal 0 -1 0
    outer loop
      vertex 27.0572 -1 18.2362
      vertex 29.1111 -1 18.3371
      vertex 26.8889 -1 18.3371
    endloop
  endfacet
  facet normal 0 -1 0
    outer loop
      vertex 27.0572 -1 18.2362
      vertex 28.9428 -1 18.2362
      vertex 29.1111 -1 18.3371
    endloop
  endfacet
  facet normal 0 -1 0
    outer loop
      vertex 27.2346 -1 18.1522
      vertex 28.9428 -1 18.2362
      vertex 27.0572 -1 18.2362
    endloop
  endfacet
  facet normal 0 -1 0
    outer loop
      vertex 27.2346 -1 18.1522
      vertex 28.7654 -1 18.1522
      vertex 28.9428 -1 18.2362
    endloop
  endfacet
  facet normal 0 -1 0
    outer loop
      vertex 27.4194 -1 18.0861
      vertex 28.7654 -1 18.1522
      vertex 27.2346 -1 18.1522
    endloop
  endfacet
  facet normal 0 -1 0
    outer loop
      vertex 27.4194 -1 18.0861
      vertex 28.5806 -1 18.0861
      vertex 28.7654 -1 18.1522
    endloop
  endfacet
  facet normal 0 -1 0
    outer loop
      vertex 27.6098 -1 18.0384
      vertex 28.5806 -1 18.0861
      vertex 27.4194 -1 18.0861
    endloop
  endfacet
  facet normal 0 -1 0
    outer loop
      vertex 27.6098 -1 18.0384
      vertex 28.3902 -1 18.0384
      vertex 28.5806 -1 18.0861
    endloop
  endfacet
  facet normal 0 -1 0
    outer loop
      vertex 27.804 -1 18.0096
      vertex 28.3902 -1 18.0384
      vertex 27.6098 -1 18.0384
    endloop
  endfacet
  facet normal 0 -1 0
    outer loop
      vertex 27.804 -1 18.0096
      vertex 28.196 -1 18.0096
      vertex 28.3902 -1 18.0384
    endloop
  endfacet
  facet normal -0 -1 0
    outer loop
      vertex 28.196 -1 18.0096
      vertex 27.804 -1 18.0096
      vertex 28 -1 18
    endloop
  endfacet
  facet normal 0.243015 0 -0.970023
    outer loop
      vertex 27.4194 -2 21.9139
      vertex 27.6098 -1 21.9616
      vertex 27.6098 -2 21.9616
    endloop
  endfacet
  facet normal 0.243015 0 -0.970023
    outer loop
      vertex 27.6098 -1 21.9616
      vertex 27.4194 -2 21.9139
      vertex 27.4194 -1 21.9139
    endloop
  endfacet
  facet normal -0.80335 0 -0.595508
    outer loop
      vertex 29.6629 -2 21.1111
      vertex 29.546 -1 21.2688
      vertex 29.6629 -1 21.1111
    endloop
  endfacet
  facet normal -0.80335 -0 -0.595508
    outer loop
      vertex 29.546 -1 21.2688
      vertex 29.6629 -2 21.1111
      vertex 29.546 -2 21.2688
    endloop
  endfacet
  facet normal 0.336788 0 -0.94158
    outer loop
      vertex 27.2346 -2 21.8478
      vertex 27.4194 -1 21.9139
      vertex 27.4194 -2 21.9139
    endloop
  endfacet
  facet normal 0.336788 0 -0.94158
    outer loop
      vertex 27.4194 -1 21.9139
      vertex 27.2346 -2 21.8478
      vertex 27.2346 -1 21.8478
    endloop
  endfacet
  facet normal 0.970023 -0 0.243015
    outer loop
      vertex 26.0384 -2 19.6098
      vertex 26.0861 -1 19.4194
      vertex 26.0384 -1 19.6098
    endloop
  endfacet
  facet normal 0.970023 0 0.243015
    outer loop
      vertex 26.0861 -1 19.4194
      vertex 26.0384 -2 19.6098
      vertex 26.0861 -2 19.4194
    endloop
  endfacet
  facet normal 0.146696 0 -0.989182
    outer loop
      vertex 27.6098 -2 21.9616
      vertex 27.804 -1 21.9904
      vertex 27.804 -2 21.9904
    endloop
  endfacet
  facet normal 0.146696 0 -0.989182
    outer loop
      vertex 27.804 -1 21.9904
      vertex 27.6098 -2 21.9616
      vertex 27.6098 -1 21.9616
    endloop
  endfacet
  facet normal -0.857673 0 -0.514196
    outer loop
      vertex 29.7638 -2 20.9428
      vertex 29.6629 -1 21.1111
      vertex 29.7638 -1 20.9428
    endloop
  endfacet
  facet normal -0.857673 -0 -0.514196
    outer loop
      vertex 29.6629 -1 21.1111
      vertex 29.7638 -2 20.9428
      vertex 29.6629 -2 21.1111
    endloop
  endfacet
  facet normal -0.514196 0 -0.857673
    outer loop
      vertex 28.9428 -2 21.7638
      vertex 29.1111 -1 21.6629
      vertex 29.1111 -2 21.6629
    endloop
  endfacet
  facet normal -0.514196 0 -0.857673
    outer loop
      vertex 29.1111 -1 21.6629
      vertex 28.9428 -2 21.7638
      vertex 28.9428 -1 21.7638
    endloop
  endfacet
  facet normal -0.595508 0 -0.80335
    outer loop
      vertex 29.1111 -2 21.6629
      vertex 29.2688 -1 21.546
      vertex 29.2688 -2 21.546
    endloop
  endfacet
  facet normal -0.595508 0 -0.80335
    outer loop
      vertex 29.2688 -1 21.546
      vertex 29.1111 -2 21.6629
      vertex 29.1111 -1 21.6629
    endloop
  endfacet
  facet normal -0.146696 0 0.989182
    outer loop
      vertex 28.196 -1 18.0096
      vertex 28.3902 -2 18.0384
      vertex 28.3902 -1 18.0384
    endloop
  endfacet
  facet normal -0.146696 0 0.989182
    outer loop
      vertex 28.3902 -2 18.0384
      vertex 28.196 -1 18.0096
      vertex 28.196 -2 18.0096
    endloop
  endfacet
  facet normal -0.970023 0 0.243015
    outer loop
      vertex 29.9139 -2 19.4194
      vertex 29.9616 -1 19.6098
      vertex 29.9139 -1 19.4194
    endloop
  endfacet
  facet normal -0.970023 0 0.243015
    outer loop
      vertex 29.9616 -1 19.6098
      vertex 29.9139 -2 19.4194
      vertex 29.9616 -2 19.6098
    endloop
  endfacet
  facet normal 0.998803 -0 0.0489209
    outer loop
      vertex 26 -2 20
      vertex 26.0096 -1 19.804
      vertex 26 -1 20
    endloop
  endfacet
  facet normal 0.998803 0 0.0489209
    outer loop
      vertex 26.0096 -1 19.804
      vertex 26 -2 20
      vertex 26.0096 -2 19.804
    endloop
  endfacet
  facet normal 0.998803 0 -0.0489209
    outer loop
      vertex 26.0096 -2 20.196
      vertex 26 -1 20
      vertex 26.0096 -1 20.196
    endloop
  endfacet
  facet normal 0.998803 0 -0.0489209
    outer loop
      vertex 26 -1 20
      vertex 26.0096 -2 20.196
      vertex 26 -2 20
    endloop
  endfacet
  facet normal 0.514196 0 -0.857673
    outer loop
      vertex 26.8889 -2 21.6629
      vertex 27.0572 -1 21.7638
      vertex 27.0572 -2 21.7638
    endloop
  endfacet
  facet normal 0.514196 0 -0.857673
    outer loop
      vertex 27.0572 -1 21.7638
      vertex 26.8889 -2 21.6629
      vertex 26.8889 -1 21.6629
    endloop
  endfacet
  facet normal 0.243015 0 0.970023
    outer loop
      vertex 27.4194 -1 18.0861
      vertex 27.6098 -2 18.0384
      vertex 27.6098 -1 18.0384
    endloop
  endfacet
  facet normal 0.243015 0 0.970023
    outer loop
      vertex 27.6098 -2 18.0384
      vertex 27.4194 -1 18.0861
      vertex 27.4194 -2 18.0861
    endloop
  endfacet
  facet normal -0.9038 0 -0.427955
    outer loop
      vertex 29.8478 -2 20.7654
      vertex 29.7638 -1 20.9428
      vertex 29.8478 -1 20.7654
    endloop
  endfacet
  facet normal -0.9038 -0 -0.427955
    outer loop
      vertex 29.7638 -1 20.9428
      vertex 29.8478 -2 20.7654
      vertex 29.7638 -2 20.9428
    endloop
  endfacet
  facet normal -0.998803 0 0.0489209
    outer loop
      vertex 29.9904 -2 19.804
      vertex 30 -1 20
      vertex 29.9904 -1 19.804
    endloop
  endfacet
  facet normal -0.998803 0 0.0489209
    outer loop
      vertex 30 -1 20
      vertex 29.9904 -2 19.804
      vertex 30 -2 20
    endloop
  endfacet
  facet normal 0.740908 0 -0.671607
    outer loop
      vertex 26.5858 -2 21.4142
      vertex 26.454 -1 21.2688
      vertex 26.5858 -1 21.4142
    endloop
  endfacet
  facet normal 0.740908 0 -0.671607
    outer loop
      vertex 26.454 -1 21.2688
      vertex 26.5858 -2 21.4142
      vertex 26.454 -2 21.2688
    endloop
  endfacet
  facet normal 0.80335 -0 0.595508
    outer loop
      vertex 26.3371 -2 18.8889
      vertex 26.454 -1 18.7312
      vertex 26.3371 -1 18.8889
    endloop
  endfacet
  facet normal 0.80335 0 0.595508
    outer loop
      vertex 26.454 -1 18.7312
      vertex 26.3371 -2 18.8889
      vertex 26.454 -2 18.7312
    endloop
  endfacet
  facet normal 0.514196 0 0.857673
    outer loop
      vertex 26.8889 -1 18.3371
      vertex 27.0572 -2 18.2362
      vertex 27.0572 -1 18.2362
    endloop
  endfacet
  facet normal 0.514196 0 0.857673
    outer loop
      vertex 27.0572 -2 18.2362
      vertex 26.8889 -1 18.3371
      vertex 26.8889 -2 18.3371
    endloop
  endfacet
  facet normal 0.9038 0 -0.427955
    outer loop
      vertex 26.2362 -2 20.9428
      vertex 26.1522 -1 20.7654
      vertex 26.2362 -1 20.9428
    endloop
  endfacet
  facet normal 0.9038 0 -0.427955
    outer loop
      vertex 26.1522 -1 20.7654
      vertex 26.2362 -2 20.9428
      vertex 26.1522 -2 20.7654
    endloop
  endfacet
  facet normal 0.94158 0 -0.336788
    outer loop
      vertex 26.1522 -2 20.7654
      vertex 26.0861 -1 20.5806
      vertex 26.1522 -1 20.7654
    endloop
  endfacet
  facet normal 0.94158 0 -0.336788
    outer loop
      vertex 26.0861 -1 20.5806
      vertex 26.1522 -2 20.7654
      vertex 26.0861 -2 20.5806
    endloop
  endfacet
  facet normal -0.427955 0 0.9038
    outer loop
      vertex 28.7654 -1 18.1522
      vertex 28.9428 -2 18.2362
      vertex 28.9428 -1 18.2362
    endloop
  endfacet
  facet normal -0.427955 0 0.9038
    outer loop
      vertex 28.9428 -2 18.2362
      vertex 28.7654 -1 18.1522
      vertex 28.7654 -2 18.1522
    endloop
  endfacet
  facet normal 0.740908 -0 0.671607
    outer loop
      vertex 26.454 -2 18.7312
      vertex 26.5858 -1 18.5858
      vertex 26.454 -1 18.7312
    endloop
  endfacet
  facet normal 0.740908 0 0.671607
    outer loop
      vertex 26.5858 -1 18.5858
      vertex 26.454 -2 18.7312
      vertex 26.5858 -2 18.5858
    endloop
  endfacet
  facet normal 0.0489209 0 -0.998803
    outer loop
      vertex 27.804 -2 21.9904
      vertex 28 -1 22
      vertex 28 -2 22
    endloop
  endfacet
  facet normal 0.0489209 0 -0.998803
    outer loop
      vertex 28 -1 22
      vertex 27.804 -2 21.9904
      vertex 27.804 -1 21.9904
    endloop
  endfacet
  facet normal -0.0489209 0 0.998803
    outer loop
      vertex 28 -1 18
      vertex 28.196 -2 18.0096
      vertex 28.196 -1 18.0096
    endloop
  endfacet
  facet normal -0.0489209 0 0.998803
    outer loop
      vertex 28.196 -2 18.0096
      vertex 28 -1 18
      vertex 28 -2 18
    endloop
  endfacet
  facet normal -0.740908 0 -0.671607
    outer loop
      vertex 29.546 -2 21.2688
      vertex 29.4142 -1 21.4142
      vertex 29.546 -1 21.2688
    endloop
  endfacet
  facet normal -0.740908 -0 -0.671607
    outer loop
      vertex 29.4142 -1 21.4142
      vertex 29.546 -2 21.2688
      vertex 29.4142 -2 21.4142
    endloop
  endfacet
  facet normal -0.595508 0 0.80335
    outer loop
      vertex 29.1111 -1 18.3371
      vertex 29.2688 -2 18.454
      vertex 29.2688 -1 18.454
    endloop
  endfacet
  facet normal -0.595508 0 0.80335
    outer loop
      vertex 29.2688 -2 18.454
      vertex 29.1111 -1 18.3371
      vertex 29.1111 -2 18.3371
    endloop
  endfacet
  facet normal -0.9038 0 0.427955
    outer loop
      vertex 29.7638 -2 19.0572
      vertex 29.8478 -1 19.2346
      vertex 29.7638 -1 19.0572
    endloop
  endfacet
  facet normal -0.9038 0 0.427955
    outer loop
      vertex 29.8478 -1 19.2346
      vertex 29.7638 -2 19.0572
      vertex 29.8478 -2 19.2346
    endloop
  endfacet
  facet normal 0.80335 0 -0.595508
    outer loop
      vertex 26.454 -2 21.2688
      vertex 26.3371 -1 21.1111
      vertex 26.454 -1 21.2688
    endloop
  endfacet
  facet normal 0.80335 0 -0.595508
    outer loop
      vertex 26.3371 -1 21.1111
      vertex 26.454 -2 21.2688
      vertex 26.3371 -2 21.1111
    endloop
  endfacet
  facet normal -0.740908 0 0.671607
    outer loop
      vertex 29.4142 -2 18.5858
      vertex 29.546 -1 18.7312
      vertex 29.4142 -1 18.5858
    endloop
  endfacet
  facet normal -0.740908 0 0.671607
    outer loop
      vertex 29.546 -1 18.7312
      vertex 29.4142 -2 18.5858
      vertex 29.546 -2 18.7312
    endloop
  endfacet
  facet normal 0.989182 0 -0.146696
    outer loop
      vertex 26.0384 -2 20.3902
      vertex 26.0096 -1 20.196
      vertex 26.0384 -1 20.3902
    endloop
  endfacet
  facet normal 0.989182 0 -0.146696
    outer loop
      vertex 26.0096 -1 20.196
      vertex 26.0384 -2 20.3902
      vertex 26.0096 -2 20.196
    endloop
  endfacet
  facet normal 0.857673 0 -0.514196
    outer loop
      vertex 26.3371 -2 21.1111
      vertex 26.2362 -1 20.9428
      vertex 26.3371 -1 21.1111
    endloop
  endfacet
  facet normal 0.857673 0 -0.514196
    outer loop
      vertex 26.2362 -1 20.9428
      vertex 26.3371 -2 21.1111
      vertex 26.2362 -2 20.9428
    endloop
  endfacet
  facet normal 0.146696 0 0.989182
    outer loop
      vertex 27.6098 -1 18.0384
      vertex 27.804 -2 18.0096
      vertex 27.804 -1 18.0096
    endloop
  endfacet
  facet normal 0.146696 0 0.989182
    outer loop
      vertex 27.804 -2 18.0096
      vertex 27.6098 -1 18.0384
      vertex 27.6098 -2 18.0384
    endloop
  endfacet
  facet normal 0.427955 0 0.9038
    outer loop
      vertex 27.0572 -1 18.2362
      vertex 27.2346 -2 18.1522
      vertex 27.2346 -1 18.1522
    endloop
  endfacet
  facet normal 0.427955 0 0.9038
    outer loop
      vertex 27.2346 -2 18.1522
      vertex 27.0572 -1 18.2362
      vertex 27.0572 -2 18.2362
    endloop
  endfacet
  facet normal 0.336788 0 0.94158
    outer loop
      vertex 27.2346 -1 18.1522
      vertex 27.4194 -2 18.0861
      vertex 27.4194 -1 18.0861
    endloop
  endfacet
  facet normal 0.336788 0 0.94158
    outer loop
      vertex 27.4194 -2 18.0861
      vertex 27.2346 -1 18.1522
      vertex 27.2346 -2 18.1522
    endloop
  endfacet
endsolid OpenSCAD_Model
