solid OpenSCAD_Model
  facet normal -0.989176 -0.146733 0
    outer loop
      vertex 0.0960732 4.02455 0
      vertex 0.0240755 4.50991 10
      vertex 0.0240755 4.50991 0
    endloop
  endfacet
  facet normal -0.989176 -0.146733 0
    outer loop
      vertex 0.0240755 4.50991 10
      vertex 0.0960732 4.02455 0
      vertex 0.0960732 4.02455 10
    endloop
  endfacet
  facet normal 0.998803 0.048911 0
    outer loop
      vertex 112.3 21 10
      vertex 112.276 21.4901 0
      vertex 112.276 21.4901 10
    endloop
  endfacet
  facet normal 0.998803 0.048911 0
    outer loop
      vertex 112.276 21.4901 0
      vertex 112.3 21 10
      vertex 112.3 21 0
    endloop
  endfacet
  facet normal -0.998796 -0.0490655 0
    outer loop
      vertex 0.0240755 4.50991 0
      vertex 0 5 10
      vertex 0 5 0
    endloop
  endfacet
  facet normal -0.998796 -0.0490655 0
    outer loop
      vertex 0 5 10
      vertex 0.0240755 4.50991 0
      vertex 0.0240755 4.50991 10
    endloop
  endfacet
  facet normal -0.989178 0.146721 0
    outer loop
      vertex 0.0240755 21.4901 0
      vertex 0.0960732 21.9755 10
      vertex 0.0960732 21.9755 0
    endloop
  endfacet
  facet normal -0.989178 0.146721 0
    outer loop
      vertex 0.0960732 21.9755 10
      vertex 0.0240755 21.4901 0
      vertex 0.0240755 21.4901 10
    endloop
  endfacet
  facet normal 0.989175 -0.146738 0
    outer loop
      vertex 112.204 4.02455 10
      vertex 112.276 4.50991 0
      vertex 112.276 4.50991 10
    endloop
  endfacet
  facet normal 0.989175 -0.146738 0
    outer loop
      vertex 112.276 4.50991 0
      vertex 112.204 4.02455 10
      vertex 112.204 4.02455 0
    endloop
  endfacet
  facet normal 0.998803 -0.048912 0
    outer loop
      vertex 112.276 4.50991 10
      vertex 112.3 5 0
      vertex 112.3 5 10
    endloop
  endfacet
  facet normal 0.998803 -0.048912 0
    outer loop
      vertex 112.3 5 0
      vertex 112.276 4.50991 10
      vertex 112.276 4.50991 0
    endloop
  endfacet
  facet normal -0.242934 0.970043 0
    outer loop
      vertex 4.02455 25.9039 0
      vertex 3.54858 25.7847 10
      vertex 4.02455 25.9039 10
    endloop
  endfacet
  facet normal -0.242934 0.970043 0
    outer loop
      vertex 3.54858 25.7847 10
      vertex 4.02455 25.9039 0
      vertex 3.54858 25.7847 0
    endloop
  endfacet
  facet normal -0.998796 0.0490645 0
    outer loop
      vertex 0 21 0
      vertex 0.0240755 21.4901 10
      vertex 0.0240755 21.4901 0
    endloop
  endfacet
  facet normal -0.998796 0.0490645 0
    outer loop
      vertex 0.0240755 21.4901 10
      vertex 0 21 0
      vertex 0 21 10
    endloop
  endfacet
  facet normal -0.671568 -0.740943 0
    outer loop
      vertex 1.46447 1.46447 0
      vertex 1.82803 1.13495 10
      vertex 1.46447 1.46447 10
    endloop
  endfacet
  facet normal -0.671568 -0.740943 -0
    outer loop
      vertex 1.82803 1.13495 10
      vertex 1.46447 1.46447 0
      vertex 1.82803 1.13495 0
    endloop
  endfacet
  facet normal -0.595699 -0.803208 0
    outer loop
      vertex 1.82803 1.13495 0
      vertex 2.22215 0.842651 10
      vertex 1.82803 1.13495 10
    endloop
  endfacet
  facet normal -0.595699 -0.803208 -0
    outer loop
      vertex 2.22215 0.842651 10
      vertex 1.82803 1.13495 0
      vertex 2.22215 0.842651 0
    endloop
  endfacet
  facet normal 0.0490745 -0.998795 0
    outer loop
      vertex 107.3 0 0
      vertex 107.79 0.0240755 10
      vertex 107.3 0 10
    endloop
  endfacet
  facet normal 0.0490745 -0.998795 0
    outer loop
      vertex 107.79 0.0240755 10
      vertex 107.3 0 0
      vertex 107.79 0.0240755 0
    endloop
  endfacet
  facet normal 0 -1 0
    outer loop
      vertex 5 0 0
      vertex 107.3 0 10
      vertex 5 0 10
    endloop
  endfacet
  facet normal 0 -1 -0
    outer loop
      vertex 107.3 0 10
      vertex 5 0 0
      vertex 107.3 0 0
    endloop
  endfacet
  facet normal -0.0491153 0.998793 0
    outer loop
      vertex 5 26 0
      vertex 4.50991 25.9759 10
      vertex 5 26 10
    endloop
  endfacet
  facet normal -0.0491153 0.998793 0
    outer loop
      vertex 4.50991 25.9759 10
      vertex 5 26 0
      vertex 4.50991 25.9759 0
    endloop
  endfacet
  facet normal -0.336879 0.941548 0
    outer loop
      vertex 3.54858 25.7847 0
      vertex 3.08658 25.6194 10
      vertex 3.54858 25.7847 10
    endloop
  endfacet
  facet normal -0.336879 0.941548 0
    outer loop
      vertex 3.08658 25.6194 10
      vertex 3.54858 25.7847 0
      vertex 3.08658 25.6194 0
    endloop
  endfacet
  facet normal 0.970131 0.242584 0
    outer loop
      vertex 112.204 21.9755 10
      vertex 112.085 22.4514 0
      vertex 112.085 22.4514 10
    endloop
  endfacet
  facet normal 0.970131 0.242584 0
    outer loop
      vertex 112.085 22.4514 0
      vertex 112.204 21.9755 10
      vertex 112.204 21.9755 0
    endloop
  endfacet
  facet normal 0 1 -0
    outer loop
      vertex 107.3 26 0
      vertex 5 26 10
      vertex 107.3 26 10
    endloop
  endfacet
  facet normal 0 1 0
    outer loop
      vertex 5 26 10
      vertex 107.3 26 0
      vertex 5 26 0
    endloop
  endfacet
  facet normal 0.595686 0.803218 -0
    outer loop
      vertex 110.472 24.8651 0
      vertex 110.078 25.1573 10
      vertex 110.472 24.8651 10
    endloop
  endfacet
  facet normal 0.595686 0.803218 0
    outer loop
      vertex 110.078 25.1573 10
      vertex 110.472 24.8651 0
      vertex 110.078 25.1573 0
    endloop
  endfacet
  facet normal -1 0 0
    outer loop
      vertex 0 5 0
      vertex 0 21 10
      vertex 0 21 0
    endloop
  endfacet
  facet normal -1 -0 0
    outer loop
      vertex 0 21 10
      vertex 0 5 0
      vertex 0 5 10
    endloop
  endfacet
  facet normal 0.671212 0.741266 -0
    outer loop
      vertex 110.836 24.5355 0
      vertex 110.472 24.8651 10
      vertex 110.836 24.5355 10
    endloop
  endfacet
  facet normal 0.671212 0.741266 0
    outer loop
      vertex 110.472 24.8651 10
      vertex 110.836 24.5355 0
      vertex 110.472 24.8651 0
    endloop
  endfacet
  facet normal -0.857746 0.514073 0
    outer loop
      vertex 0.590393 23.357 0
      vertex 0.842651 23.7779 10
      vertex 0.842651 23.7779 0
    endloop
  endfacet
  facet normal -0.857746 0.514073 0
    outer loop
      vertex 0.842651 23.7779 10
      vertex 0.590393 23.357 0
      vertex 0.590393 23.357 10
    endloop
  endfacet
  facet normal -0.5141 -0.85773 0
    outer loop
      vertex 2.22215 0.842651 0
      vertex 2.64302 0.590393 10
      vertex 2.22215 0.842651 10
    endloop
  endfacet
  facet normal -0.5141 -0.85773 -0
    outer loop
      vertex 2.64302 0.590393 10
      vertex 2.22215 0.842651 0
      vertex 2.64302 0.590393 0
    endloop
  endfacet
  facet normal -0.740943 -0.671568 0
    outer loop
      vertex 1.46447 1.46447 0
      vertex 1.13495 1.82803 10
      vertex 1.13495 1.82803 0
    endloop
  endfacet
  facet normal -0.740943 -0.671568 0
    outer loop
      vertex 1.13495 1.82803 10
      vertex 1.46447 1.46447 0
      vertex 1.46447 1.46447 10
    endloop
  endfacet
  facet normal 0.514046 0.857762 -0
    outer loop
      vertex 110.078 25.1573 0
      vertex 109.657 25.4096 10
      vertex 110.078 25.1573 10
    endloop
  endfacet
  facet normal 0.514046 0.857762 0
    outer loop
      vertex 109.657 25.4096 10
      vertex 110.078 25.1573 0
      vertex 109.657 25.4096 0
    endloop
  endfacet
  facet normal 0.0491243 0.998793 -0
    outer loop
      vertex 107.79 25.9759 0
      vertex 107.3 26 10
      vertex 107.79 25.9759 10
    endloop
  endfacet
  facet normal 0.0491243 0.998793 0
    outer loop
      vertex 107.3 26 10
      vertex 107.79 25.9759 0
      vertex 107.3 26 0
    endloop
  endfacet
  facet normal 0.242967 -0.970035 0
    outer loop
      vertex 108.275 0.0960732 0
      vertex 108.751 0.215298 10
      vertex 108.275 0.0960732 10
    endloop
  endfacet
  facet normal 0.242967 -0.970035 0
    outer loop
      vertex 108.751 0.215298 10
      vertex 108.275 0.0960732 0
      vertex 108.751 0.215298 0
    endloop
  endfacet
  facet normal 0.989177 0.146726 0
    outer loop
      vertex 112.276 21.4901 10
      vertex 112.204 21.9755 0
      vertex 112.204 21.9755 10
    endloop
  endfacet
  facet normal 0.989177 0.146726 0
    outer loop
      vertex 112.204 21.9755 0
      vertex 112.276 21.4901 10
      vertex 112.276 21.4901 0
    endloop
  endfacet
  facet normal 0.14684 -0.98916 0
    outer loop
      vertex 107.79 0.0240755 0
      vertex 108.275 0.0960732 10
      vertex 107.79 0.0240755 10
    endloop
  endfacet
  facet normal 0.14684 -0.98916 0
    outer loop
      vertex 108.275 0.0960732 10
      vertex 107.79 0.0240755 0
      vertex 108.275 0.0960732 0
    endloop
  endfacet
  facet normal 1 -0 0
    outer loop
      vertex 112.3 5 10
      vertex 112.3 21 0
      vertex 112.3 21 10
    endloop
  endfacet
  facet normal 1 0 0
    outer loop
      vertex 112.3 21 0
      vertex 112.3 5 10
      vertex 112.3 5 0
    endloop
  endfacet
  facet normal 0.904625 0.426209 0
    outer loop
      vertex 111.919 22.9134 10
      vertex 111.71 23.357 0
      vertex 111.71 23.357 10
    endloop
  endfacet
  facet normal 0.904625 0.426209 0
    outer loop
      vertex 111.71 23.357 0
      vertex 111.919 22.9134 10
      vertex 111.919 22.9134 0
    endloop
  endfacet
  facet normal 0.857063 -0.515211 0
    outer loop
      vertex 111.457 2.22215 10
      vertex 111.71 2.64302 0
      vertex 111.71 2.64302 10
    endloop
  endfacet
  facet normal 0.857063 -0.515211 0
    outer loop
      vertex 111.71 2.64302 0
      vertex 111.457 2.22215 10
      vertex 111.457 2.22215 0
    endloop
  endfacet
  facet normal -0.514163 0.857692 0
    outer loop
      vertex 2.64302 25.4096 0
      vertex 2.22215 25.1573 10
      vertex 2.64302 25.4096 10
    endloop
  endfacet
  facet normal -0.514163 0.857692 0
    outer loop
      vertex 2.22215 25.1573 10
      vertex 2.64302 25.4096 0
      vertex 2.22215 25.1573 0
    endloop
  endfacet
  facet normal 0.427228 0.904144 -0
    outer loop
      vertex 109.657 25.4096 0
      vertex 109.213 25.6194 10
      vertex 109.657 25.4096 10
    endloop
  endfacet
  facet normal 0.427228 0.904144 0
    outer loop
      vertex 109.213 25.6194 10
      vertex 109.657 25.4096 0
      vertex 109.213 25.6194 0
    endloop
  endfacet
  facet normal 0.941095 0.338142 0
    outer loop
      vertex 112.085 22.4514 10
      vertex 111.919 22.9134 0
      vertex 111.919 22.9134 10
    endloop
  endfacet
  facet normal 0.941095 0.338142 0
    outer loop
      vertex 111.919 22.9134 0
      vertex 112.085 22.4514 10
      vertex 112.085 22.4514 0
    endloop
  endfacet
  facet normal 0.146844 0.98916 -0
    outer loop
      vertex 108.275 25.9039 0
      vertex 107.79 25.9759 10
      vertex 108.275 25.9039 10
    endloop
  endfacet
  facet normal 0.146844 0.98916 0
    outer loop
      vertex 107.79 25.9759 10
      vertex 108.275 25.9039 0
      vertex 107.79 25.9759 0
    endloop
  endfacet
  facet normal 0.513983 -0.8578 0
    outer loop
      vertex 109.657 0.590393 0
      vertex 110.078 0.842651 10
      vertex 109.657 0.590393 10
    endloop
  endfacet
  facet normal 0.513983 -0.8578 0
    outer loop
      vertex 110.078 0.842651 10
      vertex 109.657 0.590393 0
      vertex 110.078 0.842651 0
    endloop
  endfacet
  facet normal 0.90461 -0.426241 0
    outer loop
      vertex 111.71 2.64302 10
      vertex 111.919 3.08658 0
      vertex 111.919 3.08658 10
    endloop
  endfacet
  facet normal 0.90461 -0.426241 0
    outer loop
      vertex 111.919 3.08658 0
      vertex 111.71 2.64302 10
      vertex 111.71 2.64302 0
    endloop
  endfacet
  facet normal -0.146738 0.989175 0
    outer loop
      vertex 4.50991 25.9759 0
      vertex 4.02455 25.9039 10
      vertex 4.50991 25.9759 10
    endloop
  endfacet
  facet normal -0.146738 0.989175 0
    outer loop
      vertex 4.02455 25.9039 10
      vertex 4.50991 25.9759 0
      vertex 4.02455 25.9039 0
    endloop
  endfacet
  facet normal 0.857079 0.515184 0
    outer loop
      vertex 111.71 23.357 10
      vertex 111.457 23.7779 0
      vertex 111.457 23.7779 10
    endloop
  endfacet
  facet normal 0.857079 0.515184 0
    outer loop
      vertex 111.457 23.7779 0
      vertex 111.71 23.357 10
      vertex 111.71 23.357 0
    endloop
  endfacet
  facet normal 0.741415 0.671047 0
    outer loop
      vertex 111.165 24.172 10
      vertex 110.836 24.5355 0
      vertex 110.836 24.5355 10
    endloop
  endfacet
  facet normal 0.741415 0.671047 0
    outer loop
      vertex 110.836 24.5355 0
      vertex 111.165 24.172 10
      vertex 111.165 24.172 0
    endloop
  endfacet
  facet normal -0.336886 -0.941546 0
    outer loop
      vertex 3.08658 0.380602 0
      vertex 3.54858 0.215298 10
      vertex 3.08658 0.380602 10
    endloop
  endfacet
  facet normal -0.336886 -0.941546 -0
    outer loop
      vertex 3.54858 0.215298 10
      vertex 3.08658 0.380602 0
      vertex 3.54858 0.215298 0
    endloop
  endfacet
  facet normal -0.941546 0.336886 0
    outer loop
      vertex 0.215298 22.4514 0
      vertex 0.380602 22.9134 10
      vertex 0.380602 22.9134 0
    endloop
  endfacet
  facet normal -0.941546 0.336886 0
    outer loop
      vertex 0.380602 22.9134 10
      vertex 0.215298 22.4514 0
      vertex 0.215298 22.4514 10
    endloop
  endfacet
  facet normal 0.427213 -0.904151 0
    outer loop
      vertex 109.213 0.380602 0
      vertex 109.657 0.590393 10
      vertex 109.213 0.380602 10
    endloop
  endfacet
  facet normal 0.427213 -0.904151 0
    outer loop
      vertex 109.657 0.590393 10
      vertex 109.213 0.380602 0
      vertex 109.657 0.590393 0
    endloop
  endfacet
  facet normal -0.671658 0.740861 0
    outer loop
      vertex 1.82803 24.8651 0
      vertex 1.46447 24.5355 10
      vertex 1.82803 24.8651 10
    endloop
  endfacet
  facet normal -0.671658 0.740861 0
    outer loop
      vertex 1.46447 24.5355 10
      vertex 1.82803 24.8651 0
      vertex 1.46447 24.5355 0
    endloop
  endfacet
  facet normal -0.146733 -0.989176 0
    outer loop
      vertex 4.02455 0.0960732 0
      vertex 4.50991 0.0240755 10
      vertex 4.02455 0.0960732 10
    endloop
  endfacet
  facet normal -0.146733 -0.989176 -0
    outer loop
      vertex 4.50991 0.0240755 10
      vertex 4.02455 0.0960732 0
      vertex 4.50991 0.0240755 0
    endloop
  endfacet
  facet normal -0.740887 0.671629 0
    outer loop
      vertex 1.13495 24.172 0
      vertex 1.46447 24.5355 10
      vertex 1.46447 24.5355 0
    endloop
  endfacet
  facet normal -0.740887 0.671629 0
    outer loop
      vertex 1.46447 24.5355 10
      vertex 1.13495 24.172 0
      vertex 1.13495 24.172 10
    endloop
  endfacet
  facet normal 0.671122 -0.741347 0
    outer loop
      vertex 110.472 1.13495 0
      vertex 110.836 1.46447 10
      vertex 110.472 1.13495 10
    endloop
  endfacet
  facet normal 0.671122 -0.741347 0
    outer loop
      vertex 110.836 1.46447 10
      vertex 110.472 1.13495 0
      vertex 110.836 1.46447 0
    endloop
  endfacet
  facet normal 0.803485 0.595325 0
    outer loop
      vertex 111.457 23.7779 10
      vertex 111.165 24.172 0
      vertex 111.165 24.172 10
    endloop
  endfacet
  facet normal 0.803485 0.595325 0
    outer loop
      vertex 111.165 24.172 0
      vertex 111.457 23.7779 10
      vertex 111.457 23.7779 0
    endloop
  endfacet
  facet normal -0.427575 0.90398 0
    outer loop
      vertex 3.08658 25.6194 0
      vertex 2.64302 25.4096 10
      vertex 3.08658 25.6194 10
    endloop
  endfacet
  facet normal -0.427575 0.90398 0
    outer loop
      vertex 2.64302 25.4096 10
      vertex 3.08658 25.6194 0
      vertex 2.64302 25.4096 0
    endloop
  endfacet
  facet normal -0.970023 0.243015 0
    outer loop
      vertex 0.0960732 21.9755 0
      vertex 0.215298 22.4514 10
      vertex 0.215298 22.4514 0
    endloop
  endfacet
  facet normal -0.970023 0.243015 0
    outer loop
      vertex 0.215298 22.4514 10
      vertex 0.0960732 21.9755 0
      vertex 0.0960732 21.9755 10
    endloop
  endfacet
  facet normal 0.970139 -0.24255 0
    outer loop
      vertex 112.085 3.54858 10
      vertex 112.204 4.02455 0
      vertex 112.204 4.02455 10
    endloop
  endfacet
  facet normal 0.970139 -0.24255 0
    outer loop
      vertex 112.204 4.02455 0
      vertex 112.085 3.54858 10
      vertex 112.085 3.54858 0
    endloop
  endfacet
  facet normal 0.336879 0.941548 -0
    outer loop
      vertex 109.213 25.6194 0
      vertex 108.751 25.7847 10
      vertex 109.213 25.6194 10
    endloop
  endfacet
  facet normal 0.336879 0.941548 0
    outer loop
      vertex 108.751 25.7847 10
      vertex 109.213 25.6194 0
      vertex 108.751 25.7847 0
    endloop
  endfacet
  facet normal 0 0 -1
    outer loop
      vertex 107.3 0 0
      vertex 112.3 5 0
      vertex 112.276 4.50991 0
    endloop
  endfacet
  facet normal 0 0 -1
    outer loop
      vertex 112.3 5 0
      vertex 104 13 0
      vertex 112.3 21 0
    endloop
  endfacet
  facet normal 0 0 -1
    outer loop
      vertex 107.3 0 0
      vertex 112.276 4.50991 0
      vertex 112.204 4.02455 0
    endloop
  endfacet
  facet normal 0 0 -1
    outer loop
      vertex 103.981 13.3921 0
      vertex 112.3 21 0
      vertex 104 13 0
    endloop
  endfacet
  facet normal 0 0 -1
    outer loop
      vertex 107.3 0 0
      vertex 112.204 4.02455 0
      vertex 112.085 3.54858 0
    endloop
  endfacet
  facet normal 0 0 -1
    outer loop
      vertex 103.923 13.7804 0
      vertex 112.3 21 0
      vertex 103.981 13.3921 0
    endloop
  endfacet
  facet normal 0 0 -1
    outer loop
      vertex 107.3 0 0
      vertex 112.085 3.54858 0
      vertex 111.919 3.08658 0
    endloop
  endfacet
  facet normal 0 0 -1
    outer loop
      vertex 103.828 14.1611 0
      vertex 112.3 21 0
      vertex 103.923 13.7804 0
    endloop
  endfacet
  facet normal 0 0 -1
    outer loop
      vertex 107.3 0 0
      vertex 111.919 3.08658 0
      vertex 111.71 2.64302 0
    endloop
  endfacet
  facet normal 0 0 -1
    outer loop
      vertex 103.696 14.5307 0
      vertex 112.3 21 0
      vertex 103.828 14.1611 0
    endloop
  endfacet
  facet normal 0 0 -1
    outer loop
      vertex 107.3 0 0
      vertex 111.71 2.64302 0
      vertex 111.457 2.22215 0
    endloop
  endfacet
  facet normal 0 0 -1
    outer loop
      vertex 103.528 14.8856 0
      vertex 112.3 21 0
      vertex 103.696 14.5307 0
    endloop
  endfacet
  facet normal 0 0 -1
    outer loop
      vertex 107.3 0 0
      vertex 111.457 2.22215 0
      vertex 111.165 1.82803 0
    endloop
  endfacet
  facet normal 0 0 -1
    outer loop
      vertex 103.326 15.2223 0
      vertex 112.3 21 0
      vertex 103.528 14.8856 0
    endloop
  endfacet
  facet normal 0 0 -1
    outer loop
      vertex 107.3 0 0
      vertex 111.165 1.82803 0
      vertex 110.836 1.46447 0
    endloop
  endfacet
  facet normal 0 0 -1
    outer loop
      vertex 103.092 15.5376 0
      vertex 112.3 21 0
      vertex 103.326 15.2223 0
    endloop
  endfacet
  facet normal 0 0 -1
    outer loop
      vertex 107.3 0 0
      vertex 110.836 1.46447 0
      vertex 110.472 1.13495 0
    endloop
  endfacet
  facet normal 0 0 -1
    outer loop
      vertex 102.828 15.8284 0
      vertex 112.3 21 0
      vertex 103.092 15.5376 0
    endloop
  endfacet
  facet normal 0 0 -1
    outer loop
      vertex 107.3 0 0
      vertex 110.472 1.13495 0
      vertex 110.078 0.842651 0
    endloop
  endfacet
  facet normal 0 -0 -1
    outer loop
      vertex 107.3 26 0
      vertex 112.3 21 0
      vertex 102.828 15.8284 0
    endloop
  endfacet
  facet normal 0 0 -1
    outer loop
      vertex 107.3 0 0
      vertex 110.078 0.842651 0
      vertex 109.657 0.590393 0
    endloop
  endfacet
  facet normal 0 0 -1
    outer loop
      vertex 112.3 21 0
      vertex 107.3 26 0
      vertex 112.276 21.4901 0
    endloop
  endfacet
  facet normal 0 0 -1
    outer loop
      vertex 107.3 0 0
      vertex 109.657 0.590393 0
      vertex 109.213 0.380602 0
    endloop
  endfacet
  facet normal 0 0 -1
    outer loop
      vertex 112.276 21.4901 0
      vertex 107.3 26 0
      vertex 112.204 21.9755 0
    endloop
  endfacet
  facet normal 0 0 -1
    outer loop
      vertex 107.3 0 0
      vertex 109.213 0.380602 0
      vertex 108.751 0.215298 0
    endloop
  endfacet
  facet normal 0 0 -1
    outer loop
      vertex 112.204 21.9755 0
      vertex 107.3 26 0
      vertex 112.085 22.4514 0
    endloop
  endfacet
  facet normal 0 0 -1
    outer loop
      vertex 107.3 0 0
      vertex 108.751 0.215298 0
      vertex 108.275 0.0960732 0
    endloop
  endfacet
  facet normal 0 0 -1
    outer loop
      vertex 112.085 22.4514 0
      vertex 107.3 26 0
      vertex 111.919 22.9134 0
    endloop
  endfacet
  facet normal 0 0 -1
    outer loop
      vertex 107.3 0 0
      vertex 108.275 0.0960732 0
      vertex 107.79 0.0240755 0
    endloop
  endfacet
  facet normal 0 0 -1
    outer loop
      vertex 111.919 22.9134 0
      vertex 107.3 26 0
      vertex 111.71 23.357 0
    endloop
  endfacet
  facet normal -0 0 -1
    outer loop
      vertex 112.3 5 0
      vertex 107.3 0 0
      vertex 102.828 10.1716 0
    endloop
  endfacet
  facet normal 0 0 -1
    outer loop
      vertex 111.71 23.357 0
      vertex 107.3 26 0
      vertex 111.457 23.7779 0
    endloop
  endfacet
  facet normal 0 0 -1
    outer loop
      vertex 111.457 23.7779 0
      vertex 107.3 26 0
      vertex 111.165 24.172 0
    endloop
  endfacet
  facet normal 0 0 -1
    outer loop
      vertex 112.3 5 0
      vertex 103.981 12.6079 0
      vertex 104 13 0
    endloop
  endfacet
  facet normal 0 0 -1
    outer loop
      vertex 112.3 5 0
      vertex 103.923 12.2196 0
      vertex 103.981 12.6079 0
    endloop
  endfacet
  facet normal 0 0 -1
    outer loop
      vertex 112.3 5 0
      vertex 103.828 11.8389 0
      vertex 103.923 12.2196 0
    endloop
  endfacet
  facet normal 0 0 -1
    outer loop
      vertex 112.3 5 0
      vertex 103.696 11.4693 0
      vertex 103.828 11.8389 0
    endloop
  endfacet
  facet normal 0 0 -1
    outer loop
      vertex 112.3 5 0
      vertex 103.528 11.1144 0
      vertex 103.696 11.4693 0
    endloop
  endfacet
  facet normal 0 0 -1
    outer loop
      vertex 112.3 5 0
      vertex 103.326 10.7777 0
      vertex 103.528 11.1144 0
    endloop
  endfacet
  facet normal 0 0 -1
    outer loop
      vertex 112.3 5 0
      vertex 103.092 10.4624 0
      vertex 103.326 10.7777 0
    endloop
  endfacet
  facet normal 0 0 -1
    outer loop
      vertex 112.3 5 0
      vertex 102.828 10.1716 0
      vertex 103.092 10.4624 0
    endloop
  endfacet
  facet normal 0 0 -1
    outer loop
      vertex 107.3 0 0
      vertex 102.538 9.90796 0
      vertex 102.828 10.1716 0
    endloop
  endfacet
  facet normal 0 0 -1
    outer loop
      vertex 107.3 0 0
      vertex 102.222 9.67412 0
      vertex 102.538 9.90796 0
    endloop
  endfacet
  facet normal 0 0 -1
    outer loop
      vertex 107.3 0 0
      vertex 101.886 9.47231 0
      vertex 102.222 9.67412 0
    endloop
  endfacet
  facet normal 0 0 -1
    outer loop
      vertex 107.3 0 0
      vertex 101.531 9.30448 0
      vertex 101.886 9.47231 0
    endloop
  endfacet
  facet normal 0 0 -1
    outer loop
      vertex 107.3 0 0
      vertex 101.161 9.17224 0
      vertex 101.531 9.30448 0
    endloop
  endfacet
  facet normal 0 0 -1
    outer loop
      vertex 107.3 0 0
      vertex 100.78 9.07686 0
      vertex 101.161 9.17224 0
    endloop
  endfacet
  facet normal 0 0 -1
    outer loop
      vertex 107.3 0 0
      vertex 100.392 9.01926 0
      vertex 100.78 9.07686 0
    endloop
  endfacet
  facet normal 0 0 -1
    outer loop
      vertex 107.3 0 0
      vertex 100 9 0
      vertex 100.392 9.01926 0
    endloop
  endfacet
  facet normal 0 0 -1
    outer loop
      vertex 107.3 0 0
      vertex 99.6079 9.01926 0
      vertex 100 9 0
    endloop
  endfacet
  facet normal 0 0 -1
    outer loop
      vertex 107.3 0 0
      vertex 99.2196 9.07686 0
      vertex 99.6079 9.01926 0
    endloop
  endfacet
  facet normal 0 0 -1
    outer loop
      vertex 107.3 0 0
      vertex 98.8389 9.17224 0
      vertex 99.2196 9.07686 0
    endloop
  endfacet
  facet normal 0 0 -1
    outer loop
      vertex 107.3 0 0
      vertex 98.4693 9.30448 0
      vertex 98.8389 9.17224 0
    endloop
  endfacet
  facet normal 0 0 -1
    outer loop
      vertex 107.3 0 0
      vertex 98.1144 9.47231 0
      vertex 98.4693 9.30448 0
    endloop
  endfacet
  facet normal 0 0 -1
    outer loop
      vertex 84.8708 10.1292 0
      vertex 98.1144 9.47231 0
      vertex 107.3 0 0
    endloop
  endfacet
  facet normal 0 -0 -1
    outer loop
      vertex 85.148 10.2284 0
      vertex 98.1144 9.47231 0
      vertex 84.8708 10.1292 0
    endloop
  endfacet
  facet normal 0 -0 -1
    outer loop
      vertex 85.4142 10.3542 0
      vertex 97.7777 9.67412 0
      vertex 85.148 10.2284 0
    endloop
  endfacet
  facet normal 0 0 -1
    outer loop
      vertex 86.9855 12.7059 0
      vertex 96 13 0
      vertex 96.0193 12.6079 0
    endloop
  endfacet
  facet normal 0 0 -1
    outer loop
      vertex 86.9424 12.4147 0
      vertex 96.0193 12.6079 0
      vertex 96.0769 12.2196 0
    endloop
  endfacet
  facet normal 0 0 -1
    outer loop
      vertex 86.8708 12.1291 0
      vertex 96.0769 12.2196 0
      vertex 96.1722 11.8389 0
    endloop
  endfacet
  facet normal 0 0 -1
    outer loop
      vertex 86.7716 11.8519 0
      vertex 96.1722 11.8389 0
      vertex 96.3045 11.4693 0
    endloop
  endfacet
  facet normal 0 0 -1
    outer loop
      vertex 86.6458 11.5858 0
      vertex 96.3045 11.4693 0
      vertex 96.4723 11.1144 0
    endloop
  endfacet
  facet normal 0 0 -1
    outer loop
      vertex 86.4944 11.3333 0
      vertex 96.4723 11.1144 0
      vertex 96.6741 10.7777 0
    endloop
  endfacet
  facet normal 0 0 -1
    outer loop
      vertex 86.319 11.0968 0
      vertex 96.6741 10.7777 0
      vertex 96.908 10.4624 0
    endloop
  endfacet
  facet normal 0 0 -1
    outer loop
      vertex 86.1213 10.8787 0
      vertex 96.908 10.4624 0
      vertex 97.1716 10.1716 0
    endloop
  endfacet
  facet normal 0 0 -1
    outer loop
      vertex 97.7777 9.67412 0
      vertex 85.4142 10.3542 0
      vertex 97.4624 9.90796 0
    endloop
  endfacet
  facet normal -0 0 -1
    outer loop
      vertex 96 13 0
      vertex 86.9855 12.7059 0
      vertex 87 13 0
    endloop
  endfacet
  facet normal -0 0 -1
    outer loop
      vertex 96.0193 12.6079 0
      vertex 86.9424 12.4147 0
      vertex 86.9855 12.7059 0
    endloop
  endfacet
  facet normal -0 0 -1
    outer loop
      vertex 96.0769 12.2196 0
      vertex 86.8708 12.1291 0
      vertex 86.9424 12.4147 0
    endloop
  endfacet
  facet normal 0 0 -1
    outer loop
      vertex 96.1722 11.8389 0
      vertex 86.7716 11.8519 0
      vertex 86.8708 12.1291 0
    endloop
  endfacet
  facet normal 0 0 -1
    outer loop
      vertex 96.3045 11.4693 0
      vertex 86.6458 11.5858 0
      vertex 86.7716 11.8519 0
    endloop
  endfacet
  facet normal 0 0 -1
    outer loop
      vertex 96.4723 11.1144 0
      vertex 86.4944 11.3333 0
      vertex 86.6458 11.5858 0
    endloop
  endfacet
  facet normal 0 0 -1
    outer loop
      vertex 96.6741 10.7777 0
      vertex 86.319 11.0968 0
      vertex 86.4944 11.3333 0
    endloop
  endfacet
  facet normal 0 0 -1
    outer loop
      vertex 96.908 10.4624 0
      vertex 86.1213 10.8787 0
      vertex 86.319 11.0968 0
    endloop
  endfacet
  facet normal 0 0 -1
    outer loop
      vertex 97.1716 10.1716 0
      vertex 85.9032 10.681 0
      vertex 86.1213 10.8787 0
    endloop
  endfacet
  facet normal 0 0 -1
    outer loop
      vertex 97.1716 10.1716 0
      vertex 85.6667 10.5056 0
      vertex 85.9032 10.681 0
    endloop
  endfacet
  facet normal 0 0 -1
    outer loop
      vertex 97.4624 9.90796 0
      vertex 85.6667 10.5056 0
      vertex 97.1716 10.1716 0
    endloop
  endfacet
  facet normal 0 -0 -1
    outer loop
      vertex 85.6667 10.5056 0
      vertex 97.4624 9.90796 0
      vertex 85.4142 10.3542 0
    endloop
  endfacet
  facet normal 0 0 -1
    outer loop
      vertex 98.1144 9.47231 0
      vertex 85.148 10.2284 0
      vertex 97.7777 9.67412 0
    endloop
  endfacet
  facet normal 0 0 -1
    outer loop
      vertex 107.3 0 0
      vertex 84.5853 10.0576 0
      vertex 84.8708 10.1292 0
    endloop
  endfacet
  facet normal 0 0 -1
    outer loop
      vertex 107.3 0 0
      vertex 84.2941 10.0144 0
      vertex 84.5853 10.0576 0
    endloop
  endfacet
  facet normal 0 0 -1
    outer loop
      vertex 107.3 0 0
      vertex 84 10 0
      vertex 84.2941 10.0144 0
    endloop
  endfacet
  facet normal 0 0 -1
    outer loop
      vertex 107.3 0 0
      vertex 28 10 0
      vertex 84 10 0
    endloop
  endfacet
  facet normal 0 0 -1
    outer loop
      vertex 5 0 0
      vertex 28 10 0
      vertex 107.3 0 0
    endloop
  endfacet
  facet normal 0 0 -1
    outer loop
      vertex 0 5 0
      vertex 25.0144 12.7059 0
      vertex 5 0 0
    endloop
  endfacet
  facet normal -0 0 -1
    outer loop
      vertex 25.0576 12.4147 0
      vertex 5 0 0
      vertex 25.0144 12.7059 0
    endloop
  endfacet
  facet normal -0 0 -1
    outer loop
      vertex 25.1292 12.1291 0
      vertex 5 0 0
      vertex 25.0576 12.4147 0
    endloop
  endfacet
  facet normal -0 0 -1
    outer loop
      vertex 25.2284 11.8519 0
      vertex 5 0 0
      vertex 25.1292 12.1291 0
    endloop
  endfacet
  facet normal -0 0 -1
    outer loop
      vertex 25.3542 11.5858 0
      vertex 5 0 0
      vertex 25.2284 11.8519 0
    endloop
  endfacet
  facet normal -0 0 -1
    outer loop
      vertex 25.5056 11.3333 0
      vertex 5 0 0
      vertex 25.3542 11.5858 0
    endloop
  endfacet
  facet normal -0 0 -1
    outer loop
      vertex 25.681 11.0968 0
      vertex 5 0 0
      vertex 25.5056 11.3333 0
    endloop
  endfacet
  facet normal -0 0 -1
    outer loop
      vertex 25.8787 10.8787 0
      vertex 5 0 0
      vertex 25.681 11.0968 0
    endloop
  endfacet
  facet normal -0 0 -1
    outer loop
      vertex 26.0968 10.681 0
      vertex 5 0 0
      vertex 25.8787 10.8787 0
    endloop
  endfacet
  facet normal -0 0 -1
    outer loop
      vertex 26.3333 10.5056 0
      vertex 5 0 0
      vertex 26.0968 10.681 0
    endloop
  endfacet
  facet normal -0 0 -1
    outer loop
      vertex 26.5858 10.3542 0
      vertex 5 0 0
      vertex 26.3333 10.5056 0
    endloop
  endfacet
  facet normal -0 0 -1
    outer loop
      vertex 26.8519 10.2284 0
      vertex 5 0 0
      vertex 26.5858 10.3542 0
    endloop
  endfacet
  facet normal -0 0 -1
    outer loop
      vertex 27.1291 10.1292 0
      vertex 5 0 0
      vertex 26.8519 10.2284 0
    endloop
  endfacet
  facet normal -0 0 -1
    outer loop
      vertex 27.4147 10.0576 0
      vertex 5 0 0
      vertex 27.1291 10.1292 0
    endloop
  endfacet
  facet normal -0 0 -1
    outer loop
      vertex 27.7059 10.0144 0
      vertex 5 0 0
      vertex 27.4147 10.0576 0
    endloop
  endfacet
  facet normal -0 0 -1
    outer loop
      vertex 28 10 0
      vertex 5 0 0
      vertex 27.7059 10.0144 0
    endloop
  endfacet
  facet normal 0 0 -1
    outer loop
      vertex 111.165 24.172 0
      vertex 107.3 26 0
      vertex 110.836 24.5355 0
    endloop
  endfacet
  facet normal 0 0 -1
    outer loop
      vertex 110.836 24.5355 0
      vertex 107.3 26 0
      vertex 110.472 24.8651 0
    endloop
  endfacet
  facet normal 0 0 -1
    outer loop
      vertex 110.472 24.8651 0
      vertex 107.3 26 0
      vertex 110.078 25.1573 0
    endloop
  endfacet
  facet normal 0 0 -1
    outer loop
      vertex 110.078 25.1573 0
      vertex 107.3 26 0
      vertex 109.657 25.4096 0
    endloop
  endfacet
  facet normal 0 0 -1
    outer loop
      vertex 109.657 25.4096 0
      vertex 107.3 26 0
      vertex 109.213 25.6194 0
    endloop
  endfacet
  facet normal 0 0 -1
    outer loop
      vertex 109.213 25.6194 0
      vertex 107.3 26 0
      vertex 108.751 25.7847 0
    endloop
  endfacet
  facet normal 0 0 -1
    outer loop
      vertex 108.751 25.7847 0
      vertex 107.3 26 0
      vertex 108.275 25.9039 0
    endloop
  endfacet
  facet normal 0 0 -1
    outer loop
      vertex 108.275 25.9039 0
      vertex 107.3 26 0
      vertex 107.79 25.9759 0
    endloop
  endfacet
  facet normal 0 0 -1
    outer loop
      vertex 102.538 16.092 0
      vertex 107.3 26 0
      vertex 102.828 15.8284 0
    endloop
  endfacet
  facet normal 0 0 -1
    outer loop
      vertex 102.222 16.3259 0
      vertex 107.3 26 0
      vertex 102.538 16.092 0
    endloop
  endfacet
  facet normal 0 0 -1
    outer loop
      vertex 101.886 16.5277 0
      vertex 107.3 26 0
      vertex 102.222 16.3259 0
    endloop
  endfacet
  facet normal 0 0 -1
    outer loop
      vertex 101.531 16.6955 0
      vertex 107.3 26 0
      vertex 101.886 16.5277 0
    endloop
  endfacet
  facet normal 0 0 -1
    outer loop
      vertex 101.161 16.8278 0
      vertex 107.3 26 0
      vertex 101.531 16.6955 0
    endloop
  endfacet
  facet normal 0 0 -1
    outer loop
      vertex 100.78 16.9231 0
      vertex 107.3 26 0
      vertex 101.161 16.8278 0
    endloop
  endfacet
  facet normal 0 0 -1
    outer loop
      vertex 100.392 16.9807 0
      vertex 107.3 26 0
      vertex 100.78 16.9231 0
    endloop
  endfacet
  facet normal 0 0 -1
    outer loop
      vertex 100 17 0
      vertex 107.3 26 0
      vertex 100.392 16.9807 0
    endloop
  endfacet
  facet normal 0 0 -1
    outer loop
      vertex 99.6079 16.9807 0
      vertex 107.3 26 0
      vertex 100 17 0
    endloop
  endfacet
  facet normal 0 0 -1
    outer loop
      vertex 99.2196 16.9231 0
      vertex 107.3 26 0
      vertex 99.6079 16.9807 0
    endloop
  endfacet
  facet normal 0 0 -1
    outer loop
      vertex 98.8389 16.8278 0
      vertex 107.3 26 0
      vertex 99.2196 16.9231 0
    endloop
  endfacet
  facet normal 0 0 -1
    outer loop
      vertex 98.4693 16.6955 0
      vertex 107.3 26 0
      vertex 98.8389 16.8278 0
    endloop
  endfacet
  facet normal 0 0 -1
    outer loop
      vertex 98.1144 16.5277 0
      vertex 107.3 26 0
      vertex 98.4693 16.6955 0
    endloop
  endfacet
  facet normal 0 0 -1
    outer loop
      vertex 85.148 15.7716 0
      vertex 98.1144 16.5277 0
      vertex 97.7777 16.3259 0
    endloop
  endfacet
  facet normal 0 0 -1
    outer loop
      vertex 85.4142 15.6458 0
      vertex 97.7777 16.3259 0
      vertex 97.4624 16.092 0
    endloop
  endfacet
  facet normal 0 0 -1
    outer loop
      vertex 85.6667 15.4944 0
      vertex 97.4624 16.092 0
      vertex 97.1716 15.8284 0
    endloop
  endfacet
  facet normal 0 0 -1
    outer loop
      vertex 86.9855 13.2941 0
      vertex 96 13 0
      vertex 87 13 0
    endloop
  endfacet
  facet normal 0 0 -1
    outer loop
      vertex 96 13 0
      vertex 86.9855 13.2941 0
      vertex 96.0193 13.3921 0
    endloop
  endfacet
  facet normal 0 0 -1
    outer loop
      vertex 86.9424 13.5853 0
      vertex 96.0193 13.3921 0
      vertex 86.9855 13.2941 0
    endloop
  endfacet
  facet normal 0 0 -1
    outer loop
      vertex 96.0193 13.3921 0
      vertex 86.9424 13.5853 0
      vertex 96.0769 13.7804 0
    endloop
  endfacet
  facet normal 0 0 -1
    outer loop
      vertex 86.8708 13.8709 0
      vertex 96.0769 13.7804 0
      vertex 86.9424 13.5853 0
    endloop
  endfacet
  facet normal 0 0 -1
    outer loop
      vertex 96.0769 13.7804 0
      vertex 86.8708 13.8709 0
      vertex 96.1722 14.1611 0
    endloop
  endfacet
  facet normal 0 0 -1
    outer loop
      vertex 86.7716 14.148 0
      vertex 96.1722 14.1611 0
      vertex 86.8708 13.8709 0
    endloop
  endfacet
  facet normal -0 0 -1
    outer loop
      vertex 96.1722 14.1611 0
      vertex 86.7716 14.148 0
      vertex 96.3045 14.5307 0
    endloop
  endfacet
  facet normal 0 0 -1
    outer loop
      vertex 86.6458 14.4142 0
      vertex 96.3045 14.5307 0
      vertex 86.7716 14.148 0
    endloop
  endfacet
  facet normal -0 0 -1
    outer loop
      vertex 96.3045 14.5307 0
      vertex 86.6458 14.4142 0
      vertex 96.4723 14.8856 0
    endloop
  endfacet
  facet normal 0 0 -1
    outer loop
      vertex 86.4944 14.6667 0
      vertex 96.4723 14.8856 0
      vertex 86.6458 14.4142 0
    endloop
  endfacet
  facet normal -0 0 -1
    outer loop
      vertex 96.4723 14.8856 0
      vertex 86.4944 14.6667 0
      vertex 96.6741 15.2223 0
    endloop
  endfacet
  facet normal 0 0 -1
    outer loop
      vertex 86.319 14.9032 0
      vertex 96.6741 15.2223 0
      vertex 86.4944 14.6667 0
    endloop
  endfacet
  facet normal -0 0 -1
    outer loop
      vertex 96.6741 15.2223 0
      vertex 86.319 14.9032 0
      vertex 96.908 15.5376 0
    endloop
  endfacet
  facet normal 0 0 -1
    outer loop
      vertex 86.1213 15.1213 0
      vertex 96.908 15.5376 0
      vertex 86.319 14.9032 0
    endloop
  endfacet
  facet normal -0 0 -1
    outer loop
      vertex 96.908 15.5376 0
      vertex 86.1213 15.1213 0
      vertex 97.1716 15.8284 0
    endloop
  endfacet
  facet normal 0 0 -1
    outer loop
      vertex 85.9032 15.319 0
      vertex 97.1716 15.8284 0
      vertex 86.1213 15.1213 0
    endloop
  endfacet
  facet normal 0 0 -1
    outer loop
      vertex 85.6667 15.4944 0
      vertex 97.1716 15.8284 0
      vertex 85.9032 15.319 0
    endloop
  endfacet
  facet normal 0 0 -1
    outer loop
      vertex 97.4624 16.092 0
      vertex 85.6667 15.4944 0
      vertex 85.4142 15.6458 0
    endloop
  endfacet
  facet normal 0 0 -1
    outer loop
      vertex 97.7777 16.3259 0
      vertex 85.4142 15.6458 0
      vertex 85.148 15.7716 0
    endloop
  endfacet
  facet normal 0 0 -1
    outer loop
      vertex 98.1144 16.5277 0
      vertex 85.148 15.7716 0
      vertex 84.8708 15.8708 0
    endloop
  endfacet
  facet normal -0 0 -1
    outer loop
      vertex 98.1144 16.5277 0
      vertex 84.8708 15.8708 0
      vertex 107.3 26 0
    endloop
  endfacet
  facet normal 0 0 -1
    outer loop
      vertex 84.5853 15.9424 0
      vertex 107.3 26 0
      vertex 84.8708 15.8708 0
    endloop
  endfacet
  facet normal 0 0 -1
    outer loop
      vertex 84.2941 15.9856 0
      vertex 107.3 26 0
      vertex 84.5853 15.9424 0
    endloop
  endfacet
  facet normal 0 0 -1
    outer loop
      vertex 84 16 0
      vertex 107.3 26 0
      vertex 84.2941 15.9856 0
    endloop
  endfacet
  facet normal 0 0 -1
    outer loop
      vertex 28 16 0
      vertex 107.3 26 0
      vertex 84 16 0
    endloop
  endfacet
  facet normal 0 0 -1
    outer loop
      vertex 5 26 0
      vertex 28 16 0
      vertex 27.7059 15.9856 0
    endloop
  endfacet
  facet normal -0 0 -1
    outer loop
      vertex 25.0144 12.7059 0
      vertex 0 5 0
      vertex 25 13 0
    endloop
  endfacet
  facet normal 0 0 -1
    outer loop
      vertex 0 21 0
      vertex 25 13 0
      vertex 0 5 0
    endloop
  endfacet
  facet normal 0 0 -1
    outer loop
      vertex 25 13 0
      vertex 0 21 0
      vertex 25.0144 13.2941 0
    endloop
  endfacet
  facet normal 0 -0 -1
    outer loop
      vertex 5 26 0
      vertex 25.0144 13.2941 0
      vertex 0 21 0
    endloop
  endfacet
  facet normal 0 0 -1
    outer loop
      vertex 25.0144 13.2941 0
      vertex 5 26 0
      vertex 25.0576 13.5853 0
    endloop
  endfacet
  facet normal 0 0 -1
    outer loop
      vertex 25.0576 13.5853 0
      vertex 5 26 0
      vertex 25.1292 13.8709 0
    endloop
  endfacet
  facet normal 0 0 -1
    outer loop
      vertex 25.1292 13.8709 0
      vertex 5 26 0
      vertex 25.2284 14.148 0
    endloop
  endfacet
  facet normal 0 0 -1
    outer loop
      vertex 25.2284 14.148 0
      vertex 5 26 0
      vertex 25.3542 14.4142 0
    endloop
  endfacet
  facet normal 0 0 -1
    outer loop
      vertex 25.3542 14.4142 0
      vertex 5 26 0
      vertex 25.5056 14.6667 0
    endloop
  endfacet
  facet normal 0 0 -1
    outer loop
      vertex 25.5056 14.6667 0
      vertex 5 26 0
      vertex 25.681 14.9032 0
    endloop
  endfacet
  facet normal 0 0 -1
    outer loop
      vertex 28 16 0
      vertex 5 26 0
      vertex 107.3 26 0
    endloop
  endfacet
  facet normal 0 0 -1
    outer loop
      vertex 27.4147 15.9424 0
      vertex 5 26 0
      vertex 27.7059 15.9856 0
    endloop
  endfacet
  facet normal 0 0 -1
    outer loop
      vertex 27.1291 15.8708 0
      vertex 5 26 0
      vertex 27.4147 15.9424 0
    endloop
  endfacet
  facet normal 0 0 -1
    outer loop
      vertex 26.8519 15.7716 0
      vertex 5 26 0
      vertex 27.1291 15.8708 0
    endloop
  endfacet
  facet normal 0 0 -1
    outer loop
      vertex 26.5858 15.6458 0
      vertex 5 26 0
      vertex 26.8519 15.7716 0
    endloop
  endfacet
  facet normal 0 0 -1
    outer loop
      vertex 26.3333 15.4944 0
      vertex 5 26 0
      vertex 26.5858 15.6458 0
    endloop
  endfacet
  facet normal 0 0 -1
    outer loop
      vertex 25.681 14.9032 0
      vertex 5 26 0
      vertex 25.8787 15.1213 0
    endloop
  endfacet
  facet normal 0 0 -1
    outer loop
      vertex 0 5 0
      vertex 5 0 0
      vertex 4.50991 0.0240755 0
    endloop
  endfacet
  facet normal 0 0 -1
    outer loop
      vertex 25.8787 15.1213 0
      vertex 5 26 0
      vertex 26.0968 15.319 0
    endloop
  endfacet
  facet normal 0 0 -1
    outer loop
      vertex 0 5 0
      vertex 4.50991 0.0240755 0
      vertex 4.02455 0.0960732 0
    endloop
  endfacet
  facet normal 0 0 -1
    outer loop
      vertex 26.0968 15.319 0
      vertex 5 26 0
      vertex 26.3333 15.4944 0
    endloop
  endfacet
  facet normal 0 0 -1
    outer loop
      vertex 0 5 0
      vertex 4.02455 0.0960732 0
      vertex 3.54858 0.215298 0
    endloop
  endfacet
  facet normal 0 0 -1
    outer loop
      vertex 5 26 0
      vertex 0 21 0
      vertex 4.50991 25.9759 0
    endloop
  endfacet
  facet normal 0 0 -1
    outer loop
      vertex 0 5 0
      vertex 3.54858 0.215298 0
      vertex 3.08658 0.380602 0
    endloop
  endfacet
  facet normal 0 0 -1
    outer loop
      vertex 4.50991 25.9759 0
      vertex 0 21 0
      vertex 4.02455 25.9039 0
    endloop
  endfacet
  facet normal 0 0 -1
    outer loop
      vertex 0 5 0
      vertex 3.08658 0.380602 0
      vertex 2.64302 0.590393 0
    endloop
  endfacet
  facet normal 0 0 -1
    outer loop
      vertex 4.02455 25.9039 0
      vertex 0 21 0
      vertex 3.54858 25.7847 0
    endloop
  endfacet
  facet normal 0 0 -1
    outer loop
      vertex 0 5 0
      vertex 2.64302 0.590393 0
      vertex 2.22215 0.842651 0
    endloop
  endfacet
  facet normal 0 0 -1
    outer loop
      vertex 3.54858 25.7847 0
      vertex 0 21 0
      vertex 3.08658 25.6194 0
    endloop
  endfacet
  facet normal 0 0 -1
    outer loop
      vertex 0 5 0
      vertex 2.22215 0.842651 0
      vertex 1.82803 1.13495 0
    endloop
  endfacet
  facet normal 0 0 -1
    outer loop
      vertex 3.08658 25.6194 0
      vertex 0 21 0
      vertex 2.64302 25.4096 0
    endloop
  endfacet
  facet normal 0 0 -1
    outer loop
      vertex 0 5 0
      vertex 1.82803 1.13495 0
      vertex 1.46447 1.46447 0
    endloop
  endfacet
  facet normal 0 0 -1
    outer loop
      vertex 2.64302 25.4096 0
      vertex 0 21 0
      vertex 2.22215 25.1573 0
    endloop
  endfacet
  facet normal 0 0 -1
    outer loop
      vertex 0 5 0
      vertex 1.46447 1.46447 0
      vertex 1.13495 1.82803 0
    endloop
  endfacet
  facet normal 0 0 -1
    outer loop
      vertex 2.22215 25.1573 0
      vertex 0 21 0
      vertex 1.82803 24.8651 0
    endloop
  endfacet
  facet normal 0 0 -1
    outer loop
      vertex 0 5 0
      vertex 1.13495 1.82803 0
      vertex 0.842651 2.22215 0
    endloop
  endfacet
  facet normal 0 0 -1
    outer loop
      vertex 1.82803 24.8651 0
      vertex 0 21 0
      vertex 1.46447 24.5355 0
    endloop
  endfacet
  facet normal 0 0 -1
    outer loop
      vertex 0 5 0
      vertex 0.842651 2.22215 0
      vertex 0.590393 2.64302 0
    endloop
  endfacet
  facet normal 0 0 -1
    outer loop
      vertex 1.46447 24.5355 0
      vertex 0 21 0
      vertex 1.13495 24.172 0
    endloop
  endfacet
  facet normal 0 0 -1
    outer loop
      vertex 0 5 0
      vertex 0.590393 2.64302 0
      vertex 0.380602 3.08658 0
    endloop
  endfacet
  facet normal 0 0 -1
    outer loop
      vertex 1.13495 24.172 0
      vertex 0 21 0
      vertex 0.842651 23.7779 0
    endloop
  endfacet
  facet normal 0 0 -1
    outer loop
      vertex 0 5 0
      vertex 0.380602 3.08658 0
      vertex 0.215298 3.54858 0
    endloop
  endfacet
  facet normal 0 0 -1
    outer loop
      vertex 0.842651 23.7779 0
      vertex 0 21 0
      vertex 0.590393 23.357 0
    endloop
  endfacet
  facet normal 0 0 -1
    outer loop
      vertex 0 5 0
      vertex 0.215298 3.54858 0
      vertex 0.0960732 4.02455 0
    endloop
  endfacet
  facet normal 0 0 -1
    outer loop
      vertex 0.590393 23.357 0
      vertex 0 21 0
      vertex 0.380602 22.9134 0
    endloop
  endfacet
  facet normal 0 0 -1
    outer loop
      vertex 0 5 0
      vertex 0.0960732 4.02455 0
      vertex 0.0240755 4.50991 0
    endloop
  endfacet
  facet normal 0 0 -1
    outer loop
      vertex 0.380602 22.9134 0
      vertex 0 21 0
      vertex 0.215298 22.4514 0
    endloop
  endfacet
  facet normal 0 0 -1
    outer loop
      vertex 0.215298 22.4514 0
      vertex 0 21 0
      vertex 0.0960732 21.9755 0
    endloop
  endfacet
  facet normal 0 0 -1
    outer loop
      vertex 0.0960732 21.9755 0
      vertex 0 21 0
      vertex 0.0240755 21.4901 0
    endloop
  endfacet
  facet normal -0.803193 0.595718 0
    outer loop
      vertex 0.842651 23.7779 0
      vertex 1.13495 24.172 10
      vertex 1.13495 24.172 0
    endloop
  endfacet
  facet normal -0.803193 0.595718 0
    outer loop
      vertex 1.13495 24.172 10
      vertex 0.842651 23.7779 0
      vertex 0.842651 23.7779 10
    endloop
  endfacet
  facet normal 0.595816 -0.803121 0
    outer loop
      vertex 110.078 0.842651 0
      vertex 110.472 1.13495 10
      vertex 110.078 0.842651 10
    endloop
  endfacet
  facet normal 0.595816 -0.803121 0
    outer loop
      vertex 110.472 1.13495 10
      vertex 110.078 0.842651 0
      vertex 110.472 1.13495 0
    endloop
  endfacet
  facet normal 0.336886 -0.941546 0
    outer loop
      vertex 108.751 0.215298 0
      vertex 109.213 0.380602 10
      vertex 108.751 0.215298 10
    endloop
  endfacet
  facet normal 0.336886 -0.941546 0
    outer loop
      vertex 109.213 0.380602 10
      vertex 108.751 0.215298 0
      vertex 109.213 0.380602 0
    endloop
  endfacet
  facet normal -0.970031 -0.242981 0
    outer loop
      vertex 0.215298 3.54858 0
      vertex 0.0960732 4.02455 10
      vertex 0.0960732 4.02455 0
    endloop
  endfacet
  facet normal -0.970031 -0.242981 0
    outer loop
      vertex 0.0960732 4.02455 10
      vertex 0.215298 3.54858 0
      vertex 0.215298 3.54858 10
    endloop
  endfacet
  facet normal -0.904002 0.427528 0
    outer loop
      vertex 0.380602 22.9134 0
      vertex 0.590393 23.357 10
      vertex 0.590393 23.357 0
    endloop
  endfacet
  facet normal -0.904002 0.427528 0
    outer loop
      vertex 0.590393 23.357 10
      vertex 0.380602 22.9134 0
      vertex 0.380602 22.9134 10
    endloop
  endfacet
  facet normal -0.42756 -0.903987 0
    outer loop
      vertex 2.64302 0.590393 0
      vertex 3.08658 0.380602 10
      vertex 2.64302 0.590393 10
    endloop
  endfacet
  facet normal -0.42756 -0.903987 -0
    outer loop
      vertex 3.08658 0.380602 10
      vertex 2.64302 0.590393 0
      vertex 3.08658 0.380602 0
    endloop
  endfacet
  facet normal -0.595569 0.803304 0
    outer loop
      vertex 2.22215 25.1573 0
      vertex 1.82803 24.8651 10
      vertex 2.22215 25.1573 10
    endloop
  endfacet
  facet normal -0.595569 0.803304 0
    outer loop
      vertex 1.82803 24.8651 10
      vertex 2.22215 25.1573 0
      vertex 1.82803 24.8651 0
    endloop
  endfacet
  facet normal -0 0 1
    outer loop
      vertex 86.9855 12.7059 10
      vertex 92 10 10
      vertex 87 13 10
    endloop
  endfacet
  facet normal -0 0 1
    outer loop
      vertex 86.9424 12.4147 10
      vertex 92 10 10
      vertex 86.9855 12.7059 10
    endloop
  endfacet
  facet normal -0 0 1
    outer loop
      vertex 86.8708 12.1291 10
      vertex 92 10 10
      vertex 86.9424 12.4147 10
    endloop
  endfacet
  facet normal -0 0 1
    outer loop
      vertex 86.7716 11.8519 10
      vertex 92 10 10
      vertex 86.8708 12.1291 10
    endloop
  endfacet
  facet normal -0 0 1
    outer loop
      vertex 86.6458 11.5858 10
      vertex 92 10 10
      vertex 86.7716 11.8519 10
    endloop
  endfacet
  facet normal -0 0 1
    outer loop
      vertex 86.4944 11.3333 10
      vertex 92 10 10
      vertex 86.6458 11.5858 10
    endloop
  endfacet
  facet normal -0 0 1
    outer loop
      vertex 86.319 11.0968 10
      vertex 92 10 10
      vertex 86.4944 11.3333 10
    endloop
  endfacet
  facet normal -0 0 1
    outer loop
      vertex 86.1213 10.8787 10
      vertex 92 10 10
      vertex 86.319 11.0968 10
    endloop
  endfacet
  facet normal -0 0 1
    outer loop
      vertex 85.9032 10.681 10
      vertex 92 10 10
      vertex 86.1213 10.8787 10
    endloop
  endfacet
  facet normal -0 0 1
    outer loop
      vertex 85.6667 10.5056 10
      vertex 92 10 10
      vertex 85.9032 10.681 10
    endloop
  endfacet
  facet normal -0 0 1
    outer loop
      vertex 85.4142 10.3542 10
      vertex 92 10 10
      vertex 85.6667 10.5056 10
    endloop
  endfacet
  facet normal -0 0 1
    outer loop
      vertex 85.148 10.2284 10
      vertex 92 10 10
      vertex 85.4142 10.3542 10
    endloop
  endfacet
  facet normal -0 0 1
    outer loop
      vertex 84.8708 10.1292 10
      vertex 92 10 10
      vertex 85.148 10.2284 10
    endloop
  endfacet
  facet normal -0 0 1
    outer loop
      vertex 84.5853 10.0576 10
      vertex 92 10 10
      vertex 84.8708 10.1292 10
    endloop
  endfacet
  facet normal -0 0 1
    outer loop
      vertex 84.2941 10.0144 10
      vertex 92 10 10
      vertex 84.5853 10.0576 10
    endloop
  endfacet
  facet normal 0 0 1
    outer loop
      vertex 92 10 10
      vertex 84.2941 10.0144 10
      vertex 84 10 10
    endloop
  endfacet
  facet normal 0 0 1
    outer loop
      vertex 107.3 26 10
      vertex 112.3 21 10
      vertex 112.276 21.4901 10
    endloop
  endfacet
  facet normal 0 0 1
    outer loop
      vertex 112.3 21 10
      vertex 104 13 10
      vertex 112.3 5 10
    endloop
  endfacet
  facet normal 0 0 1
    outer loop
      vertex 107.3 26 10
      vertex 112.276 21.4901 10
      vertex 112.204 21.9755 10
    endloop
  endfacet
  facet normal -0 0 1
    outer loop
      vertex 103.981 12.6079 10
      vertex 112.3 5 10
      vertex 104 13 10
    endloop
  endfacet
  facet normal 0 0 1
    outer loop
      vertex 107.3 26 10
      vertex 112.204 21.9755 10
      vertex 112.085 22.4514 10
    endloop
  endfacet
  facet normal -0 0 1
    outer loop
      vertex 103.923 12.2196 10
      vertex 112.3 5 10
      vertex 103.981 12.6079 10
    endloop
  endfacet
  facet normal 0 0 1
    outer loop
      vertex 107.3 26 10
      vertex 112.085 22.4514 10
      vertex 111.919 22.9134 10
    endloop
  endfacet
  facet normal -0 0 1
    outer loop
      vertex 103.828 11.8389 10
      vertex 112.3 5 10
      vertex 103.923 12.2196 10
    endloop
  endfacet
  facet normal 0 0 1
    outer loop
      vertex 107.3 26 10
      vertex 111.919 22.9134 10
      vertex 111.71 23.357 10
    endloop
  endfacet
  facet normal -0 0 1
    outer loop
      vertex 103.696 11.4693 10
      vertex 112.3 5 10
      vertex 103.828 11.8389 10
    endloop
  endfacet
  facet normal 0 0 1
    outer loop
      vertex 107.3 26 10
      vertex 111.71 23.357 10
      vertex 111.457 23.7779 10
    endloop
  endfacet
  facet normal -0 0 1
    outer loop
      vertex 103.528 11.1144 10
      vertex 112.3 5 10
      vertex 103.696 11.4693 10
    endloop
  endfacet
  facet normal 0 0 1
    outer loop
      vertex 107.3 26 10
      vertex 111.457 23.7779 10
      vertex 111.165 24.172 10
    endloop
  endfacet
  facet normal -0 0 1
    outer loop
      vertex 103.326 10.7777 10
      vertex 112.3 5 10
      vertex 103.528 11.1144 10
    endloop
  endfacet
  facet normal 0 0 1
    outer loop
      vertex 107.3 26 10
      vertex 111.165 24.172 10
      vertex 110.836 24.5355 10
    endloop
  endfacet
  facet normal -0 0 1
    outer loop
      vertex 103.092 10.4624 10
      vertex 112.3 5 10
      vertex 103.326 10.7777 10
    endloop
  endfacet
  facet normal 0 0 1
    outer loop
      vertex 107.3 26 10
      vertex 110.836 24.5355 10
      vertex 110.472 24.8651 10
    endloop
  endfacet
  facet normal -0 0 1
    outer loop
      vertex 102.828 10.1716 10
      vertex 112.3 5 10
      vertex 103.092 10.4624 10
    endloop
  endfacet
  facet normal 0 0 1
    outer loop
      vertex 107.3 26 10
      vertex 110.472 24.8651 10
      vertex 110.078 25.1573 10
    endloop
  endfacet
  facet normal 0 -0 1
    outer loop
      vertex 107.3 0 10
      vertex 112.3 5 10
      vertex 102.828 10.1716 10
    endloop
  endfacet
  facet normal 0 0 1
    outer loop
      vertex 107.3 26 10
      vertex 110.078 25.1573 10
      vertex 109.657 25.4096 10
    endloop
  endfacet
  facet normal 0 0 1
    outer loop
      vertex 112.3 5 10
      vertex 107.3 0 10
      vertex 112.276 4.50991 10
    endloop
  endfacet
  facet normal 0 0 1
    outer loop
      vertex 107.3 26 10
      vertex 109.657 25.4096 10
      vertex 109.213 25.6194 10
    endloop
  endfacet
  facet normal 0 0 1
    outer loop
      vertex 112.276 4.50991 10
      vertex 107.3 0 10
      vertex 112.204 4.02455 10
    endloop
  endfacet
  facet normal 0 0 1
    outer loop
      vertex 107.3 26 10
      vertex 109.213 25.6194 10
      vertex 108.751 25.7847 10
    endloop
  endfacet
  facet normal 0 0 1
    outer loop
      vertex 112.204 4.02455 10
      vertex 107.3 0 10
      vertex 112.085 3.54858 10
    endloop
  endfacet
  facet normal 0 0 1
    outer loop
      vertex 107.3 26 10
      vertex 108.751 25.7847 10
      vertex 108.275 25.9039 10
    endloop
  endfacet
  facet normal 0 0 1
    outer loop
      vertex 112.085 3.54858 10
      vertex 107.3 0 10
      vertex 111.919 3.08658 10
    endloop
  endfacet
  facet normal 0 0 1
    outer loop
      vertex 107.3 26 10
      vertex 108.275 25.9039 10
      vertex 107.79 25.9759 10
    endloop
  endfacet
  facet normal 0 0 1
    outer loop
      vertex 111.919 3.08658 10
      vertex 107.3 0 10
      vertex 111.71 2.64302 10
    endloop
  endfacet
  facet normal 0 0 1
    outer loop
      vertex 112.3 21 10
      vertex 107.3 26 10
      vertex 102.828 15.8284 10
    endloop
  endfacet
  facet normal 0 0 1
    outer loop
      vertex 111.71 2.64302 10
      vertex 107.3 0 10
      vertex 111.457 2.22215 10
    endloop
  endfacet
  facet normal 0 0 1
    outer loop
      vertex 111.457 2.22215 10
      vertex 107.3 0 10
      vertex 111.165 1.82803 10
    endloop
  endfacet
  facet normal 0 0 1
    outer loop
      vertex 112.3 21 10
      vertex 103.981 13.3921 10
      vertex 104 13 10
    endloop
  endfacet
  facet normal 0 0 1
    outer loop
      vertex 112.3 21 10
      vertex 103.923 13.7804 10
      vertex 103.981 13.3921 10
    endloop
  endfacet
  facet normal 0 0 1
    outer loop
      vertex 112.3 21 10
      vertex 103.828 14.1611 10
      vertex 103.923 13.7804 10
    endloop
  endfacet
  facet normal 0 0 1
    outer loop
      vertex 112.3 21 10
      vertex 103.696 14.5307 10
      vertex 103.828 14.1611 10
    endloop
  endfacet
  facet normal 0 0 1
    outer loop
      vertex 112.3 21 10
      vertex 103.528 14.8856 10
      vertex 103.696 14.5307 10
    endloop
  endfacet
  facet normal 0 0 1
    outer loop
      vertex 112.3 21 10
      vertex 103.326 15.2223 10
      vertex 103.528 14.8856 10
    endloop
  endfacet
  facet normal 0 0 1
    outer loop
      vertex 112.3 21 10
      vertex 103.092 15.5376 10
      vertex 103.326 15.2223 10
    endloop
  endfacet
  facet normal 0 0 1
    outer loop
      vertex 112.3 21 10
      vertex 102.828 15.8284 10
      vertex 103.092 15.5376 10
    endloop
  endfacet
  facet normal 0 0 1
    outer loop
      vertex 107.3 26 10
      vertex 102.538 16.092 10
      vertex 102.828 15.8284 10
    endloop
  endfacet
  facet normal 0 0 1
    outer loop
      vertex 107.3 26 10
      vertex 102.222 16.3259 10
      vertex 102.538 16.092 10
    endloop
  endfacet
  facet normal 0 0 1
    outer loop
      vertex 107.3 26 10
      vertex 101.886 16.5277 10
      vertex 102.222 16.3259 10
    endloop
  endfacet
  facet normal 0 0 1
    outer loop
      vertex 107.3 26 10
      vertex 101.531 16.6955 10
      vertex 101.886 16.5277 10
    endloop
  endfacet
  facet normal 0 0 1
    outer loop
      vertex 107.3 26 10
      vertex 101.161 16.8278 10
      vertex 101.531 16.6955 10
    endloop
  endfacet
  facet normal 0 0 1
    outer loop
      vertex 107.3 26 10
      vertex 100.78 16.9231 10
      vertex 101.161 16.8278 10
    endloop
  endfacet
  facet normal -0 0 1
    outer loop
      vertex 95.8278 21.1611 10
      vertex 100.78 16.9231 10
      vertex 107.3 26 10
    endloop
  endfacet
  facet normal 0 0 1
    outer loop
      vertex 100.78 16.9231 10
      vertex 95.8278 21.1611 10
      vertex 100.392 16.9807 10
    endloop
  endfacet
  facet normal -0 -0 1
    outer loop
      vertex 95.9231 20.7804 10
      vertex 100.392 16.9807 10
      vertex 95.8278 21.1611 10
    endloop
  endfacet
  facet normal 0 0 1
    outer loop
      vertex 100.392 16.9807 10
      vertex 95.9231 20.7804 10
      vertex 100 17 10
    endloop
  endfacet
  facet normal -0 -0 1
    outer loop
      vertex 95.9807 20.3921 10
      vertex 100 17 10
      vertex 95.9231 20.7804 10
    endloop
  endfacet
  facet normal -0 -0 1
    outer loop
      vertex 96 20 10
      vertex 99.6079 16.9807 10
      vertex 95.9807 20.3921 10
    endloop
  endfacet
  facet normal 0 0 1
    outer loop
      vertex 99.6079 16.9807 10
      vertex 96 20 10
      vertex 99.2196 16.9231 10
    endloop
  endfacet
  facet normal 0 0 1
    outer loop
      vertex 99.2196 16.9231 10
      vertex 95.9807 19.6079 10
      vertex 98.8389 16.8278 10
    endloop
  endfacet
  facet normal -0 0 1
    outer loop
      vertex 95.9231 19.2196 10
      vertex 98.8389 16.8278 10
      vertex 95.9807 19.6079 10
    endloop
  endfacet
  facet normal -0 0 1
    outer loop
      vertex 95.8278 18.8389 10
      vertex 98.4693 16.6955 10
      vertex 95.9231 19.2196 10
    endloop
  endfacet
  facet normal -0 0 1
    outer loop
      vertex 95.092 17.4624 10
      vertex 97.1716 15.8284 10
      vertex 95.3259 17.7777 10
    endloop
  endfacet
  facet normal 0 0 1
    outer loop
      vertex 97.4624 16.092 10
      vertex 95.3259 17.7777 10
      vertex 97.1716 15.8284 10
    endloop
  endfacet
  facet normal -0 0 1
    outer loop
      vertex 95.3259 17.7777 10
      vertex 97.4624 16.092 10
      vertex 95.5277 18.1144 10
    endloop
  endfacet
  facet normal 0 0 1
    outer loop
      vertex 97.7777 16.3259 10
      vertex 95.5277 18.1144 10
      vertex 97.4624 16.092 10
    endloop
  endfacet
  facet normal -0 0 1
    outer loop
      vertex 95.5277 18.1144 10
      vertex 97.7777 16.3259 10
      vertex 95.6955 18.4693 10
    endloop
  endfacet
  facet normal 0 0 1
    outer loop
      vertex 98.1144 16.5277 10
      vertex 95.6955 18.4693 10
      vertex 97.7777 16.3259 10
    endloop
  endfacet
  facet normal -0 0 1
    outer loop
      vertex 95.6955 18.4693 10
      vertex 98.1144 16.5277 10
      vertex 95.8278 18.8389 10
    endloop
  endfacet
  facet normal 0 0 1
    outer loop
      vertex 98.4693 16.6955 10
      vertex 95.8278 18.8389 10
      vertex 98.1144 16.5277 10
    endloop
  endfacet
  facet normal 0 0 1
    outer loop
      vertex 98.8389 16.8278 10
      vertex 95.9231 19.2196 10
      vertex 98.4693 16.6955 10
    endloop
  endfacet
  facet normal -0 0 1
    outer loop
      vertex 95.9807 19.6079 10
      vertex 99.2196 16.9231 10
      vertex 96 20 10
    endloop
  endfacet
  facet normal 0 0 1
    outer loop
      vertex 100 17 10
      vertex 95.9807 20.3921 10
      vertex 99.6079 16.9807 10
    endloop
  endfacet
  facet normal 0 0 1
    outer loop
      vertex 107.3 26 10
      vertex 95.6955 21.5307 10
      vertex 95.8278 21.1611 10
    endloop
  endfacet
  facet normal 0 0 1
    outer loop
      vertex 107.3 26 10
      vertex 95.5277 21.8856 10
      vertex 95.6955 21.5307 10
    endloop
  endfacet
  facet normal 0 0 1
    outer loop
      vertex 107.3 26 10
      vertex 95.3259 22.2223 10
      vertex 95.5277 21.8856 10
    endloop
  endfacet
  facet normal 0 0 1
    outer loop
      vertex 107.3 26 10
      vertex 95.092 22.5376 10
      vertex 95.3259 22.2223 10
    endloop
  endfacet
  facet normal 0 0 1
    outer loop
      vertex 107.3 26 10
      vertex 94.8284 22.8284 10
      vertex 95.092 22.5376 10
    endloop
  endfacet
  facet normal 0 0 1
    outer loop
      vertex 107.3 26 10
      vertex 94.5376 23.092 10
      vertex 94.8284 22.8284 10
    endloop
  endfacet
  facet normal 0 0 1
    outer loop
      vertex 107.3 26 10
      vertex 94.2223 23.3259 10
      vertex 94.5376 23.092 10
    endloop
  endfacet
  facet normal 0 0 1
    outer loop
      vertex 107.3 26 10
      vertex 93.8856 23.5277 10
      vertex 94.2223 23.3259 10
    endloop
  endfacet
  facet normal 0 0 1
    outer loop
      vertex 107.3 26 10
      vertex 93.5307 23.6955 10
      vertex 93.8856 23.5277 10
    endloop
  endfacet
  facet normal 0 0 1
    outer loop
      vertex 107.3 26 10
      vertex 93.1611 23.8278 10
      vertex 93.5307 23.6955 10
    endloop
  endfacet
  facet normal 0 0 1
    outer loop
      vertex 107.3 26 10
      vertex 92.7804 23.9231 10
      vertex 93.1611 23.8278 10
    endloop
  endfacet
  facet normal 0 0 1
    outer loop
      vertex 107.3 26 10
      vertex 92.3921 23.9807 10
      vertex 92.7804 23.9231 10
    endloop
  endfacet
  facet normal 0 0 1
    outer loop
      vertex 107.3 26 10
      vertex 92 24 10
      vertex 92.3921 23.9807 10
    endloop
  endfacet
  facet normal 0 0 1
    outer loop
      vertex 107.3 26 10
      vertex 28 24 10
      vertex 92 24 10
    endloop
  endfacet
  facet normal 0 0 1
    outer loop
      vertex 26.8389 23.8278 10
      vertex 26.1611 23.8278 10
      vertex 26.5 23.7065 10
    endloop
  endfacet
  facet normal 0 0 1
    outer loop
      vertex 27.2196 23.9231 10
      vertex 26.1611 23.8278 10
      vertex 26.8389 23.8278 10
    endloop
  endfacet
  facet normal 0 0 1
    outer loop
      vertex 25.7804 23.9231 10
      vertex 27.2196 23.9231 10
      vertex 27.6079 23.9807 10
    endloop
  endfacet
  facet normal 0 0 1
    outer loop
      vertex 27.2196 23.9231 10
      vertex 25.7804 23.9231 10
      vertex 26.1611 23.8278 10
    endloop
  endfacet
  facet normal 0 0 1
    outer loop
      vertex 25.3921 23.9807 10
      vertex 27.6079 23.9807 10
      vertex 28 24 10
    endloop
  endfacet
  facet normal 0 0 1
    outer loop
      vertex 27.6079 23.9807 10
      vertex 25.3921 23.9807 10
      vertex 25.7804 23.9231 10
    endloop
  endfacet
  facet normal -0 0 1
    outer loop
      vertex 5 26 10
      vertex 28 24 10
      vertex 107.3 26 10
    endloop
  endfacet
  facet normal 0 -0 1
    outer loop
      vertex 25 24 10
      vertex 28 24 10
      vertex 5 26 10
    endloop
  endfacet
  facet normal 0 0 1
    outer loop
      vertex 28 24 10
      vertex 25 24 10
      vertex 25.3921 23.9807 10
    endloop
  endfacet
  facet normal 0 0 1
    outer loop
      vertex 25 24 10
      vertex 5 26 10
      vertex 9 24 10
    endloop
  endfacet
  facet normal 0 0 1
    outer loop
      vertex 5 26 10
      vertex 8.60793 23.9807 10
      vertex 9 24 10
    endloop
  endfacet
  facet normal 0 0 1
    outer loop
      vertex 5 26 10
      vertex 8.21964 23.9231 10
      vertex 8.60793 23.9807 10
    endloop
  endfacet
  facet normal 0 0 1
    outer loop
      vertex 5 26 10
      vertex 7.83886 23.8278 10
      vertex 8.21964 23.9231 10
    endloop
  endfacet
  facet normal 0 0 1
    outer loop
      vertex 5 26 10
      vertex 7.46927 23.6955 10
      vertex 7.83886 23.8278 10
    endloop
  endfacet
  facet normal 0 0 1
    outer loop
      vertex 5 26 10
      vertex 7.11441 23.5277 10
      vertex 7.46927 23.6955 10
    endloop
  endfacet
  facet normal 0 0 1
    outer loop
      vertex 5 26 10
      vertex 6.77772 23.3259 10
      vertex 7.11441 23.5277 10
    endloop
  endfacet
  facet normal 0 0 1
    outer loop
      vertex 5 26 10
      vertex 6.46243 23.092 10
      vertex 6.77772 23.3259 10
    endloop
  endfacet
  facet normal 0 0 1
    outer loop
      vertex 5 26 10
      vertex 6.17157 22.8284 10
      vertex 6.46243 23.092 10
    endloop
  endfacet
  facet normal -0 0 1
    outer loop
      vertex 4.50991 25.9759 10
      vertex 6.17157 22.8284 10
      vertex 5 26 10
    endloop
  endfacet
  facet normal 0 0 1
    outer loop
      vertex 6.17157 22.8284 10
      vertex 4.50991 25.9759 10
      vertex 5.90796 22.5376 10
    endloop
  endfacet
  facet normal -0 0 1
    outer loop
      vertex 4.02455 25.9039 10
      vertex 5.90796 22.5376 10
      vertex 4.50991 25.9759 10
    endloop
  endfacet
  facet normal -0 0 1
    outer loop
      vertex 3.54858 25.7847 10
      vertex 5.90796 22.5376 10
      vertex 4.02455 25.9039 10
    endloop
  endfacet
  facet normal 0 0 1
    outer loop
      vertex 5.90796 22.5376 10
      vertex 3.54858 25.7847 10
      vertex 5.67412 22.2223 10
    endloop
  endfacet
  facet normal -0 0 1
    outer loop
      vertex 3.08658 25.6194 10
      vertex 5.67412 22.2223 10
      vertex 3.54858 25.7847 10
    endloop
  endfacet
  facet normal -0 0 1
    outer loop
      vertex 2.64302 25.4096 10
      vertex 5.67412 22.2223 10
      vertex 3.08658 25.6194 10
    endloop
  endfacet
  facet normal -0 0 1
    outer loop
      vertex 2.22215 25.1573 10
      vertex 5.67412 22.2223 10
      vertex 2.64302 25.4096 10
    endloop
  endfacet
  facet normal 0 0 1
    outer loop
      vertex 5.67412 22.2223 10
      vertex 2.22215 25.1573 10
      vertex 5.47231 21.8856 10
    endloop
  endfacet
  facet normal 0 0 1
    outer loop
      vertex 5 20 10
      vertex 0 21 10
      vertex 5 6 10
    endloop
  endfacet
  facet normal -0 0 1
    outer loop
      vertex 1.82803 24.8651 10
      vertex 5.47231 21.8856 10
      vertex 2.22215 25.1573 10
    endloop
  endfacet
  facet normal 0 0 1
    outer loop
      vertex 0 5 10
      vertex 5 6 10
      vertex 0 21 10
    endloop
  endfacet
  facet normal -0 0 1
    outer loop
      vertex 1.46447 24.5355 10
      vertex 5.47231 21.8856 10
      vertex 1.82803 24.8651 10
    endloop
  endfacet
  facet normal 0 -0 1
    outer loop
      vertex 0.0240755 4.50991 10
      vertex 5 6 10
      vertex 0 5 10
    endloop
  endfacet
  facet normal 0 0 1
    outer loop
      vertex 5.47231 21.8856 10
      vertex 1.46447 24.5355 10
      vertex 5.30448 21.5307 10
    endloop
  endfacet
  facet normal 0 0 1
    outer loop
      vertex 5 6 10
      vertex 4.50991 0.0240755 10
      vertex 5 0 10
    endloop
  endfacet
  facet normal -0 0 1
    outer loop
      vertex 1.13495 24.172 10
      vertex 5.30448 21.5307 10
      vertex 1.46447 24.5355 10
    endloop
  endfacet
  facet normal 0 0 1
    outer loop
      vertex 5 6 10
      vertex 4.02455 0.0960732 10
      vertex 4.50991 0.0240755 10
    endloop
  endfacet
  facet normal -0 0 1
    outer loop
      vertex 0.842651 23.7779 10
      vertex 5.30448 21.5307 10
      vertex 1.13495 24.172 10
    endloop
  endfacet
  facet normal 0 0 1
    outer loop
      vertex 5 6 10
      vertex 3.54858 0.215298 10
      vertex 4.02455 0.0960732 10
    endloop
  endfacet
  facet normal -0 0 1
    outer loop
      vertex 0.590393 23.357 10
      vertex 5.30448 21.5307 10
      vertex 0.842651 23.7779 10
    endloop
  endfacet
  facet normal 0 0 1
    outer loop
      vertex 5 6 10
      vertex 3.08658 0.380602 10
      vertex 3.54858 0.215298 10
    endloop
  endfacet
  facet normal 0 0 1
    outer loop
      vertex 5.30448 21.5307 10
      vertex 0.590393 23.357 10
      vertex 5.17224 21.1611 10
    endloop
  endfacet
  facet normal 0 0 1
    outer loop
      vertex 5 6 10
      vertex 2.64302 0.590393 10
      vertex 3.08658 0.380602 10
    endloop
  endfacet
  facet normal -0 0 1
    outer loop
      vertex 0.380602 22.9134 10
      vertex 5.17224 21.1611 10
      vertex 0.590393 23.357 10
    endloop
  endfacet
  facet normal 0 0 1
    outer loop
      vertex 5 6 10
      vertex 2.22215 0.842651 10
      vertex 2.64302 0.590393 10
    endloop
  endfacet
  facet normal -0 0 1
    outer loop
      vertex 0.215298 22.4514 10
      vertex 5.17224 21.1611 10
      vertex 0.380602 22.9134 10
    endloop
  endfacet
  facet normal 0 0 1
    outer loop
      vertex 5 6 10
      vertex 1.82803 1.13495 10
      vertex 2.22215 0.842651 10
    endloop
  endfacet
  facet normal 0 0 1
    outer loop
      vertex 5.17224 21.1611 10
      vertex 0.215298 22.4514 10
      vertex 5.07686 20.7804 10
    endloop
  endfacet
  facet normal 0 0 1
    outer loop
      vertex 5 6 10
      vertex 1.46447 1.46447 10
      vertex 1.82803 1.13495 10
    endloop
  endfacet
  facet normal -0 0 1
    outer loop
      vertex 0.0960732 21.9755 10
      vertex 5.07686 20.7804 10
      vertex 0.215298 22.4514 10
    endloop
  endfacet
  facet normal 0 0 1
    outer loop
      vertex 5 6 10
      vertex 1.13495 1.82803 10
      vertex 1.46447 1.46447 10
    endloop
  endfacet
  facet normal -0 0 1
    outer loop
      vertex 0.0240755 21.4901 10
      vertex 5.07686 20.7804 10
      vertex 0.0960732 21.9755 10
    endloop
  endfacet
  facet normal 0 0 1
    outer loop
      vertex 5 6 10
      vertex 0.842651 2.22215 10
      vertex 1.13495 1.82803 10
    endloop
  endfacet
  facet normal -0 0 1
    outer loop
      vertex 0 21 10
      vertex 5.07686 20.7804 10
      vertex 0.0240755 21.4901 10
    endloop
  endfacet
  facet normal 0 0 1
    outer loop
      vertex 5 6 10
      vertex 0.590393 2.64302 10
      vertex 0.842651 2.22215 10
    endloop
  endfacet
  facet normal 0 0 1
    outer loop
      vertex 5.07686 20.7804 10
      vertex 0 21 10
      vertex 5.01926 20.3921 10
    endloop
  endfacet
  facet normal 0 0 1
    outer loop
      vertex 5 6 10
      vertex 0.380602 3.08658 10
      vertex 0.590393 2.64302 10
    endloop
  endfacet
  facet normal 0 0 1
    outer loop
      vertex 5.01926 20.3921 10
      vertex 0 21 10
      vertex 5 20 10
    endloop
  endfacet
  facet normal 0 0 1
    outer loop
      vertex 5 6 10
      vertex 0.215298 3.54858 10
      vertex 0.380602 3.08658 10
    endloop
  endfacet
  facet normal 0 0 1
    outer loop
      vertex 5 6 10
      vertex 0.0960732 4.02455 10
      vertex 0.215298 3.54858 10
    endloop
  endfacet
  facet normal 0 0 1
    outer loop
      vertex 5 6 10
      vertex 0.0240755 4.50991 10
      vertex 0.0960732 4.02455 10
    endloop
  endfacet
  facet normal 0 0 1
    outer loop
      vertex 111.165 1.82803 10
      vertex 107.3 0 10
      vertex 110.836 1.46447 10
    endloop
  endfacet
  facet normal 0 0 1
    outer loop
      vertex 110.836 1.46447 10
      vertex 107.3 0 10
      vertex 110.472 1.13495 10
    endloop
  endfacet
  facet normal 0 0 1
    outer loop
      vertex 110.472 1.13495 10
      vertex 107.3 0 10
      vertex 110.078 0.842651 10
    endloop
  endfacet
  facet normal 0 0 1
    outer loop
      vertex 110.078 0.842651 10
      vertex 107.3 0 10
      vertex 109.657 0.590393 10
    endloop
  endfacet
  facet normal 0 0 1
    outer loop
      vertex 109.657 0.590393 10
      vertex 107.3 0 10
      vertex 109.213 0.380602 10
    endloop
  endfacet
  facet normal 0 0 1
    outer loop
      vertex 109.213 0.380602 10
      vertex 107.3 0 10
      vertex 108.751 0.215298 10
    endloop
  endfacet
  facet normal 0 0 1
    outer loop
      vertex 108.751 0.215298 10
      vertex 107.3 0 10
      vertex 108.275 0.0960732 10
    endloop
  endfacet
  facet normal 0 0 1
    outer loop
      vertex 108.275 0.0960732 10
      vertex 107.3 0 10
      vertex 107.79 0.0240755 10
    endloop
  endfacet
  facet normal -0 0 1
    outer loop
      vertex 102.538 9.90796 10
      vertex 107.3 0 10
      vertex 102.828 10.1716 10
    endloop
  endfacet
  facet normal -0 0 1
    outer loop
      vertex 102.222 9.67412 10
      vertex 107.3 0 10
      vertex 102.538 9.90796 10
    endloop
  endfacet
  facet normal -0 0 1
    outer loop
      vertex 101.886 9.47231 10
      vertex 107.3 0 10
      vertex 102.222 9.67412 10
    endloop
  endfacet
  facet normal -0 0 1
    outer loop
      vertex 101.531 9.30448 10
      vertex 107.3 0 10
      vertex 101.886 9.47231 10
    endloop
  endfacet
  facet normal -0 0 1
    outer loop
      vertex 101.161 9.17224 10
      vertex 107.3 0 10
      vertex 101.531 9.30448 10
    endloop
  endfacet
  facet normal -0 0 1
    outer loop
      vertex 100.78 9.07686 10
      vertex 107.3 0 10
      vertex 101.161 9.17224 10
    endloop
  endfacet
  facet normal 0 0 1
    outer loop
      vertex 95.8278 4.83886 10
      vertex 100.78 9.07686 10
      vertex 100.392 9.01926 10
    endloop
  endfacet
  facet normal 0 0 1
    outer loop
      vertex 95.9231 5.21964 10
      vertex 100.392 9.01926 10
      vertex 100 9 10
    endloop
  endfacet
  facet normal 0 0 1
    outer loop
      vertex 95.9807 5.60793 10
      vertex 100 9 10
      vertex 99.6079 9.01926 10
    endloop
  endfacet
  facet normal 0 0 1
    outer loop
      vertex 96 6 10
      vertex 99.6079 9.01926 10
      vertex 99.2196 9.07686 10
    endloop
  endfacet
  facet normal 0 0 1
    outer loop
      vertex 95.9807 6.39207 10
      vertex 99.2196 9.07686 10
      vertex 98.8389 9.17224 10
    endloop
  endfacet
  facet normal 0 0 1
    outer loop
      vertex 95.9807 6.39207 10
      vertex 98.8389 9.17224 10
      vertex 98.4693 9.30448 10
    endloop
  endfacet
  facet normal 0 0 1
    outer loop
      vertex 95.9807 6.39207 10
      vertex 98.4693 9.30448 10
      vertex 98.1144 9.47231 10
    endloop
  endfacet
  facet normal 0 0 1
    outer loop
      vertex 95.9807 6.39207 10
      vertex 98.1144 9.47231 10
      vertex 97.7777 9.67412 10
    endloop
  endfacet
  facet normal 0 0 1
    outer loop
      vertex 95.9807 6.39207 10
      vertex 97.7777 9.67412 10
      vertex 97.4624 9.90796 10
    endloop
  endfacet
  facet normal 0 0 1
    outer loop
      vertex 95.9807 6.39207 10
      vertex 97.4624 9.90796 10
      vertex 97.1716 10.1716 10
    endloop
  endfacet
  facet normal 0 0 1
    outer loop
      vertex 92.7804 9.92314 10
      vertex 96.0193 12.6079 10
      vertex 96 13 10
    endloop
  endfacet
  facet normal 0 0 1
    outer loop
      vertex 95.9807 6.39207 10
      vertex 96.0769 12.2196 10
      vertex 96.0193 12.6079 10
    endloop
  endfacet
  facet normal 0 0 1
    outer loop
      vertex 95.9807 6.39207 10
      vertex 96.1722 11.8389 10
      vertex 96.0769 12.2196 10
    endloop
  endfacet
  facet normal 0 0 1
    outer loop
      vertex 95.9807 6.39207 10
      vertex 96.3045 11.4693 10
      vertex 96.1722 11.8389 10
    endloop
  endfacet
  facet normal 0 0 1
    outer loop
      vertex 95.9807 6.39207 10
      vertex 96.4723 11.1144 10
      vertex 96.3045 11.4693 10
    endloop
  endfacet
  facet normal 0 0 1
    outer loop
      vertex 95.9807 6.39207 10
      vertex 96.6741 10.7777 10
      vertex 96.4723 11.1144 10
    endloop
  endfacet
  facet normal 0 0 1
    outer loop
      vertex 95.9807 6.39207 10
      vertex 96.908 10.4624 10
      vertex 96.6741 10.7777 10
    endloop
  endfacet
  facet normal 0 0 1
    outer loop
      vertex 95.9807 6.39207 10
      vertex 97.1716 10.1716 10
      vertex 96.908 10.4624 10
    endloop
  endfacet
  facet normal 0 0 1
    outer loop
      vertex 99.6079 9.01926 10
      vertex 96 6 10
      vertex 95.9807 5.60793 10
    endloop
  endfacet
  facet normal 0 0 1
    outer loop
      vertex 100 9 10
      vertex 95.9807 5.60793 10
      vertex 95.9231 5.21964 10
    endloop
  endfacet
  facet normal 0 0 1
    outer loop
      vertex 100.392 9.01926 10
      vertex 95.9231 5.21964 10
      vertex 95.8278 4.83886 10
    endloop
  endfacet
  facet normal 0 0 1
    outer loop
      vertex 100.78 9.07686 10
      vertex 95.8278 4.83886 10
      vertex 107.3 0 10
    endloop
  endfacet
  facet normal -0 0 1
    outer loop
      vertex 95.6955 4.46927 10
      vertex 107.3 0 10
      vertex 95.8278 4.83886 10
    endloop
  endfacet
  facet normal -0 0 1
    outer loop
      vertex 95.5277 4.11441 10
      vertex 107.3 0 10
      vertex 95.6955 4.46927 10
    endloop
  endfacet
  facet normal -0 0 1
    outer loop
      vertex 95.3259 3.77772 10
      vertex 107.3 0 10
      vertex 95.5277 4.11441 10
    endloop
  endfacet
  facet normal -0 0 1
    outer loop
      vertex 95.092 3.46243 10
      vertex 107.3 0 10
      vertex 95.3259 3.77772 10
    endloop
  endfacet
  facet normal -0 0 1
    outer loop
      vertex 94.8284 3.17157 10
      vertex 107.3 0 10
      vertex 95.092 3.46243 10
    endloop
  endfacet
  facet normal -0 0 1
    outer loop
      vertex 94.5376 2.90796 10
      vertex 107.3 0 10
      vertex 94.8284 3.17157 10
    endloop
  endfacet
  facet normal -0 0 1
    outer loop
      vertex 94.2223 2.67412 10
      vertex 107.3 0 10
      vertex 94.5376 2.90796 10
    endloop
  endfacet
  facet normal -0 0 1
    outer loop
      vertex 93.8856 2.47231 10
      vertex 107.3 0 10
      vertex 94.2223 2.67412 10
    endloop
  endfacet
  facet normal -0 0 1
    outer loop
      vertex 93.5307 2.30448 10
      vertex 107.3 0 10
      vertex 93.8856 2.47231 10
    endloop
  endfacet
  facet normal -0 0 1
    outer loop
      vertex 93.1611 2.17224 10
      vertex 107.3 0 10
      vertex 93.5307 2.30448 10
    endloop
  endfacet
  facet normal -0 0 1
    outer loop
      vertex 92.7804 2.07686 10
      vertex 107.3 0 10
      vertex 93.1611 2.17224 10
    endloop
  endfacet
  facet normal -0 0 1
    outer loop
      vertex 92.3921 2.01926 10
      vertex 107.3 0 10
      vertex 92.7804 2.07686 10
    endloop
  endfacet
  facet normal -0 0 1
    outer loop
      vertex 92 2 10
      vertex 107.3 0 10
      vertex 92.3921 2.01926 10
    endloop
  endfacet
  facet normal -0 0 1
    outer loop
      vertex 28 2 10
      vertex 107.3 0 10
      vertex 92 2 10
    endloop
  endfacet
  facet normal 0 0 1
    outer loop
      vertex 26.1611 2.17224 10
      vertex 26.8389 2.17224 10
      vertex 26.5 2.29348 10
    endloop
  endfacet
  facet normal -0 0 1
    outer loop
      vertex 26.1611 2.17224 10
      vertex 27.2196 2.07686 10
      vertex 26.8389 2.17224 10
    endloop
  endfacet
  facet normal 0 0 1
    outer loop
      vertex 25.7804 2.07686 10
      vertex 27.2196 2.07686 10
      vertex 26.1611 2.17224 10
    endloop
  endfacet
  facet normal 0 0 1
    outer loop
      vertex 27.2196 2.07686 10
      vertex 25.7804 2.07686 10
      vertex 27.6079 2.01926 10
    endloop
  endfacet
  facet normal 0 0 1
    outer loop
      vertex 25.3921 2.01926 10
      vertex 27.6079 2.01926 10
      vertex 25.7804 2.07686 10
    endloop
  endfacet
  facet normal 0 0 1
    outer loop
      vertex 27.6079 2.01926 10
      vertex 25.3921 2.01926 10
      vertex 28 2 10
    endloop
  endfacet
  facet normal 0 0 1
    outer loop
      vertex 25 2 10
      vertex 28 2 10
      vertex 25.3921 2.01926 10
    endloop
  endfacet
  facet normal 0 0 1
    outer loop
      vertex 28 2 10
      vertex 25 2 10
      vertex 5 0 10
    endloop
  endfacet
  facet normal 0 0 1
    outer loop
      vertex 5 0 10
      vertex 25 2 10
      vertex 9 2 10
    endloop
  endfacet
  facet normal 0 0 1
    outer loop
      vertex 28 2 10
      vertex 5 0 10
      vertex 107.3 0 10
    endloop
  endfacet
  facet normal 0 0 1
    outer loop
      vertex 8.60793 2.01926 10
      vertex 5 0 10
      vertex 9 2 10
    endloop
  endfacet
  facet normal 0 0 1
    outer loop
      vertex 8.21964 2.07686 10
      vertex 5 0 10
      vertex 8.60793 2.01926 10
    endloop
  endfacet
  facet normal 0 0 1
    outer loop
      vertex 7.83886 2.17224 10
      vertex 5 0 10
      vertex 8.21964 2.07686 10
    endloop
  endfacet
  facet normal 0 0 1
    outer loop
      vertex 7.46927 2.30448 10
      vertex 5 0 10
      vertex 7.83886 2.17224 10
    endloop
  endfacet
  facet normal 0 0 1
    outer loop
      vertex 7.11441 2.47231 10
      vertex 5 0 10
      vertex 7.46927 2.30448 10
    endloop
  endfacet
  facet normal 0 0 1
    outer loop
      vertex 6.77772 2.67412 10
      vertex 5 0 10
      vertex 7.11441 2.47231 10
    endloop
  endfacet
  facet normal 0 0 1
    outer loop
      vertex 6.46243 2.90796 10
      vertex 5 0 10
      vertex 6.77772 2.67412 10
    endloop
  endfacet
  facet normal 0 0 1
    outer loop
      vertex 6.17157 3.17157 10
      vertex 5 0 10
      vertex 6.46243 2.90796 10
    endloop
  endfacet
  facet normal 0 0 1
    outer loop
      vertex 5.90796 3.46243 10
      vertex 5 0 10
      vertex 6.17157 3.17157 10
    endloop
  endfacet
  facet normal 0 0 1
    outer loop
      vertex 5.67412 3.77772 10
      vertex 5 0 10
      vertex 5.90796 3.46243 10
    endloop
  endfacet
  facet normal 0 0 1
    outer loop
      vertex 5.47231 4.11441 10
      vertex 5 0 10
      vertex 5.67412 3.77772 10
    endloop
  endfacet
  facet normal 0 0 1
    outer loop
      vertex 5.30448 4.46927 10
      vertex 5 0 10
      vertex 5.47231 4.11441 10
    endloop
  endfacet
  facet normal 0 0 1
    outer loop
      vertex 5.17224 4.83886 10
      vertex 5 0 10
      vertex 5.30448 4.46927 10
    endloop
  endfacet
  facet normal 0 0 1
    outer loop
      vertex 5.07686 5.21964 10
      vertex 5 0 10
      vertex 5.17224 4.83886 10
    endloop
  endfacet
  facet normal 0 0 1
    outer loop
      vertex 5.01926 5.60793 10
      vertex 5 0 10
      vertex 5.07686 5.21964 10
    endloop
  endfacet
  facet normal 0 0 1
    outer loop
      vertex 5 0 10
      vertex 5.01926 5.60793 10
      vertex 5 6 10
    endloop
  endfacet
  facet normal 0 0 1
    outer loop
      vertex 97.1716 15.8284 10
      vertex 95.092 17.4624 10
      vertex 96.908 15.5376 10
    endloop
  endfacet
  facet normal -0 0 1
    outer loop
      vertex 94.8284 17.1716 10
      vertex 96.908 15.5376 10
      vertex 95.092 17.4624 10
    endloop
  endfacet
  facet normal 0 0 1
    outer loop
      vertex 96.908 15.5376 10
      vertex 94.8284 17.1716 10
      vertex 96.6741 15.2223 10
    endloop
  endfacet
  facet normal 0 0 1
    outer loop
      vertex 99.2196 9.07686 10
      vertex 95.9807 6.39207 10
      vertex 96 6 10
    endloop
  endfacet
  facet normal -0 0 1
    outer loop
      vertex 94.5376 16.908 10
      vertex 96.6741 15.2223 10
      vertex 94.8284 17.1716 10
    endloop
  endfacet
  facet normal 0 0 1
    outer loop
      vertex 96.0193 12.6079 10
      vertex 95.9231 6.78036 10
      vertex 95.9807 6.39207 10
    endloop
  endfacet
  facet normal 0 0 1
    outer loop
      vertex 96.6741 15.2223 10
      vertex 94.5376 16.908 10
      vertex 96.4723 14.8856 10
    endloop
  endfacet
  facet normal 0 0 1
    outer loop
      vertex 96.0193 12.6079 10
      vertex 95.8278 7.16114 10
      vertex 95.9231 6.78036 10
    endloop
  endfacet
  facet normal -0 0 1
    outer loop
      vertex 94.2223 16.6741 10
      vertex 96.4723 14.8856 10
      vertex 94.5376 16.908 10
    endloop
  endfacet
  facet normal 0 0 1
    outer loop
      vertex 96.0193 12.6079 10
      vertex 95.6955 7.53073 10
      vertex 95.8278 7.16114 10
    endloop
  endfacet
  facet normal 0 0 1
    outer loop
      vertex 96.4723 14.8856 10
      vertex 94.2223 16.6741 10
      vertex 96.3045 14.5307 10
    endloop
  endfacet
  facet normal 0 0 1
    outer loop
      vertex 96.0193 12.6079 10
      vertex 95.5277 7.88559 10
      vertex 95.6955 7.53073 10
    endloop
  endfacet
  facet normal -0 0 1
    outer loop
      vertex 93.8856 16.4723 10
      vertex 96.3045 14.5307 10
      vertex 94.2223 16.6741 10
    endloop
  endfacet
  facet normal 0 0 1
    outer loop
      vertex 96.0193 12.6079 10
      vertex 95.3259 8.22228 10
      vertex 95.5277 7.88559 10
    endloop
  endfacet
  facet normal 0 0 1
    outer loop
      vertex 96.3045 14.5307 10
      vertex 93.8856 16.4723 10
      vertex 96.1722 14.1611 10
    endloop
  endfacet
  facet normal 0 0 1
    outer loop
      vertex 96.0193 12.6079 10
      vertex 95.092 8.53757 10
      vertex 95.3259 8.22228 10
    endloop
  endfacet
  facet normal -0 0 1
    outer loop
      vertex 93.5307 16.3045 10
      vertex 96.1722 14.1611 10
      vertex 93.8856 16.4723 10
    endloop
  endfacet
  facet normal 0 0 1
    outer loop
      vertex 96.0193 12.6079 10
      vertex 94.8284 8.82843 10
      vertex 95.092 8.53757 10
    endloop
  endfacet
  facet normal 0 0 1
    outer loop
      vertex 96.1722 14.1611 10
      vertex 93.5307 16.3045 10
      vertex 96.0769 13.7804 10
    endloop
  endfacet
  facet normal 0 0 1
    outer loop
      vertex 96.0193 12.6079 10
      vertex 94.5376 9.09204 10
      vertex 94.8284 8.82843 10
    endloop
  endfacet
  facet normal -0 0 1
    outer loop
      vertex 93.1611 16.1722 10
      vertex 96.0769 13.7804 10
      vertex 93.5307 16.3045 10
    endloop
  endfacet
  facet normal 0 0 1
    outer loop
      vertex 96.0193 12.6079 10
      vertex 94.2223 9.32588 10
      vertex 94.5376 9.09204 10
    endloop
  endfacet
  facet normal 0 0 1
    outer loop
      vertex 96.0769 13.7804 10
      vertex 93.1611 16.1722 10
      vertex 96.0193 13.3921 10
    endloop
  endfacet
  facet normal 0 0 1
    outer loop
      vertex 96.0193 12.6079 10
      vertex 93.8856 9.52768 10
      vertex 94.2223 9.32588 10
    endloop
  endfacet
  facet normal -0 0 1
    outer loop
      vertex 92.7804 16.0769 10
      vertex 96.0193 13.3921 10
      vertex 93.1611 16.1722 10
    endloop
  endfacet
  facet normal 0 0 1
    outer loop
      vertex 96.0193 12.6079 10
      vertex 93.5307 9.69552 10
      vertex 93.8856 9.52768 10
    endloop
  endfacet
  facet normal 0 0 1
    outer loop
      vertex 96.0193 13.3921 10
      vertex 92.7804 16.0769 10
      vertex 96 13 10
    endloop
  endfacet
  facet normal 0 0 1
    outer loop
      vertex 96.0193 12.6079 10
      vertex 93.1611 9.82776 10
      vertex 93.5307 9.69552 10
    endloop
  endfacet
  facet normal -0 0 1
    outer loop
      vertex 92.3921 16.0193 10
      vertex 96 13 10
      vertex 92.7804 16.0769 10
    endloop
  endfacet
  facet normal 0 0 1
    outer loop
      vertex 96.0193 12.6079 10
      vertex 92.7804 9.92314 10
      vertex 93.1611 9.82776 10
    endloop
  endfacet
  facet normal 0 0 1
    outer loop
      vertex 92.3921 9.98074 10
      vertex 96 13 10
      vertex 92.3921 16.0193 10
    endloop
  endfacet
  facet normal 0 0 1
    outer loop
      vertex 96 13 10
      vertex 92.3921 9.98074 10
      vertex 92.7804 9.92314 10
    endloop
  endfacet
  facet normal -0 0 1
    outer loop
      vertex 92 16 10
      vertex 92.3921 9.98074 10
      vertex 92.3921 16.0193 10
    endloop
  endfacet
  facet normal 0 0 1
    outer loop
      vertex 92 16 10
      vertex 92 10 10
      vertex 92.3921 9.98074 10
    endloop
  endfacet
  facet normal 0 0 1
    outer loop
      vertex 92 16 10
      vertex 87 13 10
      vertex 92 10 10
    endloop
  endfacet
  facet normal 0 0 1
    outer loop
      vertex 92 16 10
      vertex 86.9855 13.2941 10
      vertex 87 13 10
    endloop
  endfacet
  facet normal 0 0 1
    outer loop
      vertex 92 16 10
      vertex 86.9424 13.5853 10
      vertex 86.9855 13.2941 10
    endloop
  endfacet
  facet normal 0 0 1
    outer loop
      vertex 92 16 10
      vertex 86.8708 13.8709 10
      vertex 86.9424 13.5853 10
    endloop
  endfacet
  facet normal 0 0 1
    outer loop
      vertex 92 16 10
      vertex 86.7716 14.148 10
      vertex 86.8708 13.8709 10
    endloop
  endfacet
  facet normal 0 0 1
    outer loop
      vertex 92 16 10
      vertex 86.6458 14.4142 10
      vertex 86.7716 14.148 10
    endloop
  endfacet
  facet normal 0 0 1
    outer loop
      vertex 92 16 10
      vertex 86.4944 14.6667 10
      vertex 86.6458 14.4142 10
    endloop
  endfacet
  facet normal 0 0 1
    outer loop
      vertex 92 16 10
      vertex 86.319 14.9032 10
      vertex 86.4944 14.6667 10
    endloop
  endfacet
  facet normal 0 0 1
    outer loop
      vertex 92 16 10
      vertex 86.1213 15.1213 10
      vertex 86.319 14.9032 10
    endloop
  endfacet
  facet normal 0 0 1
    outer loop
      vertex 92 16 10
      vertex 85.9032 15.319 10
      vertex 86.1213 15.1213 10
    endloop
  endfacet
  facet normal 0 0 1
    outer loop
      vertex 92 16 10
      vertex 85.6667 15.4944 10
      vertex 85.9032 15.319 10
    endloop
  endfacet
  facet normal 0 0 1
    outer loop
      vertex 92 16 10
      vertex 85.4142 15.6458 10
      vertex 85.6667 15.4944 10
    endloop
  endfacet
  facet normal 0 0 1
    outer loop
      vertex 92 16 10
      vertex 85.148 15.7716 10
      vertex 85.4142 15.6458 10
    endloop
  endfacet
  facet normal 0 0 1
    outer loop
      vertex 92 16 10
      vertex 84.8708 15.8708 10
      vertex 85.148 15.7716 10
    endloop
  endfacet
  facet normal 0 0 1
    outer loop
      vertex 92 16 10
      vertex 84.5853 15.9424 10
      vertex 84.8708 15.8708 10
    endloop
  endfacet
  facet normal 0 0 1
    outer loop
      vertex 92 16 10
      vertex 84.2941 15.9856 10
      vertex 84.5853 15.9424 10
    endloop
  endfacet
  facet normal 0 -0 1
    outer loop
      vertex 84.2941 15.9856 10
      vertex 92 16 10
      vertex 84 16 10
    endloop
  endfacet
  facet normal -0.0490655 -0.998796 0
    outer loop
      vertex 4.50991 0.0240755 0
      vertex 5 0 10
      vertex 4.50991 0.0240755 10
    endloop
  endfacet
  facet normal -0.0490655 -0.998796 -0
    outer loop
      vertex 5 0 10
      vertex 4.50991 0.0240755 0
      vertex 5 0 0
    endloop
  endfacet
  facet normal 0.74147 -0.670986 0
    outer loop
      vertex 110.836 1.46447 10
      vertex 111.165 1.82803 0
      vertex 111.165 1.82803 10
    endloop
  endfacet
  facet normal 0.74147 -0.670986 0
    outer loop
      vertex 111.165 1.82803 0
      vertex 110.836 1.46447 10
      vertex 110.836 1.46447 0
    endloop
  endfacet
  facet normal 0.242919 0.970047 -0
    outer loop
      vertex 108.751 25.7847 0
      vertex 108.275 25.9039 10
      vertex 108.751 25.7847 10
    endloop
  endfacet
  facet normal 0.242919 0.970047 0
    outer loop
      vertex 108.275 25.9039 10
      vertex 108.751 25.7847 0
      vertex 108.275 25.9039 0
    endloop
  endfacet
  facet normal 0.941095 -0.338142 0
    outer loop
      vertex 111.919 3.08658 10
      vertex 112.085 3.54858 0
      vertex 112.085 3.54858 10
    endloop
  endfacet
  facet normal 0.941095 -0.338142 0
    outer loop
      vertex 112.085 3.54858 0
      vertex 111.919 3.08658 10
      vertex 111.919 3.08658 0
    endloop
  endfacet
  facet normal -0.242981 -0.970031 0
    outer loop
      vertex 3.54858 0.215298 0
      vertex 4.02455 0.0960732 10
      vertex 3.54858 0.215298 10
    endloop
  endfacet
  facet normal -0.242981 -0.970031 -0
    outer loop
      vertex 4.02455 0.0960732 10
      vertex 3.54858 0.215298 0
      vertex 4.02455 0.0960732 0
    endloop
  endfacet
  facet normal -0.85773 -0.5141 0
    outer loop
      vertex 0.842651 2.22215 0
      vertex 0.590393 2.64302 10
      vertex 0.590393 2.64302 0
    endloop
  endfacet
  facet normal -0.85773 -0.5141 0
    outer loop
      vertex 0.590393 2.64302 10
      vertex 0.842651 2.22215 0
      vertex 0.842651 2.22215 10
    endloop
  endfacet
  facet normal -0.903987 -0.42756 0
    outer loop
      vertex 0.590393 2.64302 0
      vertex 0.380602 3.08658 10
      vertex 0.380602 3.08658 0
    endloop
  endfacet
  facet normal -0.903987 -0.42756 0
    outer loop
      vertex 0.380602 3.08658 10
      vertex 0.590393 2.64302 0
      vertex 0.590393 2.64302 10
    endloop
  endfacet
  facet normal 0.803499 -0.595306 0
    outer loop
      vertex 111.165 1.82803 10
      vertex 111.457 2.22215 0
      vertex 111.457 2.22215 10
    endloop
  endfacet
  facet normal 0.803499 -0.595306 0
    outer loop
      vertex 111.457 2.22215 0
      vertex 111.165 1.82803 10
      vertex 111.165 1.82803 0
    endloop
  endfacet
  facet normal -0.803208 -0.595699 0
    outer loop
      vertex 1.13495 1.82803 0
      vertex 0.842651 2.22215 10
      vertex 0.842651 2.22215 0
    endloop
  endfacet
  facet normal -0.803208 -0.595699 0
    outer loop
      vertex 0.842651 2.22215 10
      vertex 1.13495 1.82803 0
      vertex 1.13495 1.82803 10
    endloop
  endfacet
  facet normal -0.941546 -0.336886 0
    outer loop
      vertex 0.380602 3.08658 0
      vertex 0.215298 3.54858 10
      vertex 0.215298 3.54858 0
    endloop
  endfacet
  facet normal -0.941546 -0.336886 0
    outer loop
      vertex 0.215298 3.54858 10
      vertex 0.380602 3.08658 0
      vertex 0.380602 3.08658 10
    endloop
  endfacet
  facet normal -0.989176 -0.146737 0
    outer loop
      vertex 5.07686 5.21964 10
      vertex 5.01926 5.60793 18
      vertex 5.01926 5.60793 10
    endloop
  endfacet
  facet normal -0.989176 -0.146737 0
    outer loop
      vertex 5.01926 5.60793 18
      vertex 5.07686 5.21964 10
      vertex 5.07686 5.21964 18
    endloop
  endfacet
  facet normal -0.998796 -0.0490647 0
    outer loop
      vertex 5.01926 5.60793 10
      vertex 5 6 18
      vertex 5 6 10
    endloop
  endfacet
  facet normal -0.998796 -0.0490647 0
    outer loop
      vertex 5 6 18
      vertex 5.01926 5.60793 10
      vertex 5.01926 5.60793 18
    endloop
  endfacet
  facet normal 1 -0 0
    outer loop
      vertex 29 10 18
      vertex 29 16 17
      vertex 29 16 18
    endloop
  endfacet
  facet normal 1 0 0
    outer loop
      vertex 29 16 17
      vertex 29 10 18
      vertex 29 10 17
    endloop
  endfacet
  facet normal -0.941545 -0.336887 0
    outer loop
      vertex 5.30448 4.46927 10
      vertex 5.17224 4.83886 18
      vertex 5.17224 4.83886 10
    endloop
  endfacet
  facet normal -0.941545 -0.336887 0
    outer loop
      vertex 5.17224 4.83886 18
      vertex 5.30448 4.46927 10
      vertex 5.30448 4.46927 18
    endloop
  endfacet
  facet normal -0.514095 0.857733 0
    outer loop
      vertex 7.11441 23.5277 10
      vertex 6.77772 23.3259 18
      vertex 7.11441 23.5277 18
    endloop
  endfacet
  facet normal -0.514095 0.857733 0
    outer loop
      vertex 6.77772 23.3259 18
      vertex 7.11441 23.5277 10
      vertex 6.77772 23.3259 10
    endloop
  endfacet
  facet normal 0.049061 -0.998796 0
    outer loop
      vertex 25 2 10
      vertex 25.3921 2.01926 18
      vertex 25 2 18
    endloop
  endfacet
  facet normal 0.049061 -0.998796 0
    outer loop
      vertex 25.3921 2.01926 18
      vertex 25 2 10
      vertex 25.3921 2.01926 10
    endloop
  endfacet
  facet normal -0.146737 0.989176 0
    outer loop
      vertex 8.60793 23.9807 10
      vertex 8.21964 23.9231 18
      vertex 8.60793 23.9807 18
    endloop
  endfacet
  facet normal -0.146737 0.989176 0
    outer loop
      vertex 8.21964 23.9231 18
      vertex 8.60793 23.9807 10
      vertex 8.21964 23.9231 10
    endloop
  endfacet
  facet normal -0.242787 0.97008 0
    outer loop
      vertex 8.21964 23.9231 10
      vertex 7.83886 23.8278 18
      vertex 8.21964 23.9231 18
    endloop
  endfacet
  facet normal -0.242787 0.97008 0
    outer loop
      vertex 7.83886 23.8278 18
      vertex 8.21964 23.9231 10
      vertex 7.83886 23.8278 10
    endloop
  endfacet
  facet normal -0.595708 -0.803201 0
    outer loop
      vertex 6.46243 2.90796 10
      vertex 6.77772 2.67412 18
      vertex 6.46243 2.90796 18
    endloop
  endfacet
  facet normal -0.595708 -0.803201 -0
    outer loop
      vertex 6.77772 2.67412 18
      vertex 6.46243 2.90796 10
      vertex 6.77772 2.67412 10
    endloop
  endfacet
  facet normal -0.998796 0.049061 0
    outer loop
      vertex 5 20 10
      vertex 5.01926 20.3921 18
      vertex 5.01926 20.3921 10
    endloop
  endfacet
  facet normal -0.998796 0.049061 0
    outer loop
      vertex 5.01926 20.3921 18
      vertex 5 20 10
      vertex 5 20 18
    endloop
  endfacet
  facet normal -1 0 0
    outer loop
      vertex 5 6 10
      vertex 5 20 18
      vertex 5 20 10
    endloop
  endfacet
  facet normal -1 -0 0
    outer loop
      vertex 5 20 18
      vertex 5 6 10
      vertex 5 6 18
    endloop
  endfacet
  facet normal 0 0 1
    outer loop
      vertex 26.1611 23.8278 18
      vertex 26.4693 23.6955 18
      vertex 26.5 23.7065 18
    endloop
  endfacet
  facet normal 0 0 1
    outer loop
      vertex 26.1611 23.8278 18
      vertex 26.1144 23.5277 18
      vertex 26.4693 23.6955 18
    endloop
  endfacet
  facet normal 0 0 1
    outer loop
      vertex 25.7804 23.9231 18
      vertex 26.1144 23.5277 18
      vertex 26.1611 23.8278 18
    endloop
  endfacet
  facet normal 0 0 1
    outer loop
      vertex 25.7804 23.9231 18
      vertex 25.7777 23.3259 18
      vertex 26.1144 23.5277 18
    endloop
  endfacet
  facet normal 0 0 1
    outer loop
      vertex 25.3921 23.9807 18
      vertex 25.7777 23.3259 18
      vertex 25.7804 23.9231 18
    endloop
  endfacet
  facet normal 0 0 1
    outer loop
      vertex 25.7777 23.3259 18
      vertex 25.3921 23.9807 18
      vertex 25.4624 23.092 18
    endloop
  endfacet
  facet normal 0 0 1
    outer loop
      vertex 25 24 18
      vertex 25.4624 23.092 18
      vertex 25.3921 23.9807 18
    endloop
  endfacet
  facet normal 0 0 1
    outer loop
      vertex 25.4624 23.092 18
      vertex 25 24 18
      vertex 25.1716 22.8284 18
    endloop
  endfacet
  facet normal 0 0 1
    outer loop
      vertex 25 24 18
      vertex 24.908 22.5376 18
      vertex 25.1716 22.8284 18
    endloop
  endfacet
  facet normal 0 0 1
    outer loop
      vertex 25 24 18
      vertex 24.6741 22.2223 18
      vertex 24.908 22.5376 18
    endloop
  endfacet
  facet normal 0 0 1
    outer loop
      vertex 25 24 18
      vertex 24.4723 21.8856 18
      vertex 24.6741 22.2223 18
    endloop
  endfacet
  facet normal 0 0 1
    outer loop
      vertex 25 24 18
      vertex 24.3045 21.5307 18
      vertex 24.4723 21.8856 18
    endloop
  endfacet
  facet normal -0 0 1
    outer loop
      vertex 9 24 18
      vertex 24.3045 21.5307 18
      vertex 25 24 18
    endloop
  endfacet
  facet normal 0 0 1
    outer loop
      vertex 24.3045 7.53073 18
      vertex 9 2 18
      vertex 24.1722 7.16114 18
    endloop
  endfacet
  facet normal 0 0 1
    outer loop
      vertex 24.0193 20.3921 18
      vertex 9 24 18
      vertex 24 20 18
    endloop
  endfacet
  facet normal 0 0 1
    outer loop
      vertex 24.0769 20.7804 18
      vertex 9 24 18
      vertex 24.0193 20.3921 18
    endloop
  endfacet
  facet normal 0 0 1
    outer loop
      vertex 24.1722 21.1611 18
      vertex 9 24 18
      vertex 24.0769 20.7804 18
    endloop
  endfacet
  facet normal 0 0 1
    outer loop
      vertex 24.3045 21.5307 18
      vertex 9 24 18
      vertex 24.1722 21.1611 18
    endloop
  endfacet
  facet normal -0 0 1
    outer loop
      vertex 28 16 18
      vertex 29 10 18
      vertex 29 16 18
    endloop
  endfacet
  facet normal 0 0 1
    outer loop
      vertex 28 16 18
      vertex 28 10 18
      vertex 29 10 18
    endloop
  endfacet
  facet normal 0 0 1
    outer loop
      vertex 27.6079 16.0193 18
      vertex 28 10 18
      vertex 28 16 18
    endloop
  endfacet
  facet normal 0 0 1
    outer loop
      vertex 27.6079 16.0193 18
      vertex 27.6079 9.98074 18
      vertex 28 10 18
    endloop
  endfacet
  facet normal 0 0 1
    outer loop
      vertex 27.2196 16.0769 18
      vertex 27.6079 9.98074 18
      vertex 27.6079 16.0193 18
    endloop
  endfacet
  facet normal 0 0 1
    outer loop
      vertex 27.2196 16.0769 18
      vertex 27.2196 9.92314 18
      vertex 27.6079 9.98074 18
    endloop
  endfacet
  facet normal 0 0 1
    outer loop
      vertex 26.8389 16.1722 18
      vertex 27.2196 9.92314 18
      vertex 27.2196 16.0769 18
    endloop
  endfacet
  facet normal 0 0 1
    outer loop
      vertex 26.8389 16.1722 18
      vertex 26.8389 9.82776 18
      vertex 27.2196 9.92314 18
    endloop
  endfacet
  facet normal 0 0 1
    outer loop
      vertex 26.4693 16.3045 18
      vertex 26.8389 9.82776 18
      vertex 26.8389 16.1722 18
    endloop
  endfacet
  facet normal 0 0 1
    outer loop
      vertex 26.4693 16.3045 18
      vertex 26.4693 9.69552 18
      vertex 26.8389 9.82776 18
    endloop
  endfacet
  facet normal 0 0 1
    outer loop
      vertex 26.1144 16.4723 18
      vertex 26.4693 9.69552 18
      vertex 26.4693 16.3045 18
    endloop
  endfacet
  facet normal 0 0 1
    outer loop
      vertex 26.1144 16.4723 18
      vertex 26.1144 9.52768 18
      vertex 26.4693 9.69552 18
    endloop
  endfacet
  facet normal 0 0 1
    outer loop
      vertex 25.7777 16.6741 18
      vertex 26.1144 9.52768 18
      vertex 26.1144 16.4723 18
    endloop
  endfacet
  facet normal 0 0 1
    outer loop
      vertex 25.7777 16.6741 18
      vertex 25.7777 9.32588 18
      vertex 26.1144 9.52768 18
    endloop
  endfacet
  facet normal 0 0 1
    outer loop
      vertex 25.4624 16.908 18
      vertex 25.7777 9.32588 18
      vertex 25.7777 16.6741 18
    endloop
  endfacet
  facet normal 0 0 1
    outer loop
      vertex 25.4624 16.908 18
      vertex 25.4624 9.09204 18
      vertex 25.7777 9.32588 18
    endloop
  endfacet
  facet normal 0 0 1
    outer loop
      vertex 25.1716 17.1716 18
      vertex 25.4624 9.09204 18
      vertex 25.4624 16.908 18
    endloop
  endfacet
  facet normal 0 0 1
    outer loop
      vertex 25.1716 17.1716 18
      vertex 25.1716 8.82843 18
      vertex 25.4624 9.09204 18
    endloop
  endfacet
  facet normal 0 0 1
    outer loop
      vertex 24.908 17.4624 18
      vertex 25.1716 8.82843 18
      vertex 25.1716 17.1716 18
    endloop
  endfacet
  facet normal 0 0 1
    outer loop
      vertex 24.908 17.4624 18
      vertex 24.908 8.53757 18
      vertex 25.1716 8.82843 18
    endloop
  endfacet
  facet normal 0 0 1
    outer loop
      vertex 24.6741 17.7777 18
      vertex 24.908 8.53757 18
      vertex 24.908 17.4624 18
    endloop
  endfacet
  facet normal 0 0 1
    outer loop
      vertex 24.6741 17.7777 18
      vertex 24.6741 8.22228 18
      vertex 24.908 8.53757 18
    endloop
  endfacet
  facet normal 0 0 1
    outer loop
      vertex 24.4723 18.1144 18
      vertex 24.6741 8.22228 18
      vertex 24.6741 17.7777 18
    endloop
  endfacet
  facet normal 0 0 1
    outer loop
      vertex 24.4723 18.1144 18
      vertex 24.4723 7.88559 18
      vertex 24.6741 8.22228 18
    endloop
  endfacet
  facet normal -0 0 1
    outer loop
      vertex 5 20 18
      vertex 24.3045 18.4693 18
      vertex 9 24 18
    endloop
  endfacet
  facet normal 0 0 1
    outer loop
      vertex 24.3045 18.4693 18
      vertex 5 20 18
      vertex 24.4723 18.1144 18
    endloop
  endfacet
  facet normal 0 0 1
    outer loop
      vertex 9 24 18
      vertex 24.3045 18.4693 18
      vertex 24.1722 18.8389 18
    endloop
  endfacet
  facet normal 0 0 1
    outer loop
      vertex 24.4723 18.1144 18
      vertex 5 20 18
      vertex 24.4723 7.88559 18
    endloop
  endfacet
  facet normal 0 0 1
    outer loop
      vertex 9 24 18
      vertex 24.1722 18.8389 18
      vertex 24.0769 19.2196 18
    endloop
  endfacet
  facet normal 0 0 1
    outer loop
      vertex 5 6 18
      vertex 24.4723 7.88559 18
      vertex 5 20 18
    endloop
  endfacet
  facet normal 0 0 1
    outer loop
      vertex 9 24 18
      vertex 24.0769 19.2196 18
      vertex 24.0193 19.6079 18
    endloop
  endfacet
  facet normal 0 0 1
    outer loop
      vertex 24.4723 7.88559 18
      vertex 5 6 18
      vertex 24.3045 7.53073 18
    endloop
  endfacet
  facet normal 0 0 1
    outer loop
      vertex 9 24 18
      vertex 24.0193 19.6079 18
      vertex 24 20 18
    endloop
  endfacet
  facet normal 0 -0 1
    outer loop
      vertex 9 2 18
      vertex 24.3045 7.53073 18
      vertex 5 6 18
    endloop
  endfacet
  facet normal 0 0 1
    outer loop
      vertex 26.0893 2.48736 18
      vertex 25.7804 2.07686 18
      vertex 26.0893 2.15425 18
    endloop
  endfacet
  facet normal 0 0 1
    outer loop
      vertex 25.7777 2.67412 18
      vertex 25.7804 2.07686 18
      vertex 26.0893 2.48736 18
    endloop
  endfacet
  facet normal 0 0 1
    outer loop
      vertex 25.3921 2.01926 18
      vertex 25.7777 2.67412 18
      vertex 25.4624 2.90796 18
    endloop
  endfacet
  facet normal 0 0 1
    outer loop
      vertex 25.7777 2.67412 18
      vertex 25.3921 2.01926 18
      vertex 25.7804 2.07686 18
    endloop
  endfacet
  facet normal 0 0 1
    outer loop
      vertex 25 2 18
      vertex 25.4624 2.90796 18
      vertex 25.1716 3.17157 18
    endloop
  endfacet
  facet normal 0 0 1
    outer loop
      vertex 25.4624 2.90796 18
      vertex 25 2 18
      vertex 25.3921 2.01926 18
    endloop
  endfacet
  facet normal 0 0 1
    outer loop
      vertex 24.908 3.46243 18
      vertex 25 2 18
      vertex 25.1716 3.17157 18
    endloop
  endfacet
  facet normal 0 0 1
    outer loop
      vertex 24.6741 3.77772 18
      vertex 25 2 18
      vertex 24.908 3.46243 18
    endloop
  endfacet
  facet normal 0 0 1
    outer loop
      vertex 24.4723 4.11441 18
      vertex 25 2 18
      vertex 24.6741 3.77772 18
    endloop
  endfacet
  facet normal 0 0 1
    outer loop
      vertex 24.3045 4.46927 18
      vertex 25 2 18
      vertex 24.4723 4.11441 18
    endloop
  endfacet
  facet normal 0 0 1
    outer loop
      vertex 9 2 18
      vertex 24.3045 4.46927 18
      vertex 24.1722 4.83886 18
    endloop
  endfacet
  facet normal 0 0 1
    outer loop
      vertex 24.1722 7.16114 18
      vertex 9 2 18
      vertex 24.0769 6.78036 18
    endloop
  endfacet
  facet normal 0 0 1
    outer loop
      vertex 24.0769 6.78036 18
      vertex 9 2 18
      vertex 24.0193 6.39207 18
    endloop
  endfacet
  facet normal 0 0 1
    outer loop
      vertex 24.0193 6.39207 18
      vertex 9 2 18
      vertex 24 6 18
    endloop
  endfacet
  facet normal 0 0 1
    outer loop
      vertex 24 6 18
      vertex 9 2 18
      vertex 24.0193 5.60793 18
    endloop
  endfacet
  facet normal 0 0 1
    outer loop
      vertex 24.3045 4.46927 18
      vertex 9 2 18
      vertex 25 2 18
    endloop
  endfacet
  facet normal 0 0 1
    outer loop
      vertex 5 20 18
      vertex 9 24 18
      vertex 8.60793 23.9807 18
    endloop
  endfacet
  facet normal 0 0 1
    outer loop
      vertex 24.0193 5.60793 18
      vertex 9 2 18
      vertex 24.0769 5.21964 18
    endloop
  endfacet
  facet normal 0 0 1
    outer loop
      vertex 5 20 18
      vertex 8.60793 23.9807 18
      vertex 8.21964 23.9231 18
    endloop
  endfacet
  facet normal 0 0 1
    outer loop
      vertex 24.0769 5.21964 18
      vertex 9 2 18
      vertex 24.1722 4.83886 18
    endloop
  endfacet
  facet normal 0 0 1
    outer loop
      vertex 5 20 18
      vertex 8.21964 23.9231 18
      vertex 7.83886 23.8278 18
    endloop
  endfacet
  facet normal 0 0 1
    outer loop
      vertex 9 2 18
      vertex 5 6 18
      vertex 8.60793 2.01926 18
    endloop
  endfacet
  facet normal 0 0 1
    outer loop
      vertex 5 20 18
      vertex 7.83886 23.8278 18
      vertex 7.46927 23.6955 18
    endloop
  endfacet
  facet normal 0 0 1
    outer loop
      vertex 8.60793 2.01926 18
      vertex 5 6 18
      vertex 8.21964 2.07686 18
    endloop
  endfacet
  facet normal 0 0 1
    outer loop
      vertex 5 20 18
      vertex 7.46927 23.6955 18
      vertex 7.11441 23.5277 18
    endloop
  endfacet
  facet normal 0 0 1
    outer loop
      vertex 8.21964 2.07686 18
      vertex 5 6 18
      vertex 7.83886 2.17224 18
    endloop
  endfacet
  facet normal 0 0 1
    outer loop
      vertex 5 20 18
      vertex 7.11441 23.5277 18
      vertex 6.77772 23.3259 18
    endloop
  endfacet
  facet normal 0 0 1
    outer loop
      vertex 7.83886 2.17224 18
      vertex 5 6 18
      vertex 7.46927 2.30448 18
    endloop
  endfacet
  facet normal 0 0 1
    outer loop
      vertex 5 20 18
      vertex 6.77772 23.3259 18
      vertex 6.46243 23.092 18
    endloop
  endfacet
  facet normal 0 0 1
    outer loop
      vertex 7.46927 2.30448 18
      vertex 5 6 18
      vertex 7.11441 2.47231 18
    endloop
  endfacet
  facet normal 0 0 1
    outer loop
      vertex 5 20 18
      vertex 6.46243 23.092 18
      vertex 6.17157 22.8284 18
    endloop
  endfacet
  facet normal 0 0 1
    outer loop
      vertex 7.11441 2.47231 18
      vertex 5 6 18
      vertex 6.77772 2.67412 18
    endloop
  endfacet
  facet normal 0 0 1
    outer loop
      vertex 5 20 18
      vertex 6.17157 22.8284 18
      vertex 5.90796 22.5376 18
    endloop
  endfacet
  facet normal 0 0 1
    outer loop
      vertex 6.77772 2.67412 18
      vertex 5 6 18
      vertex 6.46243 2.90796 18
    endloop
  endfacet
  facet normal 0 0 1
    outer loop
      vertex 5 20 18
      vertex 5.90796 22.5376 18
      vertex 5.67412 22.2223 18
    endloop
  endfacet
  facet normal 0 0 1
    outer loop
      vertex 6.46243 2.90796 18
      vertex 5 6 18
      vertex 6.17157 3.17157 18
    endloop
  endfacet
  facet normal 0 0 1
    outer loop
      vertex 5 20 18
      vertex 5.67412 22.2223 18
      vertex 5.47231 21.8856 18
    endloop
  endfacet
  facet normal 0 0 1
    outer loop
      vertex 6.17157 3.17157 18
      vertex 5 6 18
      vertex 5.90796 3.46243 18
    endloop
  endfacet
  facet normal 0 0 1
    outer loop
      vertex 5 20 18
      vertex 5.47231 21.8856 18
      vertex 5.30448 21.5307 18
    endloop
  endfacet
  facet normal 0 0 1
    outer loop
      vertex 5.90796 3.46243 18
      vertex 5 6 18
      vertex 5.67412 3.77772 18
    endloop
  endfacet
  facet normal 0 0 1
    outer loop
      vertex 5 20 18
      vertex 5.30448 21.5307 18
      vertex 5.17224 21.1611 18
    endloop
  endfacet
  facet normal 0 0 1
    outer loop
      vertex 5.67412 3.77772 18
      vertex 5 6 18
      vertex 5.47231 4.11441 18
    endloop
  endfacet
  facet normal 0 0 1
    outer loop
      vertex 5 20 18
      vertex 5.17224 21.1611 18
      vertex 5.07686 20.7804 18
    endloop
  endfacet
  facet normal 0 0 1
    outer loop
      vertex 5.47231 4.11441 18
      vertex 5 6 18
      vertex 5.30448 4.46927 18
    endloop
  endfacet
  facet normal 0 0 1
    outer loop
      vertex 5 20 18
      vertex 5.07686 20.7804 18
      vertex 5.01926 20.3921 18
    endloop
  endfacet
  facet normal 0 0 1
    outer loop
      vertex 5.30448 4.46927 18
      vertex 5 6 18
      vertex 5.17224 4.83886 18
    endloop
  endfacet
  facet normal 0 0 1
    outer loop
      vertex 5.17224 4.83886 18
      vertex 5 6 18
      vertex 5.07686 5.21964 18
    endloop
  endfacet
  facet normal 0 0 1
    outer loop
      vertex 5.07686 5.21964 18
      vertex 5 6 18
      vertex 5.01926 5.60793 18
    endloop
  endfacet
  facet normal -0.970019 0.243027 0
    outer loop
      vertex 5.07686 20.7804 10
      vertex 5.17224 21.1611 18
      vertex 5.17224 21.1611 10
    endloop
  endfacet
  facet normal -0.970019 0.243027 0
    outer loop
      vertex 5.17224 21.1611 18
      vertex 5.07686 20.7804 10
      vertex 5.07686 20.7804 18
    endloop
  endfacet
  facet normal 0.146733 -0.989176 0
    outer loop
      vertex 25.3921 2.01926 10
      vertex 25.7804 2.07686 18
      vertex 25.3921 2.01926 18
    endloop
  endfacet
  facet normal 0.146733 -0.989176 0
    outer loop
      vertex 25.7804 2.07686 18
      vertex 25.3921 2.01926 10
      vertex 25.7804 2.07686 10
    endloop
  endfacet
  facet normal -0.903995 -0.427542 0
    outer loop
      vertex 5.47231 4.11441 10
      vertex 5.30448 4.46927 18
      vertex 5.30448 4.46927 10
    endloop
  endfacet
  facet normal -0.903995 -0.427542 0
    outer loop
      vertex 5.30448 4.46927 18
      vertex 5.47231 4.11441 10
      vertex 5.47231 4.11441 18
    endloop
  endfacet
  facet normal 0 1 -0
    outer loop
      vertex 25 24 10
      vertex 9 24 18
      vertex 25 24 18
    endloop
  endfacet
  facet normal 0 1 0
    outer loop
      vertex 9 24 18
      vertex 25 24 10
      vertex 9 24 10
    endloop
  endfacet
  facet normal 0.242835 0.970068 -0
    outer loop
      vertex 26.1611 23.8278 10
      vertex 25.7804 23.9231 18
      vertex 26.1611 23.8278 18
    endloop
  endfacet
  facet normal 0.242835 0.970068 0
    outer loop
      vertex 25.7804 23.9231 18
      vertex 26.1611 23.8278 10
      vertex 25.7804 23.9231 10
    endloop
  endfacet
  facet normal 0.0491626 0.998791 -0
    outer loop
      vertex 25.3921 23.9807 10
      vertex 25 24 18
      vertex 25.3921 23.9807 18
    endloop
  endfacet
  facet normal 0.0491626 0.998791 0
    outer loop
      vertex 25 24 18
      vertex 25.3921 23.9807 10
      vertex 25 24 10
    endloop
  endfacet
  facet normal -0.904014 0.427503 0
    outer loop
      vertex 5.30448 21.5307 10
      vertex 5.47231 21.8856 18
      vertex 5.47231 21.8856 10
    endloop
  endfacet
  facet normal -0.904014 0.427503 0
    outer loop
      vertex 5.47231 21.8856 18
      vertex 5.30448 21.5307 10
      vertex 5.30448 21.5307 18
    endloop
  endfacet
  facet normal -0.595806 0.803128 0
    outer loop
      vertex 6.77772 23.3259 10
      vertex 6.46243 23.092 18
      vertex 6.77772 23.3259 18
    endloop
  endfacet
  facet normal -0.595806 0.803128 0
    outer loop
      vertex 6.46243 23.092 18
      vertex 6.77772 23.3259 10
      vertex 6.46243 23.092 10
    endloop
  endfacet
  facet normal -0.671531 0.740977 0
    outer loop
      vertex 6.46243 23.092 10
      vertex 6.17157 22.8284 18
      vertex 6.46243 23.092 18
    endloop
  endfacet
  facet normal -0.671531 0.740977 0
    outer loop
      vertex 6.17157 22.8284 18
      vertex 6.46243 23.092 10
      vertex 6.17157 22.8284 10
    endloop
  endfacet
  facet normal -0.857729 0.514102 0
    outer loop
      vertex 5.47231 21.8856 10
      vertex 5.67412 22.2223 18
      vertex 5.67412 22.2223 10
    endloop
  endfacet
  facet normal -0.857729 0.514102 0
    outer loop
      vertex 5.67412 22.2223 18
      vertex 5.47231 21.8856 10
      vertex 5.47231 21.8856 18
    endloop
  endfacet
  facet normal -0.146737 -0.989176 0
    outer loop
      vertex 8.21964 2.07686 10
      vertex 8.60793 2.01926 18
      vertex 8.21964 2.07686 18
    endloop
  endfacet
  facet normal -0.146737 -0.989176 -0
    outer loop
      vertex 8.60793 2.01926 18
      vertex 8.21964 2.07686 10
      vertex 8.60793 2.01926 10
    endloop
  endfacet
  facet normal -0.0490647 -0.998796 0
    outer loop
      vertex 8.60793 2.01926 10
      vertex 9 2 18
      vertex 8.60793 2.01926 18
    endloop
  endfacet
  facet normal -0.0490647 -0.998796 -0
    outer loop
      vertex 9 2 18
      vertex 8.60793 2.01926 10
      vertex 9 2 10
    endloop
  endfacet
  facet normal 0 -1 0
    outer loop
      vertex 9 2 10
      vertex 25 2 18
      vertex 9 2 18
    endloop
  endfacet
  facet normal 0 -1 -0
    outer loop
      vertex 25 2 18
      vertex 9 2 10
      vertex 25 2 10
    endloop
  endfacet
  facet normal -0.989176 0.146733 0
    outer loop
      vertex 5.01926 20.3921 10
      vertex 5.07686 20.7804 18
      vertex 5.07686 20.7804 10
    endloop
  endfacet
  facet normal -0.989176 0.146733 0
    outer loop
      vertex 5.07686 20.7804 18
      vertex 5.01926 20.3921 10
      vertex 5.01926 20.3921 18
    endloop
  endfacet
  facet normal -0.671545 -0.740964 0
    outer loop
      vertex 6.17157 3.17157 10
      vertex 6.46243 2.90796 18
      vertex 6.17157 3.17157 18
    endloop
  endfacet
  facet normal -0.671545 -0.740964 -0
    outer loop
      vertex 6.46243 2.90796 18
      vertex 6.17157 3.17157 10
      vertex 6.46243 2.90796 10
    endloop
  endfacet
  facet normal -0.740895 0.671621 0
    outer loop
      vertex 5.90796 22.5376 10
      vertex 6.17157 22.8284 18
      vertex 6.17157 22.8284 10
    endloop
  endfacet
  facet normal -0.740895 0.671621 0
    outer loop
      vertex 6.17157 22.8284 18
      vertex 5.90796 22.5376 10
      vertex 5.90796 22.5376 18
    endloop
  endfacet
  facet normal -0.80321 0.595695 0
    outer loop
      vertex 5.67412 22.2223 10
      vertex 5.90796 22.5376 18
      vertex 5.90796 22.5376 10
    endloop
  endfacet
  facet normal -0.80321 0.595695 0
    outer loop
      vertex 5.90796 22.5376 18
      vertex 5.67412 22.2223 10
      vertex 5.67412 22.2223 18
    endloop
  endfacet
  facet normal -0.336887 -0.941545 0
    outer loop
      vertex 7.46927 2.30448 10
      vertex 7.83886 2.17224 18
      vertex 7.46927 2.30448 18
    endloop
  endfacet
  facet normal -0.336887 -0.941545 -0
    outer loop
      vertex 7.83886 2.17224 18
      vertex 7.46927 2.30448 10
      vertex 7.83886 2.17224 10
    endloop
  endfacet
  facet normal -0.941548 0.336879 0
    outer loop
      vertex 5.17224 21.1611 10
      vertex 5.30448 21.5307 18
      vertex 5.30448 21.5307 10
    endloop
  endfacet
  facet normal -0.941548 0.336879 0
    outer loop
      vertex 5.30448 21.5307 18
      vertex 5.17224 21.1611 10
      vertex 5.17224 21.1611 18
    endloop
  endfacet
  facet normal 0.336771 -0.941587 0
    outer loop
      vertex 26.1611 2.17224 10
      vertex 26.3614 2.24388 17.8947
      vertex 26.1611 2.17224 17.9664
    endloop
  endfacet
  facet normal 0.336938 -0.941527 -4.76768e-06
    outer loop
      vertex 26.1611 2.17224 10
      vertex 26.5 2.29348 17.86
      vertex 26.3614 2.24388 17.8947
    endloop
  endfacet
  facet normal 0.33684 -0.941562 0
    outer loop
      vertex 26.5 2.29348 17.86
      vertex 26.1611 2.17224 10
      vertex 26.5 2.29348 10
    endloop
  endfacet
  facet normal -0.0491664 0.998791 0
    outer loop
      vertex 9 24 10
      vertex 8.60793 23.9807 18
      vertex 9 24 18
    endloop
  endfacet
  facet normal -0.0491664 0.998791 0
    outer loop
      vertex 8.60793 23.9807 18
      vertex 9 24 10
      vertex 8.60793 23.9807 10
    endloop
  endfacet
  facet normal 0.336987 0.941509 -0
    outer loop
      vertex 26.5 23.7065 10
      vertex 26.1611 23.8278 18
      vertex 26.5 23.7065 18
    endloop
  endfacet
  facet normal 0.336987 0.941509 0
    outer loop
      vertex 26.1611 23.8278 18
      vertex 26.5 23.7065 10
      vertex 26.1611 23.8278 10
    endloop
  endfacet
  facet normal 0.243023 -0.97002 0.000201459
    outer loop
      vertex 25.7804 2.07686 18
      vertex 26.1581 2.17148 17.9675
      vertex 26.0893 2.15425 18
    endloop
  endfacet
  facet normal 0.242207 -0.970176 -0.00973929
    outer loop
      vertex 25.7804 2.07686 18
      vertex 26.1611 2.17224 17.9664
      vertex 26.1581 2.17148 17.9675
    endloop
  endfacet
  facet normal 0.243027 -0.970019 0
    outer loop
      vertex 25.7804 2.07686 10
      vertex 26.1611 2.17224 17.9664
      vertex 25.7804 2.07686 18
    endloop
  endfacet
  facet normal 0.243027 -0.970019 0
    outer loop
      vertex 26.1611 2.17224 17.9664
      vertex 25.7804 2.07686 10
      vertex 26.1611 2.17224 10
    endloop
  endfacet
  facet normal -0.337022 0.941497 0
    outer loop
      vertex 7.83886 23.8278 10
      vertex 7.46927 23.6955 18
      vertex 7.83886 23.8278 18
    endloop
  endfacet
  facet normal -0.337022 0.941497 0
    outer loop
      vertex 7.46927 23.6955 18
      vertex 7.83886 23.8278 10
      vertex 7.46927 23.6955 10
    endloop
  endfacet
  facet normal -0.242979 -0.970032 0
    outer loop
      vertex 7.83886 2.17224 10
      vertex 8.21964 2.07686 18
      vertex 7.83886 2.17224 18
    endloop
  endfacet
  facet normal -0.242979 -0.970032 -0
    outer loop
      vertex 8.21964 2.07686 18
      vertex 7.83886 2.17224 10
      vertex 8.21964 2.07686 10
    endloop
  endfacet
  facet normal -0.970032 -0.242979 0
    outer loop
      vertex 5.17224 4.83886 10
      vertex 5.07686 5.21964 18
      vertex 5.07686 5.21964 10
    endloop
  endfacet
  facet normal -0.970032 -0.242979 0
    outer loop
      vertex 5.07686 5.21964 18
      vertex 5.17224 4.83886 10
      vertex 5.17224 4.83886 18
    endloop
  endfacet
  facet normal 0.146733 0.989176 -0
    outer loop
      vertex 25.7804 23.9231 10
      vertex 25.3921 23.9807 18
      vertex 25.7804 23.9231 18
    endloop
  endfacet
  facet normal 0.146733 0.989176 0
    outer loop
      vertex 25.3921 23.9807 18
      vertex 25.7804 23.9231 10
      vertex 25.3921 23.9807 10
    endloop
  endfacet
  facet normal -0.740964 -0.671545 0
    outer loop
      vertex 6.17157 3.17157 10
      vertex 5.90796 3.46243 18
      vertex 5.90796 3.46243 10
    endloop
  endfacet
  facet normal -0.740964 -0.671545 0
    outer loop
      vertex 5.90796 3.46243 18
      vertex 6.17157 3.17157 10
      vertex 6.17157 3.17157 18
    endloop
  endfacet
  facet normal -0.42748 0.904025 0
    outer loop
      vertex 7.46927 23.6955 10
      vertex 7.11441 23.5277 18
      vertex 7.46927 23.6955 18
    endloop
  endfacet
  facet normal -0.42748 0.904025 0
    outer loop
      vertex 7.11441 23.5277 18
      vertex 7.46927 23.6955 10
      vertex 7.11441 23.5277 10
    endloop
  endfacet
  facet normal -0.803201 -0.595708 0
    outer loop
      vertex 5.90796 3.46243 10
      vertex 5.67412 3.77772 18
      vertex 5.67412 3.77772 10
    endloop
  endfacet
  facet normal -0.803201 -0.595708 0
    outer loop
      vertex 5.67412 3.77772 18
      vertex 5.90796 3.46243 10
      vertex 5.90796 3.46243 18
    endloop
  endfacet
  facet normal -0.427542 -0.903995 0
    outer loop
      vertex 7.11441 2.47231 10
      vertex 7.46927 2.30448 18
      vertex 7.11441 2.47231 18
    endloop
  endfacet
  facet normal -0.427542 -0.903995 -0
    outer loop
      vertex 7.46927 2.30448 18
      vertex 7.11441 2.47231 10
      vertex 7.46927 2.30448 10
    endloop
  endfacet
  facet normal -0.514114 -0.857722 0
    outer loop
      vertex 6.77772 2.67412 10
      vertex 7.11441 2.47231 18
      vertex 6.77772 2.67412 18
    endloop
  endfacet
  facet normal -0.514114 -0.857722 -0
    outer loop
      vertex 7.11441 2.47231 18
      vertex 6.77772 2.67412 10
      vertex 7.11441 2.47231 10
    endloop
  endfacet
  facet normal -0.857722 -0.514114 0
    outer loop
      vertex 5.67412 3.77772 10
      vertex 5.47231 4.11441 18
      vertex 5.47231 4.11441 10
    endloop
  endfacet
  facet normal -0.857722 -0.514114 0
    outer loop
      vertex 5.47231 4.11441 18
      vertex 5.67412 3.77772 10
      vertex 5.67412 3.77772 18
    endloop
  endfacet
  facet normal -0.989176 -0.146737 0
    outer loop
      vertex 24.0769 5.21964 18
      vertex 24.0193 5.60793 38
      vertex 24.0193 5.60793 18
    endloop
  endfacet
  facet normal -0.989176 -0.146737 0
    outer loop
      vertex 24.0193 5.60793 38
      vertex 24.0769 5.21964 18
      vertex 24.0769 5.21964 38
    endloop
  endfacet
  facet normal -0.998791 -0.0491664 0
    outer loop
      vertex 24.0193 5.60793 18
      vertex 24 6 38
      vertex 24 6 18
    endloop
  endfacet
  facet normal -0.998791 -0.0491664 0
    outer loop
      vertex 24 6 38
      vertex 24.0193 5.60793 18
      vertex 24.0193 5.60793 38
    endloop
  endfacet
  facet normal 0 1 0
    outer loop
      vertex 34 10 38
      vertex 29 10 18
      vertex 28 10 38
    endloop
  endfacet
  facet normal 0 1 -0
    outer loop
      vertex 34 10 17
      vertex 29 10 18
      vertex 34 10 38
    endloop
  endfacet
  facet normal 0 1 0
    outer loop
      vertex 29 10 18
      vertex 34 10 17
      vertex 29 10 17
    endloop
  endfacet
  facet normal 0 1 0
    outer loop
      vertex 28 10 38
      vertex 29 10 18
      vertex 28 10 18
    endloop
  endfacet
  facet normal 0 1 0
    outer loop
      vertex 92 10 38
      vertex 89 10 16
      vertex 89 10 38
    endloop
  endfacet
  facet normal 0 1 0
    outer loop
      vertex 89 10 16
      vertex 84 10 11
      vertex 40 10 16
    endloop
  endfacet
  facet normal 0 1 -0
    outer loop
      vertex 92 10 10
      vertex 89 10 16
      vertex 92 10 38
    endloop
  endfacet
  facet normal 0 1 0
    outer loop
      vertex 92 10 10
      vertex 84 10 11
      vertex 89 10 16
    endloop
  endfacet
  facet normal 0 1 0
    outer loop
      vertex 84 10 11
      vertex 92 10 10
      vertex 84 10 10
    endloop
  endfacet
  facet normal 0 1 0
    outer loop
      vertex 40 10 16
      vertex 84 10 11
      vertex 40 10 11
    endloop
  endfacet
  facet normal 0 1 -0
    outer loop
      vertex 84 10 10
      vertex 40 10 11
      vertex 84 10 11
    endloop
  endfacet
  facet normal 0 1 -0
    outer loop
      vertex 84 10 0
      vertex 40 10 11
      vertex 84 10 10
    endloop
  endfacet
  facet normal 0 1 0
    outer loop
      vertex 40 10 11
      vertex 84 10 0
      vertex 28 10 0
    endloop
  endfacet
  facet normal 0 1 0
    outer loop
      vertex 40 10 11
      vertex 28 10 0
      vertex 28 10 11
    endloop
  endfacet
  facet normal -0.671621 -0.740895 0
    outer loop
      vertex 25.1716 3.17157 38
      vertex 25.4624 2.90796 21.572
      vertex 25.4624 2.90796 38
    endloop
  endfacet
  facet normal -0.672797 -0.739827 -3.79574e-05
    outer loop
      vertex 25.1716 3.17157 38
      vertex 25.4444 2.92433 21.5556
      vertex 25.4624 2.90796 21.572
    endloop
  endfacet
  facet normal -0.67153 -0.740977 3.51559e-07
    outer loop
      vertex 25.1716 3.17157 38
      vertex 25.2994 3.05574 21.3957
      vertex 25.4444 2.92433 21.5556
    endloop
  endfacet
  facet normal -0.671555 -0.740954 0
    outer loop
      vertex 25.2994 3.05574 21.3957
      vertex 25.1716 3.17157 38
      vertex 25.1716 3.17157 21.2233
    endloop
  endfacet
  facet normal -0.671555 -0.740954 0
    outer loop
      vertex 25.1716 3.17157 18
      vertex 25.2994 3.05574 18.6043
      vertex 25.1716 3.17157 18.7767
    endloop
  endfacet
  facet normal -0.671535 -0.740973 -7.89942e-06
    outer loop
      vertex 25.1716 3.17157 18
      vertex 25.4444 2.92433 18.4444
      vertex 25.2994 3.05574 18.6043
    endloop
  endfacet
  facet normal -0.672359 -0.740224 0.000914871
    outer loop
      vertex 25.1716 3.17157 18
      vertex 25.4624 2.90796 18.428
      vertex 25.4444 2.92433 18.4444
    endloop
  endfacet
  facet normal -0.671621 -0.740895 -0
    outer loop
      vertex 25.4624 2.90796 18.428
      vertex 25.1716 3.17157 18
      vertex 25.4624 2.90796 18
    endloop
  endfacet
  facet normal -0.514102 -0.857729 0
    outer loop
      vertex 25.7777 2.67412 38
      vertex 26.1144 2.47231 22.0119
      vertex 26.1144 2.47231 38
    endloop
  endfacet
  facet normal -0.51408 -0.857742 6.50406e-07
    outer loop
      vertex 25.7777 2.67412 38
      vertex 25.9629 2.56311 21.9402
      vertex 26.1144 2.47231 22.0119
    endloop
  endfacet
  facet normal -0.514053 -0.857758 1.06087e-06
    outer loop
      vertex 25.7777 2.67412 38
      vertex 25.7777 2.6741 21.8292
      vertex 25.9629 2.56311 21.9402
    endloop
  endfacet
  facet normal -1 0 0
    outer loop
      vertex 25.7777 2.6741 21.8292
      vertex 25.7777 2.67412 38
      vertex 25.7777 2.67412 21.8292
    endloop
  endfacet
  facet normal -1 0 0
    outer loop
      vertex 25.7777 2.67412 18
      vertex 25.7777 2.6741 18.1708
      vertex 25.7777 2.67412 18.1708
    endloop
  endfacet
  facet normal -0.514097 -0.857732 -0.000100437
    outer loop
      vertex 25.7777 2.67412 18
      vertex 25.9629 2.56311 18.0598
      vertex 25.7777 2.6741 18.1708
    endloop
  endfacet
  facet normal -0.514091 -0.857736 -0.000127231
    outer loop
      vertex 25.9629 2.56311 18.0598
      vertex 25.7777 2.67412 18
      vertex 26.0893 2.48736 18
    endloop
  endfacet
  facet normal 0.049061 0.998796 -0
    outer loop
      vertex 92.3921 9.98074 10
      vertex 92 10 38
      vertex 92.3921 9.98074 38
    endloop
  endfacet
  facet normal 0.049061 0.998796 0
    outer loop
      vertex 92 10 38
      vertex 92.3921 9.98074 10
      vertex 92 10 10
    endloop
  endfacet
  facet normal -0.941497 0.337022 0
    outer loop
      vertex 24.1722 7.16114 18
      vertex 24.3045 7.53073 38
      vertex 24.3045 7.53073 18
    endloop
  endfacet
  facet normal -0.941497 0.337022 0
    outer loop
      vertex 24.3045 7.53073 38
      vertex 24.1722 7.16114 18
      vertex 24.1722 7.16114 38
    endloop
  endfacet
  facet normal -0.146733 -0.989176 0
    outer loop
      vertex 27.2196 2.07686 22.1888
      vertex 27.6079 2.01926 38
      vertex 27.2196 2.07686 38
    endloop
  endfacet
  facet normal -0.146725 -0.989177 -2.12045e-07
    outer loop
      vertex 27.4292 2.04577 22.1577
      vertex 27.6079 2.01926 38
      vertex 27.2196 2.07686 22.1888
    endloop
  endfacet
  facet normal -0.146743 -0.989175 -0
    outer loop
      vertex 27.6079 2.01926 38
      vertex 27.4292 2.04577 22.1577
      vertex 27.6079 2.01926 22.113
    endloop
  endfacet
  facet normal -0.146733 -0.989176 0
    outer loop
      vertex 27.6079 2.01926 10
      vertex 27.2196 2.07686 17.8112
      vertex 27.2196 2.07686 10
    endloop
  endfacet
  facet normal -0.146725 -0.989177 4.27625e-07
    outer loop
      vertex 27.2196 2.07686 17.8112
      vertex 27.6079 2.01926 10
      vertex 27.4292 2.04577 17.8423
    endloop
  endfacet
  facet normal -0.146743 -0.989175 0
    outer loop
      vertex 27.4292 2.04577 17.8423
      vertex 27.6079 2.01926 10
      vertex 27.6079 2.01926 17.887
    endloop
  endfacet
  facet normal -0.857733 -0.514095 0
    outer loop
      vertex 24.6741 3.77772 18
      vertex 24.4723 4.11441 38
      vertex 24.4723 4.11441 18
    endloop
  endfacet
  facet normal -0.857733 -0.514095 0
    outer loop
      vertex 24.4723 4.11441 38
      vertex 24.6741 3.77772 18
      vertex 24.6741 3.77772 38
    endloop
  endfacet
  facet normal -0.998791 0.0491664 0
    outer loop
      vertex 24 6 18
      vertex 24.0193 6.39207 38
      vertex 24.0193 6.39207 18
    endloop
  endfacet
  facet normal -0.998791 0.0491664 0
    outer loop
      vertex 24.0193 6.39207 38
      vertex 24 6 18
      vertex 24 6 38
    endloop
  endfacet
  facet normal 0.904025 -0.42748 0
    outer loop
      vertex 95.5277 4.11441 38
      vertex 95.6955 4.46927 10
      vertex 95.6955 4.46927 38
    endloop
  endfacet
  facet normal 0.904025 -0.42748 0
    outer loop
      vertex 95.6955 4.46927 10
      vertex 95.5277 4.11441 38
      vertex 95.5277 4.11441 10
    endloop
  endfacet
  facet normal -0.97008 0.242787 0
    outer loop
      vertex 24.0769 6.78036 18
      vertex 24.1722 7.16114 38
      vertex 24.1722 7.16114 18
    endloop
  endfacet
  facet normal -0.97008 0.242787 0
    outer loop
      vertex 24.1722 7.16114 38
      vertex 24.0769 6.78036 18
      vertex 24.0769 6.78036 38
    endloop
  endfacet
  facet normal 0.998791 -0.0491664 0
    outer loop
      vertex 95.9807 5.60793 38
      vertex 96 6 10
      vertex 96 6 38
    endloop
  endfacet
  facet normal 0.998791 -0.0491664 0
    outer loop
      vertex 96 6 10
      vertex 95.9807 5.60793 38
      vertex 95.9807 5.60793 10
    endloop
  endfacet
  facet normal 0.989176 -0.146737 0
    outer loop
      vertex 95.9231 5.21964 38
      vertex 95.9807 5.60793 10
      vertex 95.9807 5.60793 38
    endloop
  endfacet
  facet normal 0.989176 -0.146737 0
    outer loop
      vertex 95.9807 5.60793 10
      vertex 95.9231 5.21964 38
      vertex 95.9231 5.21964 10
    endloop
  endfacet
  facet normal -0.803128 0.595806 0
    outer loop
      vertex 24.6741 8.22228 18
      vertex 24.908 8.53757 38
      vertex 24.908 8.53757 18
    endloop
  endfacet
  facet normal -0.803128 0.595806 0
    outer loop
      vertex 24.908 8.53757 38
      vertex 24.6741 8.22228 18
      vertex 24.6741 8.22228 38
    endloop
  endfacet
  facet normal 0.049061 -0.998796 0
    outer loop
      vertex 92 2 10
      vertex 92.3921 2.01926 38
      vertex 92 2 38
    endloop
  endfacet
  facet normal 0.049061 -0.998796 0
    outer loop
      vertex 92.3921 2.01926 38
      vertex 92 2 10
      vertex 92.3921 2.01926 10
    endloop
  endfacet
  facet normal 0 -1 0
    outer loop
      vertex 28.0371 2 21.9402
      vertex 28 2 38
      vertex 28 2 21.9578
    endloop
  endfacet
  facet normal 0 -1 0
    outer loop
      vertex 28.2223 2 21.8292
      vertex 28 2 38
      vertex 28.0371 2 21.9402
    endloop
  endfacet
  facet normal 0 -1 0
    outer loop
      vertex 28.3957 2 21.7006
      vertex 28 2 38
      vertex 28.2223 2 21.8292
    endloop
  endfacet
  facet normal 0 -1 0
    outer loop
      vertex 28.5556 2 21.5556
      vertex 28 2 38
      vertex 28.3957 2 21.7006
    endloop
  endfacet
  facet normal 0 -1 0
    outer loop
      vertex 28.7006 2 21.3957
      vertex 28 2 38
      vertex 28.5556 2 21.5556
    endloop
  endfacet
  facet normal 0 -1 0
    outer loop
      vertex 28.8292 2 21.2223
      vertex 28 2 38
      vertex 28.7006 2 21.3957
    endloop
  endfacet
  facet normal 0 -1 0
    outer loop
      vertex 28.9402 2 21.0371
      vertex 28 2 38
      vertex 28.8292 2 21.2223
    endloop
  endfacet
  facet normal 0 -1 0
    outer loop
      vertex 29.0325 2 20.8419
      vertex 28 2 38
      vertex 28.9402 2 21.0371
    endloop
  endfacet
  facet normal 0 -1 0
    outer loop
      vertex 29.1053 2 20.6386
      vertex 28 2 38
      vertex 29.0325 2 20.8419
    endloop
  endfacet
  facet normal 0 -1 0
    outer loop
      vertex 28 2 38
      vertex 29.1053 2 20.6386
      vertex 92 2 38
    endloop
  endfacet
  facet normal 0 -1 0
    outer loop
      vertex 29.1577 2 20.4292
      vertex 92 2 38
      vertex 29.1053 2 20.6386
    endloop
  endfacet
  facet normal 0 -1 0
    outer loop
      vertex 29.1894 2 20.2156
      vertex 92 2 38
      vertex 29.1577 2 20.4292
    endloop
  endfacet
  facet normal 0 -1 0
    outer loop
      vertex 92 2 10
      vertex 29.1894 2 20.2156
      vertex 29.2 2 20
    endloop
  endfacet
  facet normal 0 -1 0
    outer loop
      vertex 92 2 10
      vertex 29.2 2 20
      vertex 29.1894 2 19.7844
    endloop
  endfacet
  facet normal 0 -1 0
    outer loop
      vertex 92 2 10
      vertex 29.1894 2 19.7844
      vertex 29.1577 2 19.5708
    endloop
  endfacet
  facet normal 0 -1 0
    outer loop
      vertex 92 2 10
      vertex 29.1577 2 19.5708
      vertex 29.1053 2 19.3614
    endloop
  endfacet
  facet normal 0 -1 0
    outer loop
      vertex 28 2 10
      vertex 29.1053 2 19.3614
      vertex 29.0325 2 19.1581
    endloop
  endfacet
  facet normal 0 -1 0
    outer loop
      vertex 28 2 10
      vertex 29.0325 2 19.1581
      vertex 28.9402 2 18.9629
    endloop
  endfacet
  facet normal 0 -1 0
    outer loop
      vertex 28 2 10
      vertex 28.9402 2 18.9629
      vertex 28.8292 2 18.7777
    endloop
  endfacet
  facet normal 0 -1 0
    outer loop
      vertex 28 2 10
      vertex 28.8292 2 18.7777
      vertex 28.7006 2 18.6043
    endloop
  endfacet
  facet normal 0 -1 0
    outer loop
      vertex 28 2 10
      vertex 28.7006 2 18.6043
      vertex 28.5556 2 18.4444
    endloop
  endfacet
  facet normal 0 -1 0
    outer loop
      vertex 28 2 10
      vertex 28.5556 2 18.4444
      vertex 28.3957 2 18.2994
    endloop
  endfacet
  facet normal 0 -1 0
    outer loop
      vertex 28 2 10
      vertex 28.3957 2 18.2994
      vertex 28.2223 2 18.1708
    endloop
  endfacet
  facet normal 0 -1 0
    outer loop
      vertex 28 2 10
      vertex 28.2223 2 18.1708
      vertex 28.0371 2 18.0598
    endloop
  endfacet
  facet normal 0 -1 0
    outer loop
      vertex 28 2 10
      vertex 28.0371 2 18.0598
      vertex 28 2 18.0422
    endloop
  endfacet
  facet normal 0 -1 -0
    outer loop
      vertex 29.1053 2 19.3614
      vertex 28 2 10
      vertex 92 2 10
    endloop
  endfacet
  facet normal 0 -1 0
    outer loop
      vertex 29.1894 2 20.2156
      vertex 92 2 10
      vertex 92 2 38
    endloop
  endfacet
  facet normal 0.97008 -0.242787 0
    outer loop
      vertex 95.8278 4.83886 38
      vertex 95.9231 5.21964 10
      vertex 95.9231 5.21964 38
    endloop
  endfacet
  facet normal 0.97008 -0.242787 0
    outer loop
      vertex 95.9231 5.21964 10
      vertex 95.8278 4.83886 38
      vertex 95.8278 4.83886 10
    endloop
  endfacet
  facet normal -0.803163 -0.595759 0
    outer loop
      vertex 24.6741 3.77772 18
      vertex 24.8 3.60799 20
      vertex 24.6741 3.77772 38
    endloop
  endfacet
  facet normal -0.803074 -0.59588 -1.5851e-05
    outer loop
      vertex 24.6741 3.77772 18
      vertex 24.8106 3.59371 19.7844
      vertex 24.8 3.60799 20
    endloop
  endfacet
  facet normal -0.803088 -0.595861 -1.27692e-05
    outer loop
      vertex 24.6741 3.77772 18
      vertex 24.8423 3.55099 19.5708
      vertex 24.8106 3.59371 19.7844
    endloop
  endfacet
  facet normal -0.803401 -0.595438 8.17384e-05
    outer loop
      vertex 24.6741 3.77772 18
      vertex 24.8947 3.48026 19.3614
      vertex 24.8423 3.55099 19.5708
    endloop
  endfacet
  facet normal -0.803128 -0.595806 -0
    outer loop
      vertex 24.908 3.46243 19.3244
      vertex 24.6741 3.77772 18
      vertex 24.908 3.46243 18
    endloop
  endfacet
  facet normal -0.80208 -0.597217 -0.000521082
    outer loop
      vertex 24.6741 3.77772 18
      vertex 24.908 3.46243 19.3244
      vertex 24.8947 3.48026 19.3614
    endloop
  endfacet
  facet normal -0.802985 -0.596 3.51676e-06
    outer loop
      vertex 24.8106 3.59371 20.2156
      vertex 24.6741 3.77772 38
      vertex 24.8 3.60799 20
    endloop
  endfacet
  facet normal -0.803062 -0.595896 1.84621e-06
    outer loop
      vertex 24.8423 3.55099 20.4292
      vertex 24.6741 3.77772 38
      vertex 24.8106 3.59371 20.2156
    endloop
  endfacet
  facet normal -0.803503 -0.595301 -1.00474e-05
    outer loop
      vertex 24.8947 3.48026 20.6386
      vertex 24.6741 3.77772 38
      vertex 24.8423 3.55099 20.4292
    endloop
  endfacet
  facet normal -0.801619 -0.597836 5.73157e-05
    outer loop
      vertex 24.908 3.46243 20.6756
      vertex 24.6741 3.77772 38
      vertex 24.8947 3.48026 20.6386
    endloop
  endfacet
  facet normal -0.803128 -0.595806 0
    outer loop
      vertex 24.6741 3.77772 38
      vertex 24.908 3.46243 20.6756
      vertex 24.908 3.46243 38
    endloop
  endfacet
  facet normal -0.243027 -0.970019 -1.07403e-07
    outer loop
      vertex 26.8389 2.17224 38
      vertex 27 2.13188 22.2
      vertex 27.2196 2.07686 38
    endloop
  endfacet
  facet normal -0.243017 -0.970022 0
    outer loop
      vertex 27 2.13188 22.2
      vertex 26.8389 2.17224 38
      vertex 26.8389 2.17224 22.1921
    endloop
  endfacet
  facet normal -0.243044 -0.970015 1.3659e-07
    outer loop
      vertex 27.2156 2.07786 22.1894
      vertex 27.2196 2.07686 38
      vertex 27 2.13188 22.2
    endloop
  endfacet
  facet normal -0.242536 -0.970143 -0
    outer loop
      vertex 27.2196 2.07686 38
      vertex 27.2156 2.07786 22.1894
      vertex 27.2196 2.07686 22.1888
    endloop
  endfacet
  facet normal -0.243017 -0.970022 -0
    outer loop
      vertex 26.8389 2.17224 17.8079
      vertex 26.8389 2.17224 10
      vertex 27 2.13188 17.8
    endloop
  endfacet
  facet normal -0.243027 -0.970019 2.17559e-07
    outer loop
      vertex 27.2196 2.07686 10
      vertex 27 2.13188 17.8
      vertex 26.8389 2.17224 10
    endloop
  endfacet
  facet normal -0.243044 -0.970015 -2.76488e-07
    outer loop
      vertex 27 2.13188 17.8
      vertex 27.2196 2.07686 10
      vertex 27.2156 2.07786 17.8106
    endloop
  endfacet
  facet normal -0.242536 -0.970143 0
    outer loop
      vertex 27.2156 2.07786 17.8106
      vertex 27.2196 2.07686 10
      vertex 27.2196 2.07686 17.8112
    endloop
  endfacet
  facet normal 0.989176 0.146737 0
    outer loop
      vertex 95.9807 6.39207 38
      vertex 95.9231 6.78036 10
      vertex 95.9231 6.78036 38
    endloop
  endfacet
  facet normal 0.989176 0.146737 0
    outer loop
      vertex 95.9231 6.78036 10
      vertex 95.9807 6.39207 38
      vertex 95.9807 6.39207 10
    endloop
  endfacet
  facet normal -0.427523 0.904004 0
    outer loop
      vertex 26.4693 9.69552 18
      vertex 26.1144 9.52768 38
      vertex 26.4693 9.69552 38
    endloop
  endfacet
  facet normal -0.427523 0.904004 0
    outer loop
      vertex 26.1144 9.52768 38
      vertex 26.4693 9.69552 18
      vertex 26.1144 9.52768 18
    endloop
  endfacet
  facet normal 0.803128 -0.595806 0
    outer loop
      vertex 95.092 3.46243 38
      vertex 95.3259 3.77772 10
      vertex 95.3259 3.77772 38
    endloop
  endfacet
  facet normal 0.803128 -0.595806 0
    outer loop
      vertex 95.3259 3.77772 10
      vertex 95.092 3.46243 38
      vertex 95.092 3.46243 10
    endloop
  endfacet
  facet normal 0.97008 0.242787 0
    outer loop
      vertex 95.9231 6.78036 38
      vertex 95.8278 7.16114 10
      vertex 95.8278 7.16114 38
    endloop
  endfacet
  facet normal 0.97008 0.242787 0
    outer loop
      vertex 95.8278 7.16114 10
      vertex 95.9231 6.78036 38
      vertex 95.9231 6.78036 10
    endloop
  endfacet
  facet normal -0.336879 0.941548 0
    outer loop
      vertex 26.8389 9.82776 18
      vertex 26.4693 9.69552 38
      vertex 26.8389 9.82776 38
    endloop
  endfacet
  facet normal -0.336879 0.941548 0
    outer loop
      vertex 26.4693 9.69552 38
      vertex 26.8389 9.82776 18
      vertex 26.4693 9.69552 18
    endloop
  endfacet
  facet normal -0.740977 0.671531 0
    outer loop
      vertex 24.908 8.53757 18
      vertex 25.1716 8.82843 38
      vertex 25.1716 8.82843 18
    endloop
  endfacet
  facet normal -0.740977 0.671531 0
    outer loop
      vertex 25.1716 8.82843 38
      vertex 24.908 8.53757 18
      vertex 24.908 8.53757 38
    endloop
  endfacet
  facet normal -0.857733 0.514095 0
    outer loop
      vertex 24.4723 7.88559 18
      vertex 24.6741 8.22228 38
      vertex 24.6741 8.22228 18
    endloop
  endfacet
  facet normal -0.857733 0.514095 0
    outer loop
      vertex 24.6741 8.22228 38
      vertex 24.4723 7.88559 18
      vertex 24.4723 7.88559 38
    endloop
  endfacet
  facet normal 0.146733 0.989176 -0
    outer loop
      vertex 92.7804 9.92314 10
      vertex 92.3921 9.98074 38
      vertex 92.7804 9.92314 38
    endloop
  endfacet
  facet normal 0.146733 0.989176 0
    outer loop
      vertex 92.3921 9.98074 38
      vertex 92.7804 9.92314 10
      vertex 92.3921 9.98074 10
    endloop
  endfacet
  facet normal 0.671621 -0.740895 0
    outer loop
      vertex 94.5376 2.90796 10
      vertex 94.8284 3.17157 38
      vertex 94.5376 2.90796 38
    endloop
  endfacet
  facet normal 0.671621 -0.740895 0
    outer loop
      vertex 94.8284 3.17157 38
      vertex 94.5376 2.90796 10
      vertex 94.8284 3.17157 10
    endloop
  endfacet
  facet normal 0.146733 -0.989176 0
    outer loop
      vertex 92.3921 2.01926 10
      vertex 92.7804 2.07686 38
      vertex 92.3921 2.01926 38
    endloop
  endfacet
  facet normal 0.146733 -0.989176 0
    outer loop
      vertex 92.7804 2.07686 38
      vertex 92.3921 2.01926 10
      vertex 92.7804 2.07686 10
    endloop
  endfacet
  facet normal 0.595695 -0.80321 0
    outer loop
      vertex 94.2223 2.67412 10
      vertex 94.5376 2.90796 38
      vertex 94.2223 2.67412 38
    endloop
  endfacet
  facet normal 0.595695 -0.80321 0
    outer loop
      vertex 94.5376 2.90796 38
      vertex 94.2223 2.67412 10
      vertex 94.5376 2.90796 10
    endloop
  endfacet
  facet normal -0.049061 0.998796 0
    outer loop
      vertex 28 10 18
      vertex 27.6079 9.98074 38
      vertex 28 10 38
    endloop
  endfacet
  facet normal -0.049061 0.998796 0
    outer loop
      vertex 27.6079 9.98074 38
      vertex 28 10 18
      vertex 27.6079 9.98074 18
    endloop
  endfacet
  facet normal -0.146733 0.989176 0
    outer loop
      vertex 27.6079 9.98074 18
      vertex 27.2196 9.92314 38
      vertex 27.6079 9.98074 38
    endloop
  endfacet
  facet normal -0.146733 0.989176 0
    outer loop
      vertex 27.2196 9.92314 38
      vertex 27.6079 9.98074 18
      vertex 27.2196 9.92314 18
    endloop
  endfacet
  facet normal 0.941497 0.337022 0
    outer loop
      vertex 95.8278 7.16114 38
      vertex 95.6955 7.53073 10
      vertex 95.6955 7.53073 38
    endloop
  endfacet
  facet normal 0.941497 0.337022 0
    outer loop
      vertex 95.6955 7.53073 10
      vertex 95.8278 7.16114 38
      vertex 95.8278 7.16114 10
    endloop
  endfacet
  facet normal -0.989176 0.146737 0
    outer loop
      vertex 24.0193 6.39207 18
      vertex 24.0769 6.78036 38
      vertex 24.0769 6.78036 18
    endloop
  endfacet
  facet normal -0.989176 0.146737 0
    outer loop
      vertex 24.0769 6.78036 38
      vertex 24.0193 6.39207 18
      vertex 24.0193 6.39207 38
    endloop
  endfacet
  facet normal -0.514084 0.85774 0
    outer loop
      vertex 26.1144 9.52768 18
      vertex 25.7777 9.32588 38
      vertex 26.1144 9.52768 38
    endloop
  endfacet
  facet normal -0.514084 0.85774 0
    outer loop
      vertex 25.7777 9.32588 38
      vertex 26.1144 9.52768 18
      vertex 25.7777 9.32588 18
    endloop
  endfacet
  facet normal 0.857733 0.514095 0
    outer loop
      vertex 95.5277 7.88559 38
      vertex 95.3259 8.22228 10
      vertex 95.3259 8.22228 38
    endloop
  endfacet
  facet normal 0.857733 0.514095 0
    outer loop
      vertex 95.3259 8.22228 10
      vertex 95.5277 7.88559 38
      vertex 95.5277 7.88559 10
    endloop
  endfacet
  facet normal 0.514102 -0.857729 0
    outer loop
      vertex 93.8856 2.47231 10
      vertex 94.2223 2.67412 38
      vertex 93.8856 2.47231 38
    endloop
  endfacet
  facet normal 0.514102 -0.857729 0
    outer loop
      vertex 94.2223 2.67412 38
      vertex 93.8856 2.47231 10
      vertex 94.2223 2.67412 10
    endloop
  endfacet
  facet normal 0.336879 0.941548 -0
    outer loop
      vertex 93.5307 9.69552 10
      vertex 93.1611 9.82776 38
      vertex 93.5307 9.69552 38
    endloop
  endfacet
  facet normal 0.336879 0.941548 0
    outer loop
      vertex 93.1611 9.82776 38
      vertex 93.5307 9.69552 10
      vertex 93.1611 9.82776 10
    endloop
  endfacet
  facet normal 0.857733 -0.514095 0
    outer loop
      vertex 95.3259 3.77772 38
      vertex 95.5277 4.11441 10
      vertex 95.5277 4.11441 38
    endloop
  endfacet
  facet normal 0.857733 -0.514095 0
    outer loop
      vertex 95.5277 4.11441 10
      vertex 95.3259 3.77772 38
      vertex 95.3259 3.77772 10
    endloop
  endfacet
  facet normal -0.336879 -0.941548 0
    outer loop
      vertex 26.4693 2.30448 38
      vertex 26.8389 2.17224 22.1921
      vertex 26.8389 2.17224 38
    endloop
  endfacet
  facet normal -0.336884 -0.941546 -1.30993e-07
    outer loop
      vertex 26.4693 2.30448 38
      vertex 26.7844 2.19174 22.1894
      vertex 26.8389 2.17224 22.1921
    endloop
  endfacet
  facet normal -0.336822 -0.941568 1.24342e-06
    outer loop
      vertex 26.4693 2.30448 38
      vertex 26.5708 2.26815 22.1577
      vertex 26.7844 2.19174 22.1894
    endloop
  endfacet
  facet normal -0.336994 -0.941507 0
    outer loop
      vertex 26.5708 2.26815 22.1577
      vertex 26.4693 2.30448 38
      vertex 26.4693 2.30448 22.1323
    endloop
  endfacet
  facet normal -0.336859 -0.941555 0
    outer loop
      vertex 26.5 2.29348 10
      vertex 26.5708 2.26815 17.8423
      vertex 26.5 2.29348 17.86
    endloop
  endfacet
  facet normal -0.336822 -0.941568 -3.70484e-07
    outer loop
      vertex 26.5 2.29348 10
      vertex 26.7844 2.19174 17.8106
      vertex 26.5708 2.26815 17.8423
    endloop
  endfacet
  facet normal -0.336883 -0.941546 2.14166e-06
    outer loop
      vertex 26.5 2.29348 10
      vertex 26.8389 2.17224 17.8079
      vertex 26.7844 2.19174 17.8106
    endloop
  endfacet
  facet normal -0.33684 -0.941562 -0
    outer loop
      vertex 26.8389 2.17224 17.8079
      vertex 26.5 2.29348 10
      vertex 26.8389 2.17224 10
    endloop
  endfacet
  facet normal -0.595695 0.80321 0
    outer loop
      vertex 25.7777 9.32588 18
      vertex 25.4624 9.09204 38
      vertex 25.7777 9.32588 38
    endloop
  endfacet
  facet normal -0.595695 0.80321 0
    outer loop
      vertex 25.4624 9.09204 38
      vertex 25.7777 9.32588 18
      vertex 25.4624 9.09204 18
    endloop
  endfacet
  facet normal 0.740977 -0.671531 0
    outer loop
      vertex 94.8284 3.17157 38
      vertex 95.092 3.46243 10
      vertex 95.092 3.46243 38
    endloop
  endfacet
  facet normal 0.740977 -0.671531 0
    outer loop
      vertex 95.092 3.46243 10
      vertex 94.8284 3.17157 38
      vertex 94.8284 3.17157 10
    endloop
  endfacet
  facet normal -0.671621 0.740895 0
    outer loop
      vertex 25.4624 9.09204 18
      vertex 25.1716 8.82843 38
      vertex 25.4624 9.09204 38
    endloop
  endfacet
  facet normal -0.671621 0.740895 0
    outer loop
      vertex 25.1716 8.82843 38
      vertex 25.4624 9.09204 18
      vertex 25.1716 8.82843 18
    endloop
  endfacet
  facet normal 0.514084 0.85774 -0
    outer loop
      vertex 94.2223 9.32588 10
      vertex 93.8856 9.52768 38
      vertex 94.2223 9.32588 38
    endloop
  endfacet
  facet normal 0.514084 0.85774 0
    outer loop
      vertex 93.8856 9.52768 38
      vertex 94.2223 9.32588 10
      vertex 93.8856 9.52768 10
    endloop
  endfacet
  facet normal 0.904025 0.42748 0
    outer loop
      vertex 95.6955 7.53073 38
      vertex 95.5277 7.88559 10
      vertex 95.5277 7.88559 38
    endloop
  endfacet
  facet normal 0.904025 0.42748 0
    outer loop
      vertex 95.5277 7.88559 10
      vertex 95.6955 7.53073 38
      vertex 95.6955 7.53073 10
    endloop
  endfacet
  facet normal 0.427523 0.904004 -0
    outer loop
      vertex 93.8856 9.52768 10
      vertex 93.5307 9.69552 38
      vertex 93.8856 9.52768 38
    endloop
  endfacet
  facet normal 0.427523 0.904004 0
    outer loop
      vertex 93.5307 9.69552 38
      vertex 93.8856 9.52768 10
      vertex 93.5307 9.69552 10
    endloop
  endfacet
  facet normal -0.243027 0.970019 0
    outer loop
      vertex 27.2196 9.92314 18
      vertex 26.8389 9.82776 38
      vertex 27.2196 9.92314 38
    endloop
  endfacet
  facet normal -0.243027 0.970019 0
    outer loop
      vertex 26.8389 9.82776 38
      vertex 27.2196 9.92314 18
      vertex 26.8389 9.82776 18
    endloop
  endfacet
  facet normal 0.740977 0.671531 0
    outer loop
      vertex 95.092 8.53757 38
      vertex 94.8284 8.82843 10
      vertex 94.8284 8.82843 38
    endloop
  endfacet
  facet normal 0.740977 0.671531 0
    outer loop
      vertex 94.8284 8.82843 10
      vertex 95.092 8.53757 38
      vertex 95.092 8.53757 10
    endloop
  endfacet
  facet normal 0.595695 0.80321 -0
    outer loop
      vertex 94.5376 9.09204 10
      vertex 94.2223 9.32588 38
      vertex 94.5376 9.09204 38
    endloop
  endfacet
  facet normal 0.595695 0.80321 0
    outer loop
      vertex 94.2223 9.32588 38
      vertex 94.5376 9.09204 10
      vertex 94.2223 9.32588 10
    endloop
  endfacet
  facet normal -0.904025 0.42748 0
    outer loop
      vertex 24.3045 7.53073 18
      vertex 24.4723 7.88559 38
      vertex 24.4723 7.88559 18
    endloop
  endfacet
  facet normal -0.904025 0.42748 0
    outer loop
      vertex 24.4723 7.88559 38
      vertex 24.3045 7.53073 18
      vertex 24.3045 7.53073 38
    endloop
  endfacet
  facet normal 0.998791 0.0491664 0
    outer loop
      vertex 96 6 38
      vertex 95.9807 6.39207 10
      vertex 95.9807 6.39207 38
    endloop
  endfacet
  facet normal 0.998791 0.0491664 0
    outer loop
      vertex 95.9807 6.39207 10
      vertex 96 6 38
      vertex 96 6 10
    endloop
  endfacet
  facet normal 0.671621 0.740895 -0
    outer loop
      vertex 94.8284 8.82843 10
      vertex 94.5376 9.09204 38
      vertex 94.8284 8.82843 38
    endloop
  endfacet
  facet normal 0.671621 0.740895 0
    outer loop
      vertex 94.5376 9.09204 38
      vertex 94.8284 8.82843 10
      vertex 94.5376 9.09204 10
    endloop
  endfacet
  facet normal -0.741012 -0.671492 0
    outer loop
      vertex 24.9675 3.39677 20.8419
      vertex 24.908 3.46243 38
      vertex 24.908 3.46243 20.6756
    endloop
  endfacet
  facet normal -0.740993 -0.671513 1.44379e-07
    outer loop
      vertex 25.0598 3.29492 21.0371
      vertex 24.908 3.46243 38
      vertex 24.9675 3.39677 20.8419
    endloop
  endfacet
  facet normal -0.740926 -0.671587 1.46969e-06
    outer loop
      vertex 25.1708 3.17246 21.2223
      vertex 24.908 3.46243 38
      vertex 25.0598 3.29492 21.0371
    endloop
  endfacet
  facet normal -0.743657 -0.668561 -9.36037e-05
    outer loop
      vertex 25.1716 3.17157 21.2233
      vertex 24.908 3.46243 38
      vertex 25.1708 3.17246 21.2223
    endloop
  endfacet
  facet normal -0.740977 -0.671531 0
    outer loop
      vertex 24.908 3.46243 38
      vertex 25.1716 3.17157 21.2233
      vertex 25.1716 3.17157 38
    endloop
  endfacet
  facet normal -0.741012 -0.671492 0
    outer loop
      vertex 24.908 3.46243 18
      vertex 24.9675 3.39677 19.1581
      vertex 24.908 3.46243 19.3244
    endloop
  endfacet
  facet normal -0.740994 -0.671511 -1.94358e-06
    outer loop
      vertex 24.908 3.46243 18
      vertex 25.0598 3.29492 18.9629
      vertex 24.9675 3.39677 19.1581
    endloop
  endfacet
  facet normal -0.740941 -0.671571 -2.08045e-05
    outer loop
      vertex 24.908 3.46243 18
      vertex 25.1708 3.17246 18.7777
      vertex 25.0598 3.29492 18.9629
    endloop
  endfacet
  facet normal -0.740977 -0.671531 -0
    outer loop
      vertex 25.1716 3.17157 18.7767
      vertex 24.908 3.46243 18
      vertex 25.1716 3.17157 18
    endloop
  endfacet
  facet normal -0.742899 -0.669402 0.0014493
    outer loop
      vertex 24.908 3.46243 18
      vertex 25.1716 3.17157 18.7767
      vertex 25.1708 3.17246 18.7777
    endloop
  endfacet
  facet normal -0.049061 -0.998796 0
    outer loop
      vertex 27.6079 2.01926 22.113
      vertex 28 2 38
      vertex 27.6079 2.01926 38
    endloop
  endfacet
  facet normal -0.0491259 -0.998793 1.6058e-06
    outer loop
      vertex 27.6386 2.01775 22.1053
      vertex 28 2 38
      vertex 27.6079 2.01926 22.113
    endloop
  endfacet
  facet normal -0.0490312 -0.998797 -5.52792e-07
    outer loop
      vertex 27.8419 2.00777 22.0325
      vertex 28 2 38
      vertex 27.6386 2.01775 22.1053
    endloop
  endfacet
  facet normal -0.0490869 -0.998795 -0
    outer loop
      vertex 28 2 38
      vertex 27.8419 2.00777 22.0325
      vertex 28 2 21.9578
    endloop
  endfacet
  facet normal -0.049061 -0.998796 0
    outer loop
      vertex 28 2 10
      vertex 27.6079 2.01926 17.887
      vertex 27.6079 2.01926 10
    endloop
  endfacet
  facet normal -0.0491255 -0.998793 -3.21455e-06
    outer loop
      vertex 27.6079 2.01926 17.887
      vertex 28 2 10
      vertex 27.6386 2.01775 17.8947
    endloop
  endfacet
  facet normal -0.0490314 -0.998797 1.10392e-06
    outer loop
      vertex 27.6386 2.01775 17.8947
      vertex 28 2 10
      vertex 27.8419 2.00777 17.9675
    endloop
  endfacet
  facet normal -0.0490869 -0.998795 0
    outer loop
      vertex 27.8419 2.00777 17.9675
      vertex 28 2 10
      vertex 28 2 18.0422
    endloop
  endfacet
  facet normal 0.941497 -0.337022 0
    outer loop
      vertex 95.6955 4.46927 38
      vertex 95.8278 4.83886 10
      vertex 95.8278 4.83886 38
    endloop
  endfacet
  facet normal 0.941497 -0.337022 0
    outer loop
      vertex 95.8278 4.83886 10
      vertex 95.6955 4.46927 38
      vertex 95.6955 4.46927 10
    endloop
  endfacet
  facet normal -0.97008 -0.242787 0
    outer loop
      vertex 24.1722 4.83886 18
      vertex 24.0769 5.21964 38
      vertex 24.0769 5.21964 18
    endloop
  endfacet
  facet normal -0.97008 -0.242787 0
    outer loop
      vertex 24.0769 5.21964 38
      vertex 24.1722 4.83886 18
      vertex 24.1722 4.83886 38
    endloop
  endfacet
  facet normal 0.243027 -0.970019 0
    outer loop
      vertex 92.7804 2.07686 10
      vertex 93.1611 2.17224 38
      vertex 92.7804 2.07686 38
    endloop
  endfacet
  facet normal 0.243027 -0.970019 0
    outer loop
      vertex 93.1611 2.17224 38
      vertex 92.7804 2.07686 10
      vertex 93.1611 2.17224 10
    endloop
  endfacet
  facet normal 0.336879 -0.941548 0
    outer loop
      vertex 93.1611 2.17224 10
      vertex 93.5307 2.30448 38
      vertex 93.1611 2.17224 38
    endloop
  endfacet
  facet normal 0.336879 -0.941548 0
    outer loop
      vertex 93.5307 2.30448 38
      vertex 93.1611 2.17224 10
      vertex 93.5307 2.30448 10
    endloop
  endfacet
  facet normal 0.427503 -0.904014 0
    outer loop
      vertex 93.5307 2.30448 10
      vertex 93.8856 2.47231 38
      vertex 93.5307 2.30448 38
    endloop
  endfacet
  facet normal 0.427503 -0.904014 0
    outer loop
      vertex 93.8856 2.47231 38
      vertex 93.5307 2.30448 10
      vertex 93.8856 2.47231 10
    endloop
  endfacet
  facet normal -0.595695 -0.80321 0
    outer loop
      vertex 25.4624 2.90796 38
      vertex 25.7777 2.67412 21.8292
      vertex 25.7777 2.67412 38
    endloop
  endfacet
  facet normal -0.595663 -0.803234 9.68264e-07
    outer loop
      vertex 25.4624 2.90796 38
      vertex 25.6043 2.80271 21.7006
      vertex 25.7777 2.67412 21.8292
    endloop
  endfacet
  facet normal -0.595735 -0.803181 0
    outer loop
      vertex 25.6043 2.80271 21.7006
      vertex 25.4624 2.90796 38
      vertex 25.4624 2.90796 21.572
    endloop
  endfacet
  facet normal -0.595735 -0.803181 0
    outer loop
      vertex 25.4624 2.90796 18
      vertex 25.6043 2.80271 18.2994
      vertex 25.4624 2.90796 18.428
    endloop
  endfacet
  facet normal -0.595682 -0.803221 -3.92542e-05
    outer loop
      vertex 25.4624 2.90796 18
      vertex 25.7777 2.67412 18.1708
      vertex 25.6043 2.80271 18.2994
    endloop
  endfacet
  facet normal -0.595695 -0.80321 -0
    outer loop
      vertex 25.7777 2.67412 18.1708
      vertex 25.4624 2.90796 18
      vertex 25.7777 2.67412 18
    endloop
  endfacet
  facet normal 0.803128 0.595806 0
    outer loop
      vertex 95.3259 8.22228 38
      vertex 95.092 8.53757 10
      vertex 95.092 8.53757 38
    endloop
  endfacet
  facet normal 0.803128 0.595806 0
    outer loop
      vertex 95.092 8.53757 10
      vertex 95.3259 8.22228 38
      vertex 95.3259 8.22228 10
    endloop
  endfacet
  facet normal 0.243027 0.970019 -0
    outer loop
      vertex 93.1611 9.82776 10
      vertex 92.7804 9.92314 38
      vertex 93.1611 9.82776 38
    endloop
  endfacet
  facet normal 0.243027 0.970019 0
    outer loop
      vertex 92.7804 9.92314 38
      vertex 93.1611 9.82776 10
      vertex 92.7804 9.92314 10
    endloop
  endfacet
  facet normal -0.904025 -0.42748 0
    outer loop
      vertex 24.4723 4.11441 18
      vertex 24.3045 4.46927 38
      vertex 24.3045 4.46927 18
    endloop
  endfacet
  facet normal -0.904025 -0.42748 0
    outer loop
      vertex 24.3045 4.46927 38
      vertex 24.4723 4.11441 18
      vertex 24.4723 4.11441 38
    endloop
  endfacet
  facet normal -0.427503 -0.904014 0
    outer loop
      vertex 26.1144 2.47231 38
      vertex 26.4693 2.30448 22.1323
      vertex 26.4693 2.30448 38
    endloop
  endfacet
  facet normal -0.427535 -0.903999 -8.87351e-07
    outer loop
      vertex 26.1144 2.47231 38
      vertex 26.3614 2.35551 22.1053
      vertex 26.4693 2.30448 22.1323
    endloop
  endfacet
  facet normal -0.427505 -0.904013 -3.17161e-07
    outer loop
      vertex 26.1144 2.47231 38
      vertex 26.1581 2.45165 22.0325
      vertex 26.3614 2.35551 22.1053
    endloop
  endfacet
  facet normal -0.42741 -0.904058 0
    outer loop
      vertex 26.1581 2.45165 22.0325
      vertex 26.1144 2.47231 38
      vertex 26.1144 2.47231 22.0119
    endloop
  endfacet
  facet normal 0 0 1
    outer loop
      vertex 34 10 38
      vertex 28 10 38
      vertex 34 7 38
    endloop
  endfacet
  facet normal 0 0 1
    outer loop
      vertex 89 7 38
      vertex 96 6 38
      vertex 95.9807 6.39207 38
    endloop
  endfacet
  facet normal 0 0 1
    outer loop
      vertex 89 7 38
      vertex 95.9807 6.39207 38
      vertex 95.9231 6.78036 38
    endloop
  endfacet
  facet normal 0 0 1
    outer loop
      vertex 96 6 38
      vertex 89 7 38
      vertex 95.9807 5.60793 38
    endloop
  endfacet
  facet normal -0 0 1
    outer loop
      vertex 89 7 38
      vertex 95.9231 6.78036 38
      vertex 95.8278 7.16114 38
    endloop
  endfacet
  facet normal 0 0 1
    outer loop
      vertex 95.9807 5.60793 38
      vertex 89 7 38
      vertex 95.9231 5.21964 38
    endloop
  endfacet
  facet normal 0 0 1
    outer loop
      vertex 89 7 38
      vertex 95.8278 7.16114 38
      vertex 95.6955 7.53073 38
    endloop
  endfacet
  facet normal 0 0 1
    outer loop
      vertex 95.9231 5.21964 38
      vertex 89 7 38
      vertex 95.8278 4.83886 38
    endloop
  endfacet
  facet normal 0 0 1
    outer loop
      vertex 89 7 38
      vertex 95.6955 7.53073 38
      vertex 95.5277 7.88559 38
    endloop
  endfacet
  facet normal 0 0 1
    outer loop
      vertex 95.8278 4.83886 38
      vertex 89 7 38
      vertex 95.6955 4.46927 38
    endloop
  endfacet
  facet normal 0 0 1
    outer loop
      vertex 89 7 38
      vertex 95.5277 7.88559 38
      vertex 95.3259 8.22228 38
    endloop
  endfacet
  facet normal 0 0 1
    outer loop
      vertex 95.6955 4.46927 38
      vertex 89 7 38
      vertex 95.5277 4.11441 38
    endloop
  endfacet
  facet normal 0 0 1
    outer loop
      vertex 89 7 38
      vertex 95.3259 8.22228 38
      vertex 95.092 8.53757 38
    endloop
  endfacet
  facet normal 0 0 1
    outer loop
      vertex 95.5277 4.11441 38
      vertex 89 7 38
      vertex 95.3259 3.77772 38
    endloop
  endfacet
  facet normal 0 0 1
    outer loop
      vertex 89 7 38
      vertex 95.092 8.53757 38
      vertex 94.8284 8.82843 38
    endloop
  endfacet
  facet normal 0 0 1
    outer loop
      vertex 95.3259 3.77772 38
      vertex 89 7 38
      vertex 95.092 3.46243 38
    endloop
  endfacet
  facet normal 0 0 1
    outer loop
      vertex 89 7 38
      vertex 94.8284 8.82843 38
      vertex 94.5376 9.09204 38
    endloop
  endfacet
  facet normal 0 0 1
    outer loop
      vertex 95.092 3.46243 38
      vertex 89 7 38
      vertex 94.8284 3.17157 38
    endloop
  endfacet
  facet normal 0 0 1
    outer loop
      vertex 89 7 38
      vertex 94.5376 9.09204 38
      vertex 94.2223 9.32588 38
    endloop
  endfacet
  facet normal 0 0 1
    outer loop
      vertex 94.8284 3.17157 38
      vertex 89 7 38
      vertex 94.5376 2.90796 38
    endloop
  endfacet
  facet normal 0 0 1
    outer loop
      vertex 89 7 38
      vertex 94.2223 9.32588 38
      vertex 93.8856 9.52768 38
    endloop
  endfacet
  facet normal 0 0 1
    outer loop
      vertex 94.5376 2.90796 38
      vertex 89 7 38
      vertex 94.2223 2.67412 38
    endloop
  endfacet
  facet normal 0 0 1
    outer loop
      vertex 89 7 38
      vertex 93.8856 9.52768 38
      vertex 93.5307 9.69552 38
    endloop
  endfacet
  facet normal 0 0 1
    outer loop
      vertex 94.2223 2.67412 38
      vertex 89 7 38
      vertex 93.8856 2.47231 38
    endloop
  endfacet
  facet normal 0 0 1
    outer loop
      vertex 89 7 38
      vertex 93.5307 9.69552 38
      vertex 93.1611 9.82776 38
    endloop
  endfacet
  facet normal 0 0 1
    outer loop
      vertex 93.8856 2.47231 38
      vertex 89 7 38
      vertex 93.5307 2.30448 38
    endloop
  endfacet
  facet normal 0 0 1
    outer loop
      vertex 89 7 38
      vertex 93.1611 9.82776 38
      vertex 92.7804 9.92314 38
    endloop
  endfacet
  facet normal 0 0 1
    outer loop
      vertex 93.5307 2.30448 38
      vertex 89 7 38
      vertex 93.1611 2.17224 38
    endloop
  endfacet
  facet normal 0 0 1
    outer loop
      vertex 89 7 38
      vertex 92.7804 9.92314 38
      vertex 92.3921 9.98074 38
    endloop
  endfacet
  facet normal 0 0 1
    outer loop
      vertex 93.1611 2.17224 38
      vertex 89 7 38
      vertex 92.7804 2.07686 38
    endloop
  endfacet
  facet normal 0 0 1
    outer loop
      vertex 89 7 38
      vertex 92.3921 9.98074 38
      vertex 92 10 38
    endloop
  endfacet
  facet normal 0 0 1
    outer loop
      vertex 92.7804 2.07686 38
      vertex 89 7 38
      vertex 92.3921 2.01926 38
    endloop
  endfacet
  facet normal 0 0 1
    outer loop
      vertex 89 7 38
      vertex 92 10 38
      vertex 89 10 38
    endloop
  endfacet
  facet normal 0 0 1
    outer loop
      vertex 92.3921 2.01926 38
      vertex 89 7 38
      vertex 92 2 38
    endloop
  endfacet
  facet normal -0 0 1
    outer loop
      vertex 34 7 38
      vertex 92 2 38
      vertex 89 7 38
    endloop
  endfacet
  facet normal 0 0 1
    outer loop
      vertex 34 7 38
      vertex 28 2 38
      vertex 92 2 38
    endloop
  endfacet
  facet normal 0 0 1
    outer loop
      vertex 28 10 38
      vertex 28 2 38
      vertex 34 7 38
    endloop
  endfacet
  facet normal -0 0 1
    outer loop
      vertex 27.6079 9.98074 38
      vertex 28 2 38
      vertex 28 10 38
    endloop
  endfacet
  facet normal 0 0 1
    outer loop
      vertex 27.6079 9.98074 38
      vertex 27.6079 2.01926 38
      vertex 28 2 38
    endloop
  endfacet
  facet normal -0 0 1
    outer loop
      vertex 27.2196 9.92314 38
      vertex 27.6079 2.01926 38
      vertex 27.6079 9.98074 38
    endloop
  endfacet
  facet normal 0 0 1
    outer loop
      vertex 27.2196 9.92314 38
      vertex 27.2196 2.07686 38
      vertex 27.6079 2.01926 38
    endloop
  endfacet
  facet normal -0 0 1
    outer loop
      vertex 26.8389 9.82776 38
      vertex 27.2196 2.07686 38
      vertex 27.2196 9.92314 38
    endloop
  endfacet
  facet normal 0 0 1
    outer loop
      vertex 26.8389 9.82776 38
      vertex 26.8389 2.17224 38
      vertex 27.2196 2.07686 38
    endloop
  endfacet
  facet normal -0 0 1
    outer loop
      vertex 26.4693 9.69552 38
      vertex 26.8389 2.17224 38
      vertex 26.8389 9.82776 38
    endloop
  endfacet
  facet normal 0 0 1
    outer loop
      vertex 26.4693 9.69552 38
      vertex 26.4693 2.30448 38
      vertex 26.8389 2.17224 38
    endloop
  endfacet
  facet normal -0 0 1
    outer loop
      vertex 26.1144 9.52768 38
      vertex 26.4693 2.30448 38
      vertex 26.4693 9.69552 38
    endloop
  endfacet
  facet normal 0 0 1
    outer loop
      vertex 26.1144 9.52768 38
      vertex 26.1144 2.47231 38
      vertex 26.4693 2.30448 38
    endloop
  endfacet
  facet normal -0 0 1
    outer loop
      vertex 25.7777 9.32588 38
      vertex 26.1144 2.47231 38
      vertex 26.1144 9.52768 38
    endloop
  endfacet
  facet normal 0 0 1
    outer loop
      vertex 25.7777 9.32588 38
      vertex 25.7777 2.67412 38
      vertex 26.1144 2.47231 38
    endloop
  endfacet
  facet normal -0 0 1
    outer loop
      vertex 25.4624 9.09204 38
      vertex 25.7777 2.67412 38
      vertex 25.7777 9.32588 38
    endloop
  endfacet
  facet normal 0 0 1
    outer loop
      vertex 25.4624 9.09204 38
      vertex 25.4624 2.90796 38
      vertex 25.7777 2.67412 38
    endloop
  endfacet
  facet normal -0 0 1
    outer loop
      vertex 25.1716 8.82843 38
      vertex 25.4624 2.90796 38
      vertex 25.4624 9.09204 38
    endloop
  endfacet
  facet normal 0 0 1
    outer loop
      vertex 25.1716 8.82843 38
      vertex 25.1716 3.17157 38
      vertex 25.4624 2.90796 38
    endloop
  endfacet
  facet normal -0 0 1
    outer loop
      vertex 24.908 8.53757 38
      vertex 25.1716 3.17157 38
      vertex 25.1716 8.82843 38
    endloop
  endfacet
  facet normal 0 0 1
    outer loop
      vertex 24.908 8.53757 38
      vertex 24.908 3.46243 38
      vertex 25.1716 3.17157 38
    endloop
  endfacet
  facet normal -0 0 1
    outer loop
      vertex 24.6741 8.22228 38
      vertex 24.908 3.46243 38
      vertex 24.908 8.53757 38
    endloop
  endfacet
  facet normal 0 0 1
    outer loop
      vertex 24.6741 8.22228 38
      vertex 24.6741 3.77772 38
      vertex 24.908 3.46243 38
    endloop
  endfacet
  facet normal -0 0 1
    outer loop
      vertex 24.4723 7.88559 38
      vertex 24.6741 3.77772 38
      vertex 24.6741 8.22228 38
    endloop
  endfacet
  facet normal 0 0 1
    outer loop
      vertex 24.4723 7.88559 38
      vertex 24.4723 4.11441 38
      vertex 24.6741 3.77772 38
    endloop
  endfacet
  facet normal -0 0 1
    outer loop
      vertex 24.3045 7.53073 38
      vertex 24.4723 4.11441 38
      vertex 24.4723 7.88559 38
    endloop
  endfacet
  facet normal 0 0 1
    outer loop
      vertex 24.3045 7.53073 38
      vertex 24.3045 4.46927 38
      vertex 24.4723 4.11441 38
    endloop
  endfacet
  facet normal -0 0 1
    outer loop
      vertex 24.1722 7.16114 38
      vertex 24.3045 4.46927 38
      vertex 24.3045 7.53073 38
    endloop
  endfacet
  facet normal 0 0 1
    outer loop
      vertex 24.1722 7.16114 38
      vertex 24.1722 4.83886 38
      vertex 24.3045 4.46927 38
    endloop
  endfacet
  facet normal -0 0 1
    outer loop
      vertex 24.0769 6.78036 38
      vertex 24.1722 4.83886 38
      vertex 24.1722 7.16114 38
    endloop
  endfacet
  facet normal 0 0 1
    outer loop
      vertex 24.0769 6.78036 38
      vertex 24.0769 5.21964 38
      vertex 24.1722 4.83886 38
    endloop
  endfacet
  facet normal -0 0 1
    outer loop
      vertex 24.0193 6.39207 38
      vertex 24.0769 5.21964 38
      vertex 24.0769 6.78036 38
    endloop
  endfacet
  facet normal 0 0 1
    outer loop
      vertex 24.0193 6.39207 38
      vertex 24.0193 5.60793 38
      vertex 24.0769 5.21964 38
    endloop
  endfacet
  facet normal 0 -0 1
    outer loop
      vertex 24.0193 5.60793 38
      vertex 24.0193 6.39207 38
      vertex 24 6 38
    endloop
  endfacet
  facet normal -0.941497 -0.337022 0
    outer loop
      vertex 24.3045 4.46927 18
      vertex 24.1722 4.83886 38
      vertex 24.1722 4.83886 18
    endloop
  endfacet
  facet normal -0.941497 -0.337022 0
    outer loop
      vertex 24.1722 4.83886 38
      vertex 24.3045 4.46927 18
      vertex 24.3045 4.46927 38
    endloop
  endfacet
  facet normal -0.989176 -0.146733 0
    outer loop
      vertex 24.0769 19.2196 18
      vertex 24.0193 19.6079 38
      vertex 24.0193 19.6079 18
    endloop
  endfacet
  facet normal -0.989176 -0.146733 0
    outer loop
      vertex 24.0193 19.6079 38
      vertex 24.0769 19.2196 18
      vertex 24.0769 19.2196 38
    endloop
  endfacet
  facet normal -0.998791 -0.0491626 0
    outer loop
      vertex 24.0193 19.6079 18
      vertex 24 20 38
      vertex 24 20 18
    endloop
  endfacet
  facet normal -0.998791 -0.0491626 0
    outer loop
      vertex 24 20 38
      vertex 24.0193 19.6079 18
      vertex 24.0193 19.6079 38
    endloop
  endfacet
  facet normal 0 1 -0
    outer loop
      vertex 92 24 10
      vertex 28 24 38
      vertex 92 24 38
    endloop
  endfacet
  facet normal 0 1 0
    outer loop
      vertex 28 24 38
      vertex 92 24 10
      vertex 28 24 10
    endloop
  endfacet
  facet normal -0.671607 -0.740908 0
    outer loop
      vertex 25.1716 17.1716 18
      vertex 25.4624 16.908 38
      vertex 25.1716 17.1716 38
    endloop
  endfacet
  facet normal -0.671607 -0.740908 -0
    outer loop
      vertex 25.4624 16.908 38
      vertex 25.1716 17.1716 18
      vertex 25.4624 16.908 18
    endloop
  endfacet
  facet normal -0.514084 -0.85774 0
    outer loop
      vertex 25.7777 16.6741 18
      vertex 26.1144 16.4723 38
      vertex 25.7777 16.6741 38
    endloop
  endfacet
  facet normal -0.514084 -0.85774 -0
    outer loop
      vertex 26.1144 16.4723 38
      vertex 25.7777 16.6741 18
      vertex 26.1144 16.4723 18
    endloop
  endfacet
  facet normal 0.0491626 0.998791 -0
    outer loop
      vertex 92.3921 23.9807 10
      vertex 92 24 38
      vertex 92.3921 23.9807 38
    endloop
  endfacet
  facet normal 0.0491626 0.998791 0
    outer loop
      vertex 92 24 38
      vertex 92.3921 23.9807 10
      vertex 92 24 10
    endloop
  endfacet
  facet normal -0.9415 0.337014 0
    outer loop
      vertex 24.1722 21.1611 18
      vertex 24.3045 21.5307 38
      vertex 24.3045 21.5307 18
    endloop
  endfacet
  facet normal -0.9415 0.337014 0
    outer loop
      vertex 24.3045 21.5307 38
      vertex 24.1722 21.1611 18
      vertex 24.1722 21.1611 38
    endloop
  endfacet
  facet normal -0.146733 -0.989176 0
    outer loop
      vertex 27.2196 16.0769 18
      vertex 27.6079 16.0193 38
      vertex 27.2196 16.0769 38
    endloop
  endfacet
  facet normal -0.146733 -0.989176 -0
    outer loop
      vertex 27.6079 16.0193 38
      vertex 27.2196 16.0769 18
      vertex 27.6079 16.0193 18
    endloop
  endfacet
  facet normal -0.85774 -0.514084 0
    outer loop
      vertex 24.6741 17.7777 18
      vertex 24.4723 18.1144 38
      vertex 24.4723 18.1144 18
    endloop
  endfacet
  facet normal -0.85774 -0.514084 0
    outer loop
      vertex 24.4723 18.1144 38
      vertex 24.6741 17.7777 18
      vertex 24.6741 17.7777 38
    endloop
  endfacet
  facet normal -0.998791 0.0491626 0
    outer loop
      vertex 24 20 18
      vertex 24.0193 20.3921 38
      vertex 24.0193 20.3921 18
    endloop
  endfacet
  facet normal -0.998791 0.0491626 0
    outer loop
      vertex 24.0193 20.3921 38
      vertex 24 20 18
      vertex 24 20 38
    endloop
  endfacet
  facet normal 0.904044 -0.42744 0
    outer loop
      vertex 95.5277 18.1144 38
      vertex 95.6955 18.4693 10
      vertex 95.6955 18.4693 38
    endloop
  endfacet
  facet normal 0.904044 -0.42744 0
    outer loop
      vertex 95.6955 18.4693 10
      vertex 95.5277 18.1144 38
      vertex 95.5277 18.1144 10
    endloop
  endfacet
  facet normal -0.970068 0.242835 0
    outer loop
      vertex 24.0769 20.7804 18
      vertex 24.1722 21.1611 38
      vertex 24.1722 21.1611 18
    endloop
  endfacet
  facet normal -0.970068 0.242835 0
    outer loop
      vertex 24.1722 21.1611 38
      vertex 24.0769 20.7804 18
      vertex 24.0769 20.7804 38
    endloop
  endfacet
  facet normal 0.998791 -0.0491626 0
    outer loop
      vertex 95.9807 19.6079 38
      vertex 96 20 10
      vertex 96 20 38
    endloop
  endfacet
  facet normal 0.998791 -0.0491626 0
    outer loop
      vertex 96 20 10
      vertex 95.9807 19.6079 38
      vertex 95.9807 19.6079 10
    endloop
  endfacet
  facet normal 0.989176 -0.146733 0
    outer loop
      vertex 95.9231 19.2196 38
      vertex 95.9807 19.6079 10
      vertex 95.9807 19.6079 38
    endloop
  endfacet
  facet normal 0.989176 -0.146733 0
    outer loop
      vertex 95.9807 19.6079 10
      vertex 95.9231 19.2196 38
      vertex 95.9231 19.2196 10
    endloop
  endfacet
  facet normal -0.803137 0.595794 0
    outer loop
      vertex 24.6741 22.2223 18
      vertex 24.908 22.5376 38
      vertex 24.908 22.5376 18
    endloop
  endfacet
  facet normal -0.803137 0.595794 0
    outer loop
      vertex 24.908 22.5376 38
      vertex 24.6741 22.2223 18
      vertex 24.6741 22.2223 38
    endloop
  endfacet
  facet normal 0.0491626 -0.998791 0
    outer loop
      vertex 92 16 10
      vertex 92.3921 16.0193 38
      vertex 92 16 38
    endloop
  endfacet
  facet normal 0.0491626 -0.998791 0
    outer loop
      vertex 92.3921 16.0193 38
      vertex 92 16 10
      vertex 92.3921 16.0193 10
    endloop
  endfacet
  facet normal 0 -1 0
    outer loop
      vertex 84 16 11
      vertex 40 16 16
      vertex 40 16 11
    endloop
  endfacet
  facet normal 0 -1 0
    outer loop
      vertex 89 16 16
      vertex 92 16 38
      vertex 89 16 38
    endloop
  endfacet
  facet normal 0 -1 0
    outer loop
      vertex 40 16 16
      vertex 84 16 11
      vertex 89 16 16
    endloop
  endfacet
  facet normal 0 -1 0
    outer loop
      vertex 92 16 10
      vertex 84 16 11
      vertex 84 16 10
    endloop
  endfacet
  facet normal 0 -1 0
    outer loop
      vertex 89 16 16
      vertex 92 16 10
      vertex 92 16 38
    endloop
  endfacet
  facet normal 0 -1 0
    outer loop
      vertex 84 16 11
      vertex 92 16 10
      vertex 89 16 16
    endloop
  endfacet
  facet normal 0 -1 0
    outer loop
      vertex 29 16 18
      vertex 28 16 38
      vertex 28 16 18
    endloop
  endfacet
  facet normal 0 -1 0
    outer loop
      vertex 28 16 38
      vertex 29 16 18
      vertex 34 16 38
    endloop
  endfacet
  facet normal 0 -1 0
    outer loop
      vertex 34 16 17
      vertex 29 16 18
      vertex 29 16 17
    endloop
  endfacet
  facet normal 0 -1 0
    outer loop
      vertex 29 16 18
      vertex 34 16 17
      vertex 34 16 38
    endloop
  endfacet
  facet normal 0 -1 0
    outer loop
      vertex 28 16 0
      vertex 40 16 11
      vertex 28 16 11
    endloop
  endfacet
  facet normal 0 -1 0
    outer loop
      vertex 40 16 11
      vertex 84 16 10
      vertex 84 16 11
    endloop
  endfacet
  facet normal 0 -1 0
    outer loop
      vertex 84 16 0
      vertex 40 16 11
      vertex 28 16 0
    endloop
  endfacet
  facet normal 0 -1 0
    outer loop
      vertex 40 16 11
      vertex 84 16 0
      vertex 84 16 10
    endloop
  endfacet
  facet normal 0.970068 -0.242835 0
    outer loop
      vertex 95.8278 18.8389 38
      vertex 95.9231 19.2196 10
      vertex 95.9231 19.2196 38
    endloop
  endfacet
  facet normal 0.970068 -0.242835 0
    outer loop
      vertex 95.9231 19.2196 10
      vertex 95.8278 18.8389 38
      vertex 95.8278 18.8389 10
    endloop
  endfacet
  facet normal -0.803137 -0.595794 0
    outer loop
      vertex 24.908 17.4624 18
      vertex 24.6741 17.7777 38
      vertex 24.6741 17.7777 18
    endloop
  endfacet
  facet normal -0.803137 -0.595794 0
    outer loop
      vertex 24.6741 17.7777 38
      vertex 24.908 17.4624 18
      vertex 24.908 17.4624 38
    endloop
  endfacet
  facet normal -0.242835 -0.970068 0
    outer loop
      vertex 26.8389 16.1722 18
      vertex 27.2196 16.0769 38
      vertex 26.8389 16.1722 38
    endloop
  endfacet
  facet normal -0.242835 -0.970068 -0
    outer loop
      vertex 27.2196 16.0769 38
      vertex 26.8389 16.1722 18
      vertex 27.2196 16.0769 18
    endloop
  endfacet
  facet normal 0.989176 0.146733 0
    outer loop
      vertex 95.9807 20.3921 38
      vertex 95.9231 20.7804 10
      vertex 95.9231 20.7804 38
    endloop
  endfacet
  facet normal 0.989176 0.146733 0
    outer loop
      vertex 95.9231 20.7804 10
      vertex 95.9807 20.3921 38
      vertex 95.9807 20.3921 10
    endloop
  endfacet
  facet normal -0.42744 0.904044 0
    outer loop
      vertex 26.4693 23.6955 18
      vertex 26.1144 23.5277 38
      vertex 26.4693 23.6955 38
    endloop
  endfacet
  facet normal -0.42744 0.904044 0
    outer loop
      vertex 26.1144 23.5277 38
      vertex 26.4693 23.6955 18
      vertex 26.1144 23.5277 18
    endloop
  endfacet
  facet normal 0.803137 -0.595794 0
    outer loop
      vertex 95.092 17.4624 38
      vertex 95.3259 17.7777 10
      vertex 95.3259 17.7777 38
    endloop
  endfacet
  facet normal 0.803137 -0.595794 0
    outer loop
      vertex 95.3259 17.7777 10
      vertex 95.092 17.4624 38
      vertex 95.092 17.4624 10
    endloop
  endfacet
  facet normal 0.970068 0.242835 0
    outer loop
      vertex 95.9231 20.7804 38
      vertex 95.8278 21.1611 10
      vertex 95.8278 21.1611 38
    endloop
  endfacet
  facet normal 0.970068 0.242835 0
    outer loop
      vertex 95.8278 21.1611 10
      vertex 95.9231 20.7804 38
      vertex 95.9231 20.7804 10
    endloop
  endfacet
  facet normal -0.337014 0.9415 5.08196e-07
    outer loop
      vertex 26.8389 23.8278 38
      vertex 26.5 23.7065 18
      vertex 26.4693 23.6955 38
    endloop
  endfacet
  facet normal -0.336987 0.941509 0
    outer loop
      vertex 26.8389 23.8278 10
      vertex 26.5 23.7065 18
      vertex 26.8389 23.8278 38
    endloop
  endfacet
  facet normal -0.336987 0.941509 0
    outer loop
      vertex 26.5 23.7065 18
      vertex 26.8389 23.8278 10
      vertex 26.5 23.7065 10
    endloop
  endfacet
  facet normal -0.337307 0.941395 0
    outer loop
      vertex 26.4693 23.6955 38
      vertex 26.5 23.7065 18
      vertex 26.4693 23.6955 18
    endloop
  endfacet
  facet normal -0.740908 0.671607 0
    outer loop
      vertex 24.908 22.5376 18
      vertex 25.1716 22.8284 38
      vertex 25.1716 22.8284 18
    endloop
  endfacet
  facet normal -0.740908 0.671607 0
    outer loop
      vertex 25.1716 22.8284 38
      vertex 24.908 22.5376 18
      vertex 24.908 22.5376 38
    endloop
  endfacet
  facet normal -0.85774 0.514084 0
    outer loop
      vertex 24.4723 21.8856 18
      vertex 24.6741 22.2223 38
      vertex 24.6741 22.2223 18
    endloop
  endfacet
  facet normal -0.85774 0.514084 0
    outer loop
      vertex 24.6741 22.2223 38
      vertex 24.4723 21.8856 18
      vertex 24.4723 21.8856 38
    endloop
  endfacet
  facet normal 0.146733 0.989176 -0
    outer loop
      vertex 92.7804 23.9231 10
      vertex 92.3921 23.9807 38
      vertex 92.7804 23.9231 38
    endloop
  endfacet
  facet normal 0.146733 0.989176 0
    outer loop
      vertex 92.3921 23.9807 38
      vertex 92.7804 23.9231 10
      vertex 92.3921 23.9807 10
    endloop
  endfacet
  facet normal 0.671607 -0.740908 0
    outer loop
      vertex 94.5376 16.908 10
      vertex 94.8284 17.1716 38
      vertex 94.5376 16.908 38
    endloop
  endfacet
  facet normal 0.671607 -0.740908 0
    outer loop
      vertex 94.8284 17.1716 38
      vertex 94.5376 16.908 10
      vertex 94.8284 17.1716 10
    endloop
  endfacet
  facet normal 0.146733 -0.989176 0
    outer loop
      vertex 92.3921 16.0193 10
      vertex 92.7804 16.0769 38
      vertex 92.3921 16.0193 38
    endloop
  endfacet
  facet normal 0.146733 -0.989176 0
    outer loop
      vertex 92.7804 16.0769 38
      vertex 92.3921 16.0193 10
      vertex 92.7804 16.0769 10
    endloop
  endfacet
  facet normal 0.595794 -0.803137 0
    outer loop
      vertex 94.2223 16.6741 10
      vertex 94.5376 16.908 38
      vertex 94.2223 16.6741 38
    endloop
  endfacet
  facet normal 0.595794 -0.803137 0
    outer loop
      vertex 94.5376 16.908 38
      vertex 94.2223 16.6741 10
      vertex 94.5376 16.908 10
    endloop
  endfacet
  facet normal -0.0491626 0.998791 0
    outer loop
      vertex 28 24 10
      vertex 27.6079 23.9807 38
      vertex 28 24 38
    endloop
  endfacet
  facet normal -0.0491626 0.998791 0
    outer loop
      vertex 27.6079 23.9807 38
      vertex 28 24 10
      vertex 27.6079 23.9807 10
    endloop
  endfacet
  facet normal -0.146733 0.989176 0
    outer loop
      vertex 27.6079 23.9807 10
      vertex 27.2196 23.9231 38
      vertex 27.6079 23.9807 38
    endloop
  endfacet
  facet normal -0.146733 0.989176 0
    outer loop
      vertex 27.2196 23.9231 38
      vertex 27.6079 23.9807 10
      vertex 27.2196 23.9231 10
    endloop
  endfacet
  facet normal 0.9415 0.337014 0
    outer loop
      vertex 95.8278 21.1611 38
      vertex 95.6955 21.5307 10
      vertex 95.6955 21.5307 38
    endloop
  endfacet
  facet normal 0.9415 0.337014 0
    outer loop
      vertex 95.6955 21.5307 10
      vertex 95.8278 21.1611 38
      vertex 95.8278 21.1611 10
    endloop
  endfacet
  facet normal -0.989176 0.146733 0
    outer loop
      vertex 24.0193 20.3921 18
      vertex 24.0769 20.7804 38
      vertex 24.0769 20.7804 18
    endloop
  endfacet
  facet normal -0.989176 0.146733 0
    outer loop
      vertex 24.0769 20.7804 38
      vertex 24.0193 20.3921 18
      vertex 24.0193 20.3921 38
    endloop
  endfacet
  facet normal 0.998791 0.0491626 0
    outer loop
      vertex 96 20 38
      vertex 95.9807 20.3921 10
      vertex 95.9807 20.3921 38
    endloop
  endfacet
  facet normal 0.998791 0.0491626 0
    outer loop
      vertex 95.9807 20.3921 10
      vertex 96 20 38
      vertex 96 20 10
    endloop
  endfacet
  facet normal -0.514084 0.85774 0
    outer loop
      vertex 26.1144 23.5277 18
      vertex 25.7777 23.3259 38
      vertex 26.1144 23.5277 38
    endloop
  endfacet
  facet normal -0.514084 0.85774 0
    outer loop
      vertex 25.7777 23.3259 38
      vertex 26.1144 23.5277 18
      vertex 25.7777 23.3259 18
    endloop
  endfacet
  facet normal 0.85774 0.514084 0
    outer loop
      vertex 95.5277 21.8856 38
      vertex 95.3259 22.2223 10
      vertex 95.3259 22.2223 38
    endloop
  endfacet
  facet normal 0.85774 0.514084 0
    outer loop
      vertex 95.3259 22.2223 10
      vertex 95.5277 21.8856 38
      vertex 95.5277 21.8856 10
    endloop
  endfacet
  facet normal 0.514084 -0.85774 0
    outer loop
      vertex 93.8856 16.4723 10
      vertex 94.2223 16.6741 38
      vertex 93.8856 16.4723 38
    endloop
  endfacet
  facet normal 0.514084 -0.85774 0
    outer loop
      vertex 94.2223 16.6741 38
      vertex 93.8856 16.4723 10
      vertex 94.2223 16.6741 10
    endloop
  endfacet
  facet normal 0.337014 0.9415 -0
    outer loop
      vertex 93.5307 23.6955 10
      vertex 93.1611 23.8278 38
      vertex 93.5307 23.6955 38
    endloop
  endfacet
  facet normal 0.337014 0.9415 0
    outer loop
      vertex 93.1611 23.8278 38
      vertex 93.5307 23.6955 10
      vertex 93.1611 23.8278 10
    endloop
  endfacet
  facet normal 0.85774 -0.514084 0
    outer loop
      vertex 95.3259 17.7777 38
      vertex 95.5277 18.1144 10
      vertex 95.5277 18.1144 38
    endloop
  endfacet
  facet normal 0.85774 -0.514084 0
    outer loop
      vertex 95.5277 18.1144 10
      vertex 95.3259 17.7777 38
      vertex 95.3259 17.7777 10
    endloop
  endfacet
  facet normal -0.337014 -0.9415 0
    outer loop
      vertex 26.4693 16.3045 18
      vertex 26.8389 16.1722 38
      vertex 26.4693 16.3045 38
    endloop
  endfacet
  facet normal -0.337014 -0.9415 -0
    outer loop
      vertex 26.8389 16.1722 38
      vertex 26.4693 16.3045 18
      vertex 26.8389 16.1722 18
    endloop
  endfacet
  facet normal -0.595794 0.803137 0
    outer loop
      vertex 25.7777 23.3259 18
      vertex 25.4624 23.092 38
      vertex 25.7777 23.3259 38
    endloop
  endfacet
  facet normal -0.595794 0.803137 0
    outer loop
      vertex 25.4624 23.092 38
      vertex 25.7777 23.3259 18
      vertex 25.4624 23.092 18
    endloop
  endfacet
  facet normal 0.740908 -0.671607 0
    outer loop
      vertex 94.8284 17.1716 38
      vertex 95.092 17.4624 10
      vertex 95.092 17.4624 38
    endloop
  endfacet
  facet normal 0.740908 -0.671607 0
    outer loop
      vertex 95.092 17.4624 10
      vertex 94.8284 17.1716 38
      vertex 94.8284 17.1716 10
    endloop
  endfacet
  facet normal -0.671607 0.740908 0
    outer loop
      vertex 25.4624 23.092 18
      vertex 25.1716 22.8284 38
      vertex 25.4624 23.092 38
    endloop
  endfacet
  facet normal -0.671607 0.740908 0
    outer loop
      vertex 25.1716 22.8284 38
      vertex 25.4624 23.092 18
      vertex 25.1716 22.8284 18
    endloop
  endfacet
  facet normal 0.514084 0.85774 -0
    outer loop
      vertex 94.2223 23.3259 10
      vertex 93.8856 23.5277 38
      vertex 94.2223 23.3259 38
    endloop
  endfacet
  facet normal 0.514084 0.85774 0
    outer loop
      vertex 93.8856 23.5277 38
      vertex 94.2223 23.3259 10
      vertex 93.8856 23.5277 10
    endloop
  endfacet
  facet normal 0.904044 0.42744 0
    outer loop
      vertex 95.6955 21.5307 38
      vertex 95.5277 21.8856 10
      vertex 95.5277 21.8856 38
    endloop
  endfacet
  facet normal 0.904044 0.42744 0
    outer loop
      vertex 95.5277 21.8856 10
      vertex 95.6955 21.5307 38
      vertex 95.6955 21.5307 10
    endloop
  endfacet
  facet normal 0.9415 -0.337014 0
    outer loop
      vertex 95.6955 18.4693 38
      vertex 95.8278 18.8389 10
      vertex 95.8278 18.8389 38
    endloop
  endfacet
  facet normal 0.9415 -0.337014 0
    outer loop
      vertex 95.8278 18.8389 10
      vertex 95.6955 18.4693 38
      vertex 95.6955 18.4693 10
    endloop
  endfacet
  facet normal 0.42744 0.904044 -0
    outer loop
      vertex 93.8856 23.5277 10
      vertex 93.5307 23.6955 38
      vertex 93.8856 23.5277 38
    endloop
  endfacet
  facet normal 0.42744 0.904044 0
    outer loop
      vertex 93.5307 23.6955 38
      vertex 93.8856 23.5277 10
      vertex 93.5307 23.6955 10
    endloop
  endfacet
  facet normal -0.242835 0.970068 0
    outer loop
      vertex 27.2196 23.9231 10
      vertex 26.8389 23.8278 38
      vertex 27.2196 23.9231 38
    endloop
  endfacet
  facet normal -0.242835 0.970068 0
    outer loop
      vertex 26.8389 23.8278 38
      vertex 27.2196 23.9231 10
      vertex 26.8389 23.8278 10
    endloop
  endfacet
  facet normal 0.740908 0.671607 0
    outer loop
      vertex 95.092 22.5376 38
      vertex 94.8284 22.8284 10
      vertex 94.8284 22.8284 38
    endloop
  endfacet
  facet normal 0.740908 0.671607 0
    outer loop
      vertex 94.8284 22.8284 10
      vertex 95.092 22.5376 38
      vertex 95.092 22.5376 10
    endloop
  endfacet
  facet normal 0.595794 0.803137 -0
    outer loop
      vertex 94.5376 23.092 10
      vertex 94.2223 23.3259 38
      vertex 94.5376 23.092 38
    endloop
  endfacet
  facet normal 0.595794 0.803137 0
    outer loop
      vertex 94.2223 23.3259 38
      vertex 94.5376 23.092 10
      vertex 94.2223 23.3259 10
    endloop
  endfacet
  facet normal -0.904044 0.42744 0
    outer loop
      vertex 24.3045 21.5307 18
      vertex 24.4723 21.8856 38
      vertex 24.4723 21.8856 18
    endloop
  endfacet
  facet normal -0.904044 0.42744 0
    outer loop
      vertex 24.4723 21.8856 38
      vertex 24.3045 21.5307 18
      vertex 24.3045 21.5307 38
    endloop
  endfacet
  facet normal 0.671607 0.740908 -0
    outer loop
      vertex 94.8284 22.8284 10
      vertex 94.5376 23.092 38
      vertex 94.8284 22.8284 38
    endloop
  endfacet
  facet normal 0.671607 0.740908 0
    outer loop
      vertex 94.5376 23.092 38
      vertex 94.8284 22.8284 10
      vertex 94.5376 23.092 10
    endloop
  endfacet
  facet normal -0.740908 -0.671607 0
    outer loop
      vertex 25.1716 17.1716 18
      vertex 24.908 17.4624 38
      vertex 24.908 17.4624 18
    endloop
  endfacet
  facet normal -0.740908 -0.671607 0
    outer loop
      vertex 24.908 17.4624 38
      vertex 25.1716 17.1716 18
      vertex 25.1716 17.1716 38
    endloop
  endfacet
  facet normal -0.0491626 -0.998791 0
    outer loop
      vertex 27.6079 16.0193 18
      vertex 28 16 38
      vertex 27.6079 16.0193 38
    endloop
  endfacet
  facet normal -0.0491626 -0.998791 -0
    outer loop
      vertex 28 16 38
      vertex 27.6079 16.0193 18
      vertex 28 16 18
    endloop
  endfacet
  facet normal -0.970068 -0.242835 0
    outer loop
      vertex 24.1722 18.8389 18
      vertex 24.0769 19.2196 38
      vertex 24.0769 19.2196 18
    endloop
  endfacet
  facet normal -0.970068 -0.242835 0
    outer loop
      vertex 24.0769 19.2196 38
      vertex 24.1722 18.8389 18
      vertex 24.1722 18.8389 38
    endloop
  endfacet
  facet normal 0.242835 -0.970068 0
    outer loop
      vertex 92.7804 16.0769 10
      vertex 93.1611 16.1722 38
      vertex 92.7804 16.0769 38
    endloop
  endfacet
  facet normal 0.242835 -0.970068 0
    outer loop
      vertex 93.1611 16.1722 38
      vertex 92.7804 16.0769 10
      vertex 93.1611 16.1722 10
    endloop
  endfacet
  facet normal 0.337014 -0.9415 0
    outer loop
      vertex 93.1611 16.1722 10
      vertex 93.5307 16.3045 38
      vertex 93.1611 16.1722 38
    endloop
  endfacet
  facet normal 0.337014 -0.9415 0
    outer loop
      vertex 93.5307 16.3045 38
      vertex 93.1611 16.1722 10
      vertex 93.5307 16.3045 10
    endloop
  endfacet
  facet normal 0.42744 -0.904044 0
    outer loop
      vertex 93.5307 16.3045 10
      vertex 93.8856 16.4723 38
      vertex 93.5307 16.3045 38
    endloop
  endfacet
  facet normal 0.42744 -0.904044 0
    outer loop
      vertex 93.8856 16.4723 38
      vertex 93.5307 16.3045 10
      vertex 93.8856 16.4723 10
    endloop
  endfacet
  facet normal -0.595794 -0.803137 0
    outer loop
      vertex 25.4624 16.908 18
      vertex 25.7777 16.6741 38
      vertex 25.4624 16.908 38
    endloop
  endfacet
  facet normal -0.595794 -0.803137 -0
    outer loop
      vertex 25.7777 16.6741 38
      vertex 25.4624 16.908 18
      vertex 25.7777 16.6741 18
    endloop
  endfacet
  facet normal 0.803137 0.595794 0
    outer loop
      vertex 95.3259 22.2223 38
      vertex 95.092 22.5376 10
      vertex 95.092 22.5376 38
    endloop
  endfacet
  facet normal 0.803137 0.595794 0
    outer loop
      vertex 95.092 22.5376 10
      vertex 95.3259 22.2223 38
      vertex 95.3259 22.2223 10
    endloop
  endfacet
  facet normal 0.242835 0.970068 -0
    outer loop
      vertex 93.1611 23.8278 10
      vertex 92.7804 23.9231 38
      vertex 93.1611 23.8278 38
    endloop
  endfacet
  facet normal 0.242835 0.970068 0
    outer loop
      vertex 92.7804 23.9231 38
      vertex 93.1611 23.8278 10
      vertex 92.7804 23.9231 10
    endloop
  endfacet
  facet normal -0.904044 -0.42744 0
    outer loop
      vertex 24.4723 18.1144 18
      vertex 24.3045 18.4693 38
      vertex 24.3045 18.4693 18
    endloop
  endfacet
  facet normal -0.904044 -0.42744 0
    outer loop
      vertex 24.3045 18.4693 38
      vertex 24.4723 18.1144 18
      vertex 24.4723 18.1144 38
    endloop
  endfacet
  facet normal -0.42744 -0.904044 0
    outer loop
      vertex 26.1144 16.4723 18
      vertex 26.4693 16.3045 38
      vertex 26.1144 16.4723 38
    endloop
  endfacet
  facet normal -0.42744 -0.904044 -0
    outer loop
      vertex 26.4693 16.3045 38
      vertex 26.1144 16.4723 18
      vertex 26.4693 16.3045 18
    endloop
  endfacet
  facet normal 0 0 1
    outer loop
      vertex 89 19 38
      vertex 96 20 38
      vertex 95.9807 20.3921 38
    endloop
  endfacet
  facet normal 0 0 1
    outer loop
      vertex 89 19 38
      vertex 95.9807 20.3921 38
      vertex 95.9231 20.7804 38
    endloop
  endfacet
  facet normal 0 0 1
    outer loop
      vertex 96 20 38
      vertex 89 19 38
      vertex 95.9807 19.6079 38
    endloop
  endfacet
  facet normal 0 0 1
    outer loop
      vertex 89 19 38
      vertex 95.9231 20.7804 38
      vertex 95.8278 21.1611 38
    endloop
  endfacet
  facet normal 0 0 1
    outer loop
      vertex 95.9807 19.6079 38
      vertex 89 19 38
      vertex 95.9231 19.2196 38
    endloop
  endfacet
  facet normal 0 0 1
    outer loop
      vertex 89 19 38
      vertex 95.8278 21.1611 38
      vertex 95.6955 21.5307 38
    endloop
  endfacet
  facet normal 0 0 1
    outer loop
      vertex 95.9231 19.2196 38
      vertex 89 19 38
      vertex 95.8278 18.8389 38
    endloop
  endfacet
  facet normal 0 0 1
    outer loop
      vertex 89 19 38
      vertex 95.6955 21.5307 38
      vertex 95.5277 21.8856 38
    endloop
  endfacet
  facet normal 0 0 1
    outer loop
      vertex 95.8278 18.8389 38
      vertex 89 19 38
      vertex 95.6955 18.4693 38
    endloop
  endfacet
  facet normal 0 0 1
    outer loop
      vertex 89 19 38
      vertex 95.5277 21.8856 38
      vertex 95.3259 22.2223 38
    endloop
  endfacet
  facet normal 0 0 1
    outer loop
      vertex 95.6955 18.4693 38
      vertex 89 19 38
      vertex 95.5277 18.1144 38
    endloop
  endfacet
  facet normal 0 0 1
    outer loop
      vertex 89 19 38
      vertex 95.3259 22.2223 38
      vertex 95.092 22.5376 38
    endloop
  endfacet
  facet normal 0 0 1
    outer loop
      vertex 95.5277 18.1144 38
      vertex 89 19 38
      vertex 95.3259 17.7777 38
    endloop
  endfacet
  facet normal 0 0 1
    outer loop
      vertex 89 19 38
      vertex 95.092 22.5376 38
      vertex 94.8284 22.8284 38
    endloop
  endfacet
  facet normal 0 0 1
    outer loop
      vertex 95.3259 17.7777 38
      vertex 89 19 38
      vertex 95.092 17.4624 38
    endloop
  endfacet
  facet normal 0 0 1
    outer loop
      vertex 89 19 38
      vertex 94.8284 22.8284 38
      vertex 94.5376 23.092 38
    endloop
  endfacet
  facet normal 0 0 1
    outer loop
      vertex 95.092 17.4624 38
      vertex 89 19 38
      vertex 94.8284 17.1716 38
    endloop
  endfacet
  facet normal 0 0 1
    outer loop
      vertex 89 19 38
      vertex 94.5376 23.092 38
      vertex 94.2223 23.3259 38
    endloop
  endfacet
  facet normal 0 0 1
    outer loop
      vertex 94.8284 17.1716 38
      vertex 89 19 38
      vertex 94.5376 16.908 38
    endloop
  endfacet
  facet normal 0 0 1
    outer loop
      vertex 89 19 38
      vertex 94.2223 23.3259 38
      vertex 93.8856 23.5277 38
    endloop
  endfacet
  facet normal 0 0 1
    outer loop
      vertex 94.5376 16.908 38
      vertex 89 19 38
      vertex 94.2223 16.6741 38
    endloop
  endfacet
  facet normal 0 0 1
    outer loop
      vertex 89 19 38
      vertex 93.8856 23.5277 38
      vertex 93.5307 23.6955 38
    endloop
  endfacet
  facet normal 0 0 1
    outer loop
      vertex 94.2223 16.6741 38
      vertex 89 19 38
      vertex 93.8856 16.4723 38
    endloop
  endfacet
  facet normal 0 0 1
    outer loop
      vertex 89 19 38
      vertex 93.5307 23.6955 38
      vertex 93.1611 23.8278 38
    endloop
  endfacet
  facet normal 0 0 1
    outer loop
      vertex 93.8856 16.4723 38
      vertex 89 19 38
      vertex 93.5307 16.3045 38
    endloop
  endfacet
  facet normal 0 0 1
    outer loop
      vertex 89 19 38
      vertex 93.1611 23.8278 38
      vertex 92.7804 23.9231 38
    endloop
  endfacet
  facet normal 0 0 1
    outer loop
      vertex 93.5307 16.3045 38
      vertex 89 19 38
      vertex 93.1611 16.1722 38
    endloop
  endfacet
  facet normal 0 0 1
    outer loop
      vertex 89 19 38
      vertex 92.7804 23.9231 38
      vertex 92.3921 23.9807 38
    endloop
  endfacet
  facet normal 0 0 1
    outer loop
      vertex 93.1611 16.1722 38
      vertex 89 19 38
      vertex 92.7804 16.0769 38
    endloop
  endfacet
  facet normal 0 0 1
    outer loop
      vertex 89 19 38
      vertex 92.3921 23.9807 38
      vertex 92 24 38
    endloop
  endfacet
  facet normal 0 0 1
    outer loop
      vertex 92.7804 16.0769 38
      vertex 89 19 38
      vertex 92.3921 16.0193 38
    endloop
  endfacet
  facet normal 0 0 1
    outer loop
      vertex 92.3921 16.0193 38
      vertex 89 19 38
      vertex 92 16 38
    endloop
  endfacet
  facet normal 0 0 1
    outer loop
      vertex 92 24 38
      vertex 34 19 38
      vertex 89 19 38
    endloop
  endfacet
  facet normal -0 0 1
    outer loop
      vertex 28 24 38
      vertex 34 19 38
      vertex 92 24 38
    endloop
  endfacet
  facet normal 0 0 1
    outer loop
      vertex 28 16 38
      vertex 34 19 38
      vertex 28 24 38
    endloop
  endfacet
  facet normal 0 0 1
    outer loop
      vertex 34 19 38
      vertex 28 16 38
      vertex 34 16 38
    endloop
  endfacet
  facet normal -0 0 1
    outer loop
      vertex 27.6079 23.9807 38
      vertex 28 16 38
      vertex 28 24 38
    endloop
  endfacet
  facet normal 0 0 1
    outer loop
      vertex 27.6079 23.9807 38
      vertex 27.6079 16.0193 38
      vertex 28 16 38
    endloop
  endfacet
  facet normal -0 0 1
    outer loop
      vertex 27.2196 23.9231 38
      vertex 27.6079 16.0193 38
      vertex 27.6079 23.9807 38
    endloop
  endfacet
  facet normal 0 0 1
    outer loop
      vertex 27.2196 23.9231 38
      vertex 27.2196 16.0769 38
      vertex 27.6079 16.0193 38
    endloop
  endfacet
  facet normal -0 0 1
    outer loop
      vertex 26.8389 23.8278 38
      vertex 27.2196 16.0769 38
      vertex 27.2196 23.9231 38
    endloop
  endfacet
  facet normal 0 0 1
    outer loop
      vertex 26.8389 23.8278 38
      vertex 26.8389 16.1722 38
      vertex 27.2196 16.0769 38
    endloop
  endfacet
  facet normal -0 0 1
    outer loop
      vertex 26.4693 23.6955 38
      vertex 26.8389 16.1722 38
      vertex 26.8389 23.8278 38
    endloop
  endfacet
  facet normal 0 0 1
    outer loop
      vertex 26.4693 23.6955 38
      vertex 26.4693 16.3045 38
      vertex 26.8389 16.1722 38
    endloop
  endfacet
  facet normal -0 0 1
    outer loop
      vertex 26.1144 23.5277 38
      vertex 26.4693 16.3045 38
      vertex 26.4693 23.6955 38
    endloop
  endfacet
  facet normal 0 0 1
    outer loop
      vertex 26.1144 23.5277 38
      vertex 26.1144 16.4723 38
      vertex 26.4693 16.3045 38
    endloop
  endfacet
  facet normal -0 0 1
    outer loop
      vertex 25.7777 23.3259 38
      vertex 26.1144 16.4723 38
      vertex 26.1144 23.5277 38
    endloop
  endfacet
  facet normal 0 0 1
    outer loop
      vertex 25.7777 23.3259 38
      vertex 25.7777 16.6741 38
      vertex 26.1144 16.4723 38
    endloop
  endfacet
  facet normal -0 0 1
    outer loop
      vertex 25.4624 23.092 38
      vertex 25.7777 16.6741 38
      vertex 25.7777 23.3259 38
    endloop
  endfacet
  facet normal 0 0 1
    outer loop
      vertex 25.4624 23.092 38
      vertex 25.4624 16.908 38
      vertex 25.7777 16.6741 38
    endloop
  endfacet
  facet normal -0 0 1
    outer loop
      vertex 25.1716 22.8284 38
      vertex 25.4624 16.908 38
      vertex 25.4624 23.092 38
    endloop
  endfacet
  facet normal 0 0 1
    outer loop
      vertex 25.1716 22.8284 38
      vertex 25.1716 17.1716 38
      vertex 25.4624 16.908 38
    endloop
  endfacet
  facet normal -0 0 1
    outer loop
      vertex 24.908 22.5376 38
      vertex 25.1716 17.1716 38
      vertex 25.1716 22.8284 38
    endloop
  endfacet
  facet normal 0 0 1
    outer loop
      vertex 24.908 22.5376 38
      vertex 24.908 17.4624 38
      vertex 25.1716 17.1716 38
    endloop
  endfacet
  facet normal -0 0 1
    outer loop
      vertex 24.6741 22.2223 38
      vertex 24.908 17.4624 38
      vertex 24.908 22.5376 38
    endloop
  endfacet
  facet normal 0 0 1
    outer loop
      vertex 24.6741 22.2223 38
      vertex 24.6741 17.7777 38
      vertex 24.908 17.4624 38
    endloop
  endfacet
  facet normal -0 0 1
    outer loop
      vertex 24.4723 21.8856 38
      vertex 24.6741 17.7777 38
      vertex 24.6741 22.2223 38
    endloop
  endfacet
  facet normal 0 0 1
    outer loop
      vertex 24.4723 21.8856 38
      vertex 24.4723 18.1144 38
      vertex 24.6741 17.7777 38
    endloop
  endfacet
  facet normal -0 0 1
    outer loop
      vertex 24.3045 21.5307 38
      vertex 24.4723 18.1144 38
      vertex 24.4723 21.8856 38
    endloop
  endfacet
  facet normal 0 0 1
    outer loop
      vertex 24.3045 21.5307 38
      vertex 24.3045 18.4693 38
      vertex 24.4723 18.1144 38
    endloop
  endfacet
  facet normal -0 0 1
    outer loop
      vertex 24.1722 21.1611 38
      vertex 24.3045 18.4693 38
      vertex 24.3045 21.5307 38
    endloop
  endfacet
  facet normal 0 0 1
    outer loop
      vertex 24.1722 21.1611 38
      vertex 24.1722 18.8389 38
      vertex 24.3045 18.4693 38
    endloop
  endfacet
  facet normal -0 0 1
    outer loop
      vertex 24.0769 20.7804 38
      vertex 24.1722 18.8389 38
      vertex 24.1722 21.1611 38
    endloop
  endfacet
  facet normal 0 0 1
    outer loop
      vertex 24.0769 20.7804 38
      vertex 24.0769 19.2196 38
      vertex 24.1722 18.8389 38
    endloop
  endfacet
  facet normal -0 0 1
    outer loop
      vertex 24.0193 20.3921 38
      vertex 24.0769 19.2196 38
      vertex 24.0769 20.7804 38
    endloop
  endfacet
  facet normal 0 0 1
    outer loop
      vertex 24.0193 20.3921 38
      vertex 24.0193 19.6079 38
      vertex 24.0769 19.2196 38
    endloop
  endfacet
  facet normal 0 -0 1
    outer loop
      vertex 24.0193 19.6079 38
      vertex 24.0193 20.3921 38
      vertex 24 20 38
    endloop
  endfacet
  facet normal 0 0 1
    outer loop
      vertex 92 16 38
      vertex 89 19 38
      vertex 89 16 38
    endloop
  endfacet
  facet normal -0.9415 -0.337014 0
    outer loop
      vertex 24.3045 18.4693 18
      vertex 24.1722 18.8389 38
      vertex 24.1722 18.8389 18
    endloop
  endfacet
  facet normal -0.9415 -0.337014 0
    outer loop
      vertex 24.1722 18.8389 38
      vertex 24.3045 18.4693 18
      vertex 24.3045 18.4693 38
    endloop
  endfacet
  facet normal 1 -0 0
    outer loop
      vertex 40 10 16
      vertex 40 16 11
      vertex 40 16 16
    endloop
  endfacet
  facet normal 1 0 0
    outer loop
      vertex 40 16 11
      vertex 40 10 16
      vertex 40 10 11
    endloop
  endfacet
  facet normal -0 0 1
    outer loop
      vertex 29 16 17
      vertex 34 10 17
      vertex 34 16 17
    endloop
  endfacet
  facet normal 0 0 1
    outer loop
      vertex 34 10 17
      vertex 29 16 17
      vertex 29 10 17
    endloop
  endfacet
  facet normal -0.0489044 0.998803 0
    outer loop
      vertex 84.2941 10.0144 0
      vertex 84 10 10
      vertex 84.2941 10.0144 10
    endloop
  endfacet
  facet normal -0.0489044 0.998803 0
    outer loop
      vertex 84 10 10
      vertex 84.2941 10.0144 0
      vertex 84 10 0
    endloop
  endfacet
  facet normal -0.671607 -0.740908 0
    outer loop
      vertex 85.9032 15.319 0
      vertex 86.1213 15.1213 10
      vertex 85.9032 15.319 10
    endloop
  endfacet
  facet normal -0.671607 -0.740908 -0
    outer loop
      vertex 86.1213 15.1213 10
      vertex 85.9032 15.319 0
      vertex 86.1213 15.1213 0
    endloop
  endfacet
  facet normal -0.803208 -0.595699 0
    outer loop
      vertex 86.4944 14.6667 0
      vertex 86.319 14.9032 10
      vertex 86.319 14.9032 0
    endloop
  endfacet
  facet normal -0.803208 -0.595699 0
    outer loop
      vertex 86.319 14.9032 10
      vertex 86.4944 14.6667 0
      vertex 86.4944 14.6667 10
    endloop
  endfacet
  facet normal 0.0489044 -0.998803 0
    outer loop
      vertex 27.7059 15.9856 0
      vertex 28 16 11
      vertex 27.7059 15.9856 11
    endloop
  endfacet
  facet normal 0.0489044 -0.998803 0
    outer loop
      vertex 28 16 11
      vertex 27.7059 15.9856 0
      vertex 28 16 0
    endloop
  endfacet
  facet normal -0.969982 0.243175 0
    outer loop
      vertex 86.8708 12.1291 0
      vertex 86.9424 12.4147 10
      vertex 86.9424 12.4147 0
    endloop
  endfacet
  facet normal -0.969982 0.243175 0
    outer loop
      vertex 86.9424 12.4147 10
      vertex 86.8708 12.1291 0
      vertex 86.8708 12.1291 10
    endloop
  endfacet
  facet normal -0.595699 0.803208 0
    outer loop
      vertex 85.9032 10.681 0
      vertex 85.6667 10.5056 10
      vertex 85.9032 10.681 10
    endloop
  endfacet
  facet normal -0.595699 0.803208 0
    outer loop
      vertex 85.6667 10.5056 10
      vertex 85.9032 10.681 0
      vertex 85.6667 10.5056 0
    endloop
  endfacet
  facet normal -0.989224 -0.146413 0
    outer loop
      vertex 86.9855 13.2941 0
      vertex 86.9424 13.5853 10
      vertex 86.9424 13.5853 0
    endloop
  endfacet
  facet normal -0.989224 -0.146413 0
    outer loop
      vertex 86.9424 13.5853 10
      vertex 86.9855 13.2941 0
      vertex 86.9855 13.2941 10
    endloop
  endfacet
  facet normal 0.146746 -0.989174 0
    outer loop
      vertex 27.4147 15.9424 0
      vertex 27.7059 15.9856 11
      vertex 27.4147 15.9424 11
    endloop
  endfacet
  facet normal 0.146746 -0.989174 0
    outer loop
      vertex 27.7059 15.9856 11
      vertex 27.4147 15.9424 0
      vertex 27.7059 15.9856 0
    endloop
  endfacet
  facet normal 0.857643 0.514246 0
    outer loop
      vertex 25.5056 11.3333 11
      vertex 25.3542 11.5858 0
      vertex 25.3542 11.5858 11
    endloop
  endfacet
  facet normal 0.857643 0.514246 0
    outer loop
      vertex 25.3542 11.5858 0
      vertex 25.5056 11.3333 11
      vertex 25.5056 11.3333 0
    endloop
  endfacet
  facet normal 0.0489044 0.998803 -0
    outer loop
      vertex 28 10 0
      vertex 27.7059 10.0144 11
      vertex 28 10 11
    endloop
  endfacet
  facet normal 0.0489044 0.998803 0
    outer loop
      vertex 27.7059 10.0144 11
      vertex 28 10 0
      vertex 27.7059 10.0144 0
    endloop
  endfacet
  facet normal -0.941488 -0.337047 0
    outer loop
      vertex 86.8708 13.8709 0
      vertex 86.7716 14.148 10
      vertex 86.7716 14.148 0
    endloop
  endfacet
  facet normal -0.941488 -0.337047 0
    outer loop
      vertex 86.7716 14.148 10
      vertex 86.8708 13.8709 0
      vertex 86.8708 13.8709 10
    endloop
  endfacet
  facet normal 0.989174 0.146746 0
    outer loop
      vertex 25.0576 12.4147 11
      vertex 25.0144 12.7059 0
      vertex 25.0144 12.7059 11
    endloop
  endfacet
  facet normal 0.989174 0.146746 0
    outer loop
      vertex 25.0144 12.7059 0
      vertex 25.0576 12.4147 11
      vertex 25.0576 12.4147 0
    endloop
  endfacet
  facet normal 0.969982 -0.243175 0
    outer loop
      vertex 25.0576 13.5853 11
      vertex 25.1292 13.8709 0
      vertex 25.1292 13.8709 11
    endloop
  endfacet
  facet normal 0.969982 -0.243175 0
    outer loop
      vertex 25.1292 13.8709 0
      vertex 25.0576 13.5853 11
      vertex 25.0576 13.5853 0
    endloop
  endfacet
  facet normal 0.514246 -0.857643 0
    outer loop
      vertex 26.3333 15.4944 0
      vertex 26.5858 15.6458 11
      vertex 26.3333 15.4944 11
    endloop
  endfacet
  facet normal 0.514246 -0.857643 0
    outer loop
      vertex 26.5858 15.6458 11
      vertex 26.3333 15.4944 0
      vertex 26.5858 15.6458 0
    endloop
  endfacet
  facet normal -0.740908 -0.671607 0
    outer loop
      vertex 86.319 14.9032 0
      vertex 86.1213 15.1213 10
      vertex 86.1213 15.1213 0
    endloop
  endfacet
  facet normal -0.740908 -0.671607 0
    outer loop
      vertex 86.1213 15.1213 10
      vertex 86.319 14.9032 0
      vertex 86.319 14.9032 10
    endloop
  endfacet
  facet normal -0.803208 0.595699 0
    outer loop
      vertex 86.319 11.0968 0
      vertex 86.4944 11.3333 10
      vertex 86.4944 11.3333 0
    endloop
  endfacet
  facet normal -0.803208 0.595699 0
    outer loop
      vertex 86.4944 11.3333 10
      vertex 86.319 11.0968 0
      vertex 86.319 11.0968 10
    endloop
  endfacet
  facet normal 0.941527 0.336939 0
    outer loop
      vertex 25.2284 11.8519 11
      vertex 25.1292 12.1291 0
      vertex 25.1292 12.1291 11
    endloop
  endfacet
  facet normal 0.941527 0.336939 0
    outer loop
      vertex 25.1292 12.1291 0
      vertex 25.2284 11.8519 11
      vertex 25.2284 11.8519 0
    endloop
  endfacet
  facet normal -0.595699 -0.803208 0
    outer loop
      vertex 85.6667 15.4944 0
      vertex 85.9032 15.319 10
      vertex 85.6667 15.4944 10
    endloop
  endfacet
  facet normal -0.595699 -0.803208 -0
    outer loop
      vertex 85.9032 15.319 10
      vertex 85.6667 15.4944 0
      vertex 85.9032 15.319 0
    endloop
  endfacet
  facet normal -0.904063 0.4274 0
    outer loop
      vertex 86.6458 11.5858 0
      vertex 86.7716 11.8519 10
      vertex 86.7716 11.8519 0
    endloop
  endfacet
  facet normal -0.904063 0.4274 0
    outer loop
      vertex 86.7716 11.8519 10
      vertex 86.6458 11.5858 0
      vertex 86.6458 11.5858 10
    endloop
  endfacet
  facet normal -0.857643 0.514246 0
    outer loop
      vertex 86.4944 11.3333 0
      vertex 86.6458 11.5858 10
      vertex 86.6458 11.5858 0
    endloop
  endfacet
  facet normal -0.857643 0.514246 0
    outer loop
      vertex 86.6458 11.5858 10
      vertex 86.4944 11.3333 0
      vertex 86.4944 11.3333 10
    endloop
  endfacet
  facet normal 0.998803 -0.0489044 0
    outer loop
      vertex 25 13 11
      vertex 25.0144 13.2941 0
      vertex 25.0144 13.2941 11
    endloop
  endfacet
  facet normal 0.998803 -0.0489044 0
    outer loop
      vertex 25.0144 13.2941 0
      vertex 25 13 11
      vertex 25 13 0
    endloop
  endfacet
  facet normal -0.998787 0.0492431 0
    outer loop
      vertex 86.9855 12.7059 0
      vertex 87 13 10
      vertex 87 13 0
    endloop
  endfacet
  facet normal -0.998787 0.0492431 0
    outer loop
      vertex 87 13 10
      vertex 86.9855 12.7059 0
      vertex 86.9855 12.7059 10
    endloop
  endfacet
  facet normal -0.243255 0.969962 0
    outer loop
      vertex 84.8708 10.1292 0
      vertex 84.5853 10.0576 10
      vertex 84.8708 10.1292 10
    endloop
  endfacet
  facet normal -0.243255 0.969962 0
    outer loop
      vertex 84.5853 10.0576 10
      vertex 84.8708 10.1292 0
      vertex 84.5853 10.0576 0
    endloop
  endfacet
  facet normal -0.998787 -0.0492431 0
    outer loop
      vertex 87 13 0
      vertex 86.9855 13.2941 10
      vertex 86.9855 13.2941 0
    endloop
  endfacet
  facet normal -0.998787 -0.0492431 0
    outer loop
      vertex 86.9855 13.2941 10
      vertex 87 13 0
      vertex 87 13 10
    endloop
  endfacet
  facet normal -0.857643 -0.514246 0
    outer loop
      vertex 86.6458 14.4142 0
      vertex 86.4944 14.6667 10
      vertex 86.4944 14.6667 0
    endloop
  endfacet
  facet normal -0.857643 -0.514246 0
    outer loop
      vertex 86.4944 14.6667 10
      vertex 86.6458 14.4142 0
      vertex 86.6458 14.4142 10
    endloop
  endfacet
  facet normal -0.514246 -0.857643 0
    outer loop
      vertex 85.4142 15.6458 0
      vertex 85.6667 15.4944 10
      vertex 85.4142 15.6458 10
    endloop
  endfacet
  facet normal -0.514246 -0.857643 -0
    outer loop
      vertex 85.6667 15.4944 10
      vertex 85.4142 15.6458 0
      vertex 85.6667 15.4944 0
    endloop
  endfacet
  facet normal -0.740908 0.671607 0
    outer loop
      vertex 86.1213 10.8787 0
      vertex 86.319 11.0968 10
      vertex 86.319 11.0968 0
    endloop
  endfacet
  facet normal -0.740908 0.671607 0
    outer loop
      vertex 86.319 11.0968 10
      vertex 86.1213 10.8787 0
      vertex 86.1213 10.8787 10
    endloop
  endfacet
  facet normal 0.989174 -0.146746 0
    outer loop
      vertex 25.0144 13.2941 11
      vertex 25.0576 13.5853 0
      vertex 25.0576 13.5853 11
    endloop
  endfacet
  facet normal 0.989174 -0.146746 0
    outer loop
      vertex 25.0576 13.5853 0
      vertex 25.0144 13.2941 11
      vertex 25.0144 13.2941 0
    endloop
  endfacet
  facet normal -0.0489044 -0.998803 0
    outer loop
      vertex 84 16 0
      vertex 84.2941 15.9856 10
      vertex 84 16 10
    endloop
  endfacet
  facet normal -0.0489044 -0.998803 -0
    outer loop
      vertex 84.2941 15.9856 10
      vertex 84 16 0
      vertex 84.2941 15.9856 0
    endloop
  endfacet
  facet normal 0.803208 0.595699 0
    outer loop
      vertex 25.681 11.0968 11
      vertex 25.5056 11.3333 0
      vertex 25.5056 11.3333 11
    endloop
  endfacet
  facet normal 0.803208 0.595699 0
    outer loop
      vertex 25.5056 11.3333 0
      vertex 25.681 11.0968 11
      vertex 25.681 11.0968 0
    endloop
  endfacet
  facet normal 0.941488 -0.337047 0
    outer loop
      vertex 25.1292 13.8709 11
      vertex 25.2284 14.148 0
      vertex 25.2284 14.148 11
    endloop
  endfacet
  facet normal 0.941488 -0.337047 0
    outer loop
      vertex 25.2284 14.148 0
      vertex 25.1292 13.8709 11
      vertex 25.1292 13.8709 0
    endloop
  endfacet
  facet normal 0.969982 0.243175 0
    outer loop
      vertex 25.1292 12.1291 11
      vertex 25.0576 12.4147 0
      vertex 25.0576 12.4147 11
    endloop
  endfacet
  facet normal 0.969982 0.243175 0
    outer loop
      vertex 25.0576 12.4147 0
      vertex 25.1292 12.1291 11
      vertex 25.1292 12.1291 0
    endloop
  endfacet
  facet normal 0.146746 0.989174 -0
    outer loop
      vertex 27.7059 10.0144 0
      vertex 27.4147 10.0576 11
      vertex 27.7059 10.0144 11
    endloop
  endfacet
  facet normal 0.146746 0.989174 0
    outer loop
      vertex 27.4147 10.0576 11
      vertex 27.7059 10.0144 0
      vertex 27.4147 10.0576 0
    endloop
  endfacet
  facet normal -0.427269 -0.904125 0
    outer loop
      vertex 85.148 15.7716 0
      vertex 85.4142 15.6458 10
      vertex 85.148 15.7716 10
    endloop
  endfacet
  facet normal -0.427269 -0.904125 -0
    outer loop
      vertex 85.4142 15.6458 10
      vertex 85.148 15.7716 0
      vertex 85.4142 15.6458 0
    endloop
  endfacet
  facet normal 0.671607 0.740908 -0
    outer loop
      vertex 26.0968 10.681 0
      vertex 25.8787 10.8787 11
      vertex 26.0968 10.681 11
    endloop
  endfacet
  facet normal 0.671607 0.740908 0
    outer loop
      vertex 25.8787 10.8787 11
      vertex 26.0968 10.681 0
      vertex 25.8787 10.8787 0
    endloop
  endfacet
  facet normal -0.146746 -0.989174 0
    outer loop
      vertex 84.2941 15.9856 0
      vertex 84.5853 15.9424 10
      vertex 84.2941 15.9856 10
    endloop
  endfacet
  facet normal -0.146746 -0.989174 -0
    outer loop
      vertex 84.5853 15.9424 10
      vertex 84.2941 15.9856 0
      vertex 84.5853 15.9424 0
    endloop
  endfacet
  facet normal -0.941527 0.336939 0
    outer loop
      vertex 86.7716 11.8519 0
      vertex 86.8708 12.1291 10
      vertex 86.8708 12.1291 0
    endloop
  endfacet
  facet normal -0.941527 0.336939 0
    outer loop
      vertex 86.8708 12.1291 10
      vertex 86.7716 11.8519 0
      vertex 86.7716 11.8519 10
    endloop
  endfacet
  facet normal -0.904125 -0.427269 0
    outer loop
      vertex 86.7716 14.148 0
      vertex 86.6458 14.4142 10
      vertex 86.6458 14.4142 0
    endloop
  endfacet
  facet normal -0.904125 -0.427269 0
    outer loop
      vertex 86.6458 14.4142 10
      vertex 86.7716 14.148 0
      vertex 86.7716 14.148 10
    endloop
  endfacet
  facet normal -0.671607 0.740908 0
    outer loop
      vertex 86.1213 10.8787 0
      vertex 85.9032 10.681 10
      vertex 86.1213 10.8787 10
    endloop
  endfacet
  facet normal -0.671607 0.740908 0
    outer loop
      vertex 85.9032 10.681 10
      vertex 86.1213 10.8787 0
      vertex 85.9032 10.681 0
    endloop
  endfacet
  facet normal 0.740908 0.671607 0
    outer loop
      vertex 25.8787 10.8787 11
      vertex 25.681 11.0968 0
      vertex 25.681 11.0968 11
    endloop
  endfacet
  facet normal 0.740908 0.671607 0
    outer loop
      vertex 25.681 11.0968 0
      vertex 25.8787 10.8787 11
      vertex 25.8787 10.8787 0
    endloop
  endfacet
  facet normal 0.595699 -0.803208 0
    outer loop
      vertex 26.0968 15.319 0
      vertex 26.3333 15.4944 11
      vertex 26.0968 15.319 11
    endloop
  endfacet
  facet normal 0.595699 -0.803208 0
    outer loop
      vertex 26.3333 15.4944 11
      vertex 26.0968 15.319 0
      vertex 26.3333 15.4944 0
    endloop
  endfacet
  facet normal -0.243255 -0.969962 0
    outer loop
      vertex 84.5853 15.9424 0
      vertex 84.8708 15.8708 10
      vertex 84.5853 15.9424 10
    endloop
  endfacet
  facet normal -0.243255 -0.969962 -0
    outer loop
      vertex 84.8708 15.8708 10
      vertex 84.5853 15.9424 0
      vertex 84.8708 15.8708 0
    endloop
  endfacet
  facet normal 0.740908 -0.671607 0
    outer loop
      vertex 25.681 14.9032 11
      vertex 25.8787 15.1213 0
      vertex 25.8787 15.1213 11
    endloop
  endfacet
  facet normal 0.740908 -0.671607 0
    outer loop
      vertex 25.8787 15.1213 0
      vertex 25.681 14.9032 11
      vertex 25.681 14.9032 0
    endloop
  endfacet
  facet normal 0.803208 -0.595699 0
    outer loop
      vertex 25.5056 14.6667 11
      vertex 25.681 14.9032 0
      vertex 25.681 14.9032 11
    endloop
  endfacet
  facet normal 0.803208 -0.595699 0
    outer loop
      vertex 25.681 14.9032 0
      vertex 25.5056 14.6667 11
      vertex 25.5056 14.6667 0
    endloop
  endfacet
  facet normal 0.336939 -0.941527 0
    outer loop
      vertex 26.8519 15.7716 0
      vertex 27.1291 15.8708 11
      vertex 26.8519 15.7716 11
    endloop
  endfacet
  facet normal 0.336939 -0.941527 0
    outer loop
      vertex 27.1291 15.8708 11
      vertex 26.8519 15.7716 0
      vertex 27.1291 15.8708 0
    endloop
  endfacet
  facet normal -0.336939 -0.941527 0
    outer loop
      vertex 84.8708 15.8708 0
      vertex 85.148 15.7716 10
      vertex 84.8708 15.8708 10
    endloop
  endfacet
  facet normal -0.336939 -0.941527 -0
    outer loop
      vertex 85.148 15.7716 10
      vertex 84.8708 15.8708 0
      vertex 85.148 15.7716 0
    endloop
  endfacet
  facet normal -0.989224 0.146413 0
    outer loop
      vertex 86.9424 12.4147 0
      vertex 86.9855 12.7059 10
      vertex 86.9855 12.7059 0
    endloop
  endfacet
  facet normal -0.989224 0.146413 0
    outer loop
      vertex 86.9855 12.7059 10
      vertex 86.9424 12.4147 0
      vertex 86.9424 12.4147 10
    endloop
  endfacet
  facet normal 0.998803 0.0489044 0
    outer loop
      vertex 25.0144 12.7059 11
      vertex 25 13 0
      vertex 25 13 11
    endloop
  endfacet
  facet normal 0.998803 0.0489044 0
    outer loop
      vertex 25 13 0
      vertex 25.0144 12.7059 11
      vertex 25.0144 12.7059 0
    endloop
  endfacet
  facet normal -0.969982 -0.243175 0
    outer loop
      vertex 86.9424 13.5853 0
      vertex 86.8708 13.8709 10
      vertex 86.8708 13.8709 0
    endloop
  endfacet
  facet normal -0.969982 -0.243175 0
    outer loop
      vertex 86.8708 13.8709 10
      vertex 86.9424 13.5853 0
      vertex 86.9424 13.5853 10
    endloop
  endfacet
  facet normal 0.857643 -0.514246 0
    outer loop
      vertex 25.3542 14.4142 11
      vertex 25.5056 14.6667 0
      vertex 25.5056 14.6667 11
    endloop
  endfacet
  facet normal 0.857643 -0.514246 0
    outer loop
      vertex 25.5056 14.6667 0
      vertex 25.3542 14.4142 11
      vertex 25.3542 14.4142 0
    endloop
  endfacet
  facet normal -0.336939 0.941527 0
    outer loop
      vertex 85.148 10.2284 0
      vertex 84.8708 10.1292 10
      vertex 85.148 10.2284 10
    endloop
  endfacet
  facet normal -0.336939 0.941527 0
    outer loop
      vertex 84.8708 10.1292 10
      vertex 85.148 10.2284 0
      vertex 84.8708 10.1292 0
    endloop
  endfacet
  facet normal 0.904063 0.4274 0
    outer loop
      vertex 25.3542 11.5858 11
      vertex 25.2284 11.8519 0
      vertex 25.2284 11.8519 11
    endloop
  endfacet
  facet normal 0.904063 0.4274 0
    outer loop
      vertex 25.2284 11.8519 0
      vertex 25.3542 11.5858 11
      vertex 25.3542 11.5858 0
    endloop
  endfacet
  facet normal -0.146746 0.989174 0
    outer loop
      vertex 84.5853 10.0576 0
      vertex 84.2941 10.0144 10
      vertex 84.5853 10.0576 10
    endloop
  endfacet
  facet normal -0.146746 0.989174 0
    outer loop
      vertex 84.2941 10.0144 10
      vertex 84.5853 10.0576 0
      vertex 84.2941 10.0144 0
    endloop
  endfacet
  facet normal -0.514246 0.857643 0
    outer loop
      vertex 85.6667 10.5056 0
      vertex 85.4142 10.3542 10
      vertex 85.6667 10.5056 10
    endloop
  endfacet
  facet normal -0.514246 0.857643 0
    outer loop
      vertex 85.4142 10.3542 10
      vertex 85.6667 10.5056 0
      vertex 85.4142 10.3542 0
    endloop
  endfacet
  facet normal 0.243175 -0.969982 0
    outer loop
      vertex 27.1291 15.8708 0
      vertex 27.4147 15.9424 11
      vertex 27.1291 15.8708 11
    endloop
  endfacet
  facet normal 0.243175 -0.969982 0
    outer loop
      vertex 27.4147 15.9424 11
      vertex 27.1291 15.8708 0
      vertex 27.4147 15.9424 0
    endloop
  endfacet
  facet normal 0.514246 0.857643 -0
    outer loop
      vertex 26.5858 10.3542 0
      vertex 26.3333 10.5056 11
      vertex 26.5858 10.3542 11
    endloop
  endfacet
  facet normal 0.514246 0.857643 0
    outer loop
      vertex 26.3333 10.5056 11
      vertex 26.5858 10.3542 0
      vertex 26.3333 10.5056 0
    endloop
  endfacet
  facet normal 0.4274 -0.904063 0
    outer loop
      vertex 26.5858 15.6458 0
      vertex 26.8519 15.7716 11
      vertex 26.5858 15.6458 11
    endloop
  endfacet
  facet normal 0.4274 -0.904063 0
    outer loop
      vertex 26.8519 15.7716 11
      vertex 26.5858 15.6458 0
      vertex 26.8519 15.7716 0
    endloop
  endfacet
  facet normal 0.336939 0.941527 -0
    outer loop
      vertex 27.1291 10.1292 0
      vertex 26.8519 10.2284 11
      vertex 27.1291 10.1292 11
    endloop
  endfacet
  facet normal 0.336939 0.941527 0
    outer loop
      vertex 26.8519 10.2284 11
      vertex 27.1291 10.1292 0
      vertex 26.8519 10.2284 0
    endloop
  endfacet
  facet normal 0.243175 0.969982 -0
    outer loop
      vertex 27.4147 10.0576 0
      vertex 27.1291 10.1292 11
      vertex 27.4147 10.0576 11
    endloop
  endfacet
  facet normal 0.243175 0.969982 0
    outer loop
      vertex 27.1291 10.1292 11
      vertex 27.4147 10.0576 0
      vertex 27.1291 10.1292 0
    endloop
  endfacet
  facet normal 0.904125 -0.427269 0
    outer loop
      vertex 25.2284 14.148 11
      vertex 25.3542 14.4142 0
      vertex 25.3542 14.4142 11
    endloop
  endfacet
  facet normal 0.904125 -0.427269 0
    outer loop
      vertex 25.3542 14.4142 0
      vertex 25.2284 14.148 11
      vertex 25.2284 14.148 0
    endloop
  endfacet
  facet normal 0.595699 0.803208 -0
    outer loop
      vertex 26.3333 10.5056 0
      vertex 26.0968 10.681 11
      vertex 26.3333 10.5056 11
    endloop
  endfacet
  facet normal 0.595699 0.803208 0
    outer loop
      vertex 26.0968 10.681 11
      vertex 26.3333 10.5056 0
      vertex 26.0968 10.681 0
    endloop
  endfacet
  facet normal 0.4274 0.904063 -0
    outer loop
      vertex 26.8519 10.2284 0
      vertex 26.5858 10.3542 11
      vertex 26.8519 10.2284 11
    endloop
  endfacet
  facet normal 0.4274 0.904063 0
    outer loop
      vertex 26.5858 10.3542 11
      vertex 26.8519 10.2284 0
      vertex 26.5858 10.3542 0
    endloop
  endfacet
  facet normal -0.427269 0.904125 0
    outer loop
      vertex 85.4142 10.3542 0
      vertex 85.148 10.2284 10
      vertex 85.4142 10.3542 10
    endloop
  endfacet
  facet normal -0.427269 0.904125 0
    outer loop
      vertex 85.148 10.2284 10
      vertex 85.4142 10.3542 0
      vertex 85.148 10.2284 0
    endloop
  endfacet
  facet normal 0 0 -1
    outer loop
      vertex 28 10 11
      vertex 40 16 11
      vertex 40 10 11
    endloop
  endfacet
  facet normal 0 0 -1
    outer loop
      vertex 28 10 11
      vertex 28 16 11
      vertex 40 16 11
    endloop
  endfacet
  facet normal 0 0 -1
    outer loop
      vertex 27.7059 10.0144 11
      vertex 28 16 11
      vertex 28 10 11
    endloop
  endfacet
  facet normal 0 0 -1
    outer loop
      vertex 27.7059 10.0144 11
      vertex 27.7059 15.9856 11
      vertex 28 16 11
    endloop
  endfacet
  facet normal 0 0 -1
    outer loop
      vertex 27.4147 10.0576 11
      vertex 27.7059 15.9856 11
      vertex 27.7059 10.0144 11
    endloop
  endfacet
  facet normal 0 0 -1
    outer loop
      vertex 27.4147 10.0576 11
      vertex 27.4147 15.9424 11
      vertex 27.7059 15.9856 11
    endloop
  endfacet
  facet normal 0 0 -1
    outer loop
      vertex 27.1291 10.1292 11
      vertex 27.4147 15.9424 11
      vertex 27.4147 10.0576 11
    endloop
  endfacet
  facet normal 0 0 -1
    outer loop
      vertex 27.1291 10.1292 11
      vertex 27.1291 15.8708 11
      vertex 27.4147 15.9424 11
    endloop
  endfacet
  facet normal 0 0 -1
    outer loop
      vertex 26.8519 10.2284 11
      vertex 27.1291 15.8708 11
      vertex 27.1291 10.1292 11
    endloop
  endfacet
  facet normal 0 0 -1
    outer loop
      vertex 26.8519 10.2284 11
      vertex 26.8519 15.7716 11
      vertex 27.1291 15.8708 11
    endloop
  endfacet
  facet normal 0 0 -1
    outer loop
      vertex 26.5858 10.3542 11
      vertex 26.8519 15.7716 11
      vertex 26.8519 10.2284 11
    endloop
  endfacet
  facet normal 0 0 -1
    outer loop
      vertex 26.5858 10.3542 11
      vertex 26.5858 15.6458 11
      vertex 26.8519 15.7716 11
    endloop
  endfacet
  facet normal 0 0 -1
    outer loop
      vertex 26.3333 10.5056 11
      vertex 26.5858 15.6458 11
      vertex 26.5858 10.3542 11
    endloop
  endfacet
  facet normal 0 0 -1
    outer loop
      vertex 26.3333 10.5056 11
      vertex 26.3333 15.4944 11
      vertex 26.5858 15.6458 11
    endloop
  endfacet
  facet normal 0 0 -1
    outer loop
      vertex 26.0968 10.681 11
      vertex 26.3333 15.4944 11
      vertex 26.3333 10.5056 11
    endloop
  endfacet
  facet normal 0 0 -1
    outer loop
      vertex 26.0968 10.681 11
      vertex 26.0968 15.319 11
      vertex 26.3333 15.4944 11
    endloop
  endfacet
  facet normal 0 0 -1
    outer loop
      vertex 25.8787 10.8787 11
      vertex 26.0968 15.319 11
      vertex 26.0968 10.681 11
    endloop
  endfacet
  facet normal 0 0 -1
    outer loop
      vertex 25.8787 10.8787 11
      vertex 25.8787 15.1213 11
      vertex 26.0968 15.319 11
    endloop
  endfacet
  facet normal 0 0 -1
    outer loop
      vertex 25.681 11.0968 11
      vertex 25.8787 15.1213 11
      vertex 25.8787 10.8787 11
    endloop
  endfacet
  facet normal 0 0 -1
    outer loop
      vertex 25.681 11.0968 11
      vertex 25.681 14.9032 11
      vertex 25.8787 15.1213 11
    endloop
  endfacet
  facet normal 0 0 -1
    outer loop
      vertex 25.5056 11.3333 11
      vertex 25.681 14.9032 11
      vertex 25.681 11.0968 11
    endloop
  endfacet
  facet normal 0 0 -1
    outer loop
      vertex 25.5056 11.3333 11
      vertex 25.5056 14.6667 11
      vertex 25.681 14.9032 11
    endloop
  endfacet
  facet normal 0 0 -1
    outer loop
      vertex 25.3542 11.5858 11
      vertex 25.5056 14.6667 11
      vertex 25.5056 11.3333 11
    endloop
  endfacet
  facet normal 0 0 -1
    outer loop
      vertex 25.3542 11.5858 11
      vertex 25.3542 14.4142 11
      vertex 25.5056 14.6667 11
    endloop
  endfacet
  facet normal 0 0 -1
    outer loop
      vertex 25.2284 11.8519 11
      vertex 25.3542 14.4142 11
      vertex 25.3542 11.5858 11
    endloop
  endfacet
  facet normal 0 0 -1
    outer loop
      vertex 25.2284 11.8519 11
      vertex 25.2284 14.148 11
      vertex 25.3542 14.4142 11
    endloop
  endfacet
  facet normal 0 0 -1
    outer loop
      vertex 25.1292 12.1291 11
      vertex 25.2284 14.148 11
      vertex 25.2284 11.8519 11
    endloop
  endfacet
  facet normal 0 0 -1
    outer loop
      vertex 25.1292 12.1291 11
      vertex 25.1292 13.8709 11
      vertex 25.2284 14.148 11
    endloop
  endfacet
  facet normal 0 0 -1
    outer loop
      vertex 25.0576 12.4147 11
      vertex 25.1292 13.8709 11
      vertex 25.1292 12.1291 11
    endloop
  endfacet
  facet normal 0 0 -1
    outer loop
      vertex 25.0576 12.4147 11
      vertex 25.0576 13.5853 11
      vertex 25.1292 13.8709 11
    endloop
  endfacet
  facet normal 0 0 -1
    outer loop
      vertex 25.0144 12.7059 11
      vertex 25.0576 13.5853 11
      vertex 25.0576 12.4147 11
    endloop
  endfacet
  facet normal 0 0 -1
    outer loop
      vertex 25.0144 12.7059 11
      vertex 25.0144 13.2941 11
      vertex 25.0576 13.5853 11
    endloop
  endfacet
  facet normal 0 -0 -1
    outer loop
      vertex 25.0144 13.2941 11
      vertex 25.0144 12.7059 11
      vertex 25 13 11
    endloop
  endfacet
  facet normal 0.671607 -0.740908 0
    outer loop
      vertex 25.8787 15.1213 0
      vertex 26.0968 15.319 11
      vertex 25.8787 15.1213 11
    endloop
  endfacet
  facet normal 0.671607 -0.740908 0
    outer loop
      vertex 26.0968 15.319 11
      vertex 25.8787 15.1213 0
      vertex 26.0968 15.319 0
    endloop
  endfacet
  facet normal -0.989028 -0.14773 0
    outer loop
      vertex 103.981 13.3921 0
      vertex 103.923 13.7804 10
      vertex 103.923 13.7804 0
    endloop
  endfacet
  facet normal -0.989028 -0.14773 0
    outer loop
      vertex 103.923 13.7804 10
      vertex 103.981 13.3921 0
      vertex 103.981 13.3921 10
    endloop
  endfacet
  facet normal -0.998828 -0.0484002 0
    outer loop
      vertex 104 13 0
      vertex 103.981 13.3921 10
      vertex 103.981 13.3921 0
    endloop
  endfacet
  facet normal -0.998828 -0.0484002 0
    outer loop
      vertex 103.981 13.3921 10
      vertex 104 13 0
      vertex 104 13 10
    endloop
  endfacet
  facet normal -0.970247 -0.242116 0
    outer loop
      vertex 103.923 13.7804 0
      vertex 103.828 14.1611 10
      vertex 103.828 14.1611 0
    endloop
  endfacet
  facet normal -0.970247 -0.242116 0
    outer loop
      vertex 103.828 14.1611 10
      vertex 103.923 13.7804 0
      vertex 103.923 13.7804 10
    endloop
  endfacet
  facet normal 0.671663 0.740857 -0
    outer loop
      vertex 97.4624 9.90796 0
      vertex 97.1716 10.1716 10
      vertex 97.4624 9.90796 10
    endloop
  endfacet
  facet normal 0.671663 0.740857 0
    outer loop
      vertex 97.1716 10.1716 10
      vertex 97.4624 9.90796 0
      vertex 97.1716 10.1716 0
    endloop
  endfacet
  facet normal -0.941742 -0.336336 0
    outer loop
      vertex 103.828 14.1611 0
      vertex 103.696 14.5307 10
      vertex 103.696 14.5307 0
    endloop
  endfacet
  facet normal -0.941742 -0.336336 0
    outer loop
      vertex 103.696 14.5307 10
      vertex 103.828 14.1611 0
      vertex 103.828 14.1611 10
    endloop
  endfacet
  facet normal -0.336691 -0.941615 0
    outer loop
      vertex 101.161 16.8278 0
      vertex 101.531 16.6955 10
      vertex 101.161 16.8278 10
    endloop
  endfacet
  facet normal -0.336691 -0.941615 -0
    outer loop
      vertex 101.531 16.6955 10
      vertex 101.161 16.8278 0
      vertex 101.531 16.6955 0
    endloop
  endfacet
  facet normal 0.049061 0.998796 -0
    outer loop
      vertex 100 9 0
      vertex 99.6079 9.01926 10
      vertex 100 9 10
    endloop
  endfacet
  facet normal 0.049061 0.998796 0
    outer loop
      vertex 99.6079 9.01926 10
      vertex 100 9 0
      vertex 99.6079 9.01926 0
    endloop
  endfacet
  facet normal -0.941742 0.336336 0
    outer loop
      vertex 103.696 11.4693 0
      vertex 103.828 11.8389 10
      vertex 103.828 11.8389 0
    endloop
  endfacet
  facet normal -0.941742 0.336336 0
    outer loop
      vertex 103.828 11.8389 10
      vertex 103.696 11.4693 0
      vertex 103.696 11.4693 10
    endloop
  endfacet
  facet normal 0.42744 -0.904044 0
    outer loop
      vertex 98.1144 16.5277 0
      vertex 98.4693 16.6955 10
      vertex 98.1144 16.5277 10
    endloop
  endfacet
  facet normal 0.42744 -0.904044 0
    outer loop
      vertex 98.4693 16.6955 10
      vertex 98.1144 16.5277 0
      vertex 98.4693 16.6955 0
    endloop
  endfacet
  facet normal -0.672622 -0.739986 0
    outer loop
      vertex 102.538 16.092 0
      vertex 102.828 15.8284 10
      vertex 102.538 16.092 10
    endloop
  endfacet
  facet normal -0.672622 -0.739986 -0
    outer loop
      vertex 102.828 15.8284 10
      vertex 102.538 16.092 0
      vertex 102.828 15.8284 0
    endloop
  endfacet
  facet normal -0.242847 0.970065 0
    outer loop
      vertex 101.161 9.17224 0
      vertex 100.78 9.07686 10
      vertex 101.161 9.17224 10
    endloop
  endfacet
  facet normal -0.242847 0.970065 0
    outer loop
      vertex 100.78 9.07686 10
      vertex 101.161 9.17224 0
      vertex 100.78 9.07686 0
    endloop
  endfacet
  facet normal -0.146844 -0.98916 0
    outer loop
      vertex 100.392 16.9807 0
      vertex 100.78 16.9231 10
      vertex 100.392 16.9807 10
    endloop
  endfacet
  facet normal -0.146844 -0.98916 -0
    outer loop
      vertex 100.78 16.9231 10
      vertex 100.392 16.9807 0
      vertex 100.78 16.9231 0
    endloop
  endfacet
  facet normal 0.970068 -0.242835 0
    outer loop
      vertex 96.0769 13.7804 10
      vertex 96.1722 14.1611 0
      vertex 96.1722 14.1611 10
    endloop
  endfacet
  facet normal 0.970068 -0.242835 0
    outer loop
      vertex 96.1722 14.1611 0
      vertex 96.0769 13.7804 10
      vertex 96.0769 13.7804 0
    endloop
  endfacet
  facet normal 0.904044 0.42744 0
    outer loop
      vertex 96.4723 11.1144 10
      vertex 96.3045 11.4693 0
      vertex 96.3045 11.4693 10
    endloop
  endfacet
  facet normal 0.904044 0.42744 0
    outer loop
      vertex 96.3045 11.4693 0
      vertex 96.4723 11.1144 10
      vertex 96.4723 11.1144 0
    endloop
  endfacet
  facet normal -0.803015 0.595958 0
    outer loop
      vertex 103.092 10.4624 0
      vertex 103.326 10.7777 10
      vertex 103.326 10.7777 0
    endloop
  endfacet
  facet normal -0.803015 0.595958 0
    outer loop
      vertex 103.326 10.7777 10
      vertex 103.092 10.4624 0
      vertex 103.092 10.4624 10
    endloop
  endfacet
  facet normal 0.803137 0.595794 0
    outer loop
      vertex 96.908 10.4624 10
      vertex 96.6741 10.7777 0
      vertex 96.6741 10.7777 10
    endloop
  endfacet
  facet normal 0.803137 0.595794 0
    outer loop
      vertex 96.6741 10.7777 0
      vertex 96.908 10.4624 10
      vertex 96.908 10.4624 0
    endloop
  endfacet
  facet normal -0.989028 0.14773 0
    outer loop
      vertex 103.923 12.2196 0
      vertex 103.981 12.6079 10
      vertex 103.981 12.6079 0
    endloop
  endfacet
  facet normal -0.989028 0.14773 0
    outer loop
      vertex 103.981 12.6079 10
      vertex 103.923 12.2196 0
      vertex 103.923 12.2196 10
    endloop
  endfacet
  facet normal 0.146733 -0.989176 0
    outer loop
      vertex 99.2196 16.9231 0
      vertex 99.6079 16.9807 10
      vertex 99.2196 16.9231 10
    endloop
  endfacet
  facet normal 0.146733 -0.989176 0
    outer loop
      vertex 99.6079 16.9807 10
      vertex 99.2196 16.9231 0
      vertex 99.6079 16.9807 0
    endloop
  endfacet
  facet normal -0.0491751 -0.99879 0
    outer loop
      vertex 100 17 0
      vertex 100.392 16.9807 10
      vertex 100 17 10
    endloop
  endfacet
  facet normal -0.0491751 -0.99879 -0
    outer loop
      vertex 100.392 16.9807 10
      vertex 100 17 0
      vertex 100.392 16.9807 0
    endloop
  endfacet
  facet normal 0.9415 0.337014 0
    outer loop
      vertex 96.3045 11.4693 10
      vertex 96.1722 11.8389 0
      vertex 96.1722 11.8389 10
    endloop
  endfacet
  facet normal 0.9415 0.337014 0
    outer loop
      vertex 96.1722 11.8389 0
      vertex 96.3045 11.4693 10
      vertex 96.3045 11.4693 0
    endloop
  endfacet
  facet normal -0.427342 -0.90409 0
    outer loop
      vertex 101.531 16.6955 0
      vertex 101.886 16.5277 10
      vertex 101.531 16.6955 10
    endloop
  endfacet
  facet normal -0.427342 -0.90409 -0
    outer loop
      vertex 101.886 16.5277 10
      vertex 101.531 16.6955 0
      vertex 101.886 16.5277 0
    endloop
  endfacet
  facet normal 0.85774 0.514084 0
    outer loop
      vertex 96.6741 10.7777 10
      vertex 96.4723 11.1144 0
      vertex 96.4723 11.1144 10
    endloop
  endfacet
  facet normal 0.85774 0.514084 0
    outer loop
      vertex 96.4723 11.1144 0
      vertex 96.6741 10.7777 10
      vertex 96.6741 10.7777 0
    endloop
  endfacet
  facet normal 0.146733 0.989176 -0
    outer loop
      vertex 99.6079 9.01926 0
      vertex 99.2196 9.07686 10
      vertex 99.6079 9.01926 10
    endloop
  endfacet
  facet normal 0.146733 0.989176 0
    outer loop
      vertex 99.2196 9.07686 10
      vertex 99.6079 9.01926 0
      vertex 99.2196 9.07686 0
    endloop
  endfacet
  facet normal -0.672678 0.739935 0
    outer loop
      vertex 102.828 10.1716 0
      vertex 102.538 9.90796 10
      vertex 102.828 10.1716 10
    endloop
  endfacet
  facet normal -0.672678 0.739935 0
    outer loop
      vertex 102.538 9.90796 10
      vertex 102.828 10.1716 0
      vertex 102.538 9.90796 0
    endloop
  endfacet
  facet normal 0.337014 -0.9415 0
    outer loop
      vertex 98.4693 16.6955 0
      vertex 98.8389 16.8278 10
      vertex 98.4693 16.6955 10
    endloop
  endfacet
  facet normal 0.337014 -0.9415 0
    outer loop
      vertex 98.8389 16.8278 10
      vertex 98.4693 16.6955 0
      vertex 98.8389 16.8278 0
    endloop
  endfacet
  facet normal -0.970247 0.242116 0
    outer loop
      vertex 103.828 11.8389 0
      vertex 103.923 12.2196 10
      vertex 103.923 12.2196 0
    endloop
  endfacet
  facet normal -0.970247 0.242116 0
    outer loop
      vertex 103.923 12.2196 10
      vertex 103.828 11.8389 0
      vertex 103.828 11.8389 10
    endloop
  endfacet
  facet normal 0.671607 -0.740908 0
    outer loop
      vertex 97.1716 15.8284 0
      vertex 97.4624 16.092 10
      vertex 97.1716 15.8284 10
    endloop
  endfacet
  facet normal 0.671607 -0.740908 0
    outer loop
      vertex 97.4624 16.092 10
      vertex 97.1716 15.8284 0
      vertex 97.4624 16.092 0
    endloop
  endfacet
  facet normal 0.595695 0.80321 -0
    outer loop
      vertex 97.7777 9.67412 0
      vertex 97.4624 9.90796 10
      vertex 97.7777 9.67412 10
    endloop
  endfacet
  facet normal 0.595695 0.80321 0
    outer loop
      vertex 97.4624 9.90796 10
      vertex 97.7777 9.67412 0
      vertex 97.4624 9.90796 0
    endloop
  endfacet
  facet normal -0.803015 -0.595958 0
    outer loop
      vertex 103.326 15.2223 0
      vertex 103.092 15.5376 10
      vertex 103.092 15.5376 0
    endloop
  endfacet
  facet normal -0.803015 -0.595958 0
    outer loop
      vertex 103.092 15.5376 10
      vertex 103.326 15.2223 0
      vertex 103.326 15.2223 10
    endloop
  endfacet
  facet normal 0.85774 -0.514084 0
    outer loop
      vertex 96.4723 14.8856 10
      vertex 96.6741 15.2223 0
      vertex 96.6741 15.2223 10
    endloop
  endfacet
  facet normal 0.85774 -0.514084 0
    outer loop
      vertex 96.6741 15.2223 0
      vertex 96.4723 14.8856 10
      vertex 96.4723 14.8856 0
    endloop
  endfacet
  facet normal -0.998828 0.0484002 0
    outer loop
      vertex 103.981 12.6079 0
      vertex 104 13 10
      vertex 104 13 0
    endloop
  endfacet
  facet normal -0.998828 0.0484002 0
    outer loop
      vertex 104 13 10
      vertex 103.981 12.6079 0
      vertex 103.981 12.6079 10
    endloop
  endfacet
  facet normal -0.336556 0.941664 0
    outer loop
      vertex 101.531 9.30448 0
      vertex 101.161 9.17224 10
      vertex 101.531 9.30448 10
    endloop
  endfacet
  facet normal -0.336556 0.941664 0
    outer loop
      vertex 101.161 9.17224 10
      vertex 101.531 9.30448 0
      vertex 101.161 9.17224 0
    endloop
  endfacet
  facet normal 0.9415 -0.337014 0
    outer loop
      vertex 96.1722 14.1611 10
      vertex 96.3045 14.5307 0
      vertex 96.3045 14.5307 10
    endloop
  endfacet
  facet normal 0.9415 -0.337014 0
    outer loop
      vertex 96.3045 14.5307 0
      vertex 96.1722 14.1611 10
      vertex 96.1722 14.1611 0
    endloop
  endfacet
  facet normal -0.594942 -0.803769 0
    outer loop
      vertex 102.222 16.3259 0
      vertex 102.538 16.092 10
      vertex 102.222 16.3259 10
    endloop
  endfacet
  facet normal -0.594942 -0.803769 -0
    outer loop
      vertex 102.538 16.092 10
      vertex 102.222 16.3259 0
      vertex 102.538 16.092 0
    endloop
  endfacet
  facet normal -0.514871 -0.857268 0
    outer loop
      vertex 101.886 16.5277 0
      vertex 102.222 16.3259 10
      vertex 101.886 16.5277 10
    endloop
  endfacet
  facet normal -0.514871 -0.857268 -0
    outer loop
      vertex 102.222 16.3259 10
      vertex 101.886 16.5277 0
      vertex 102.222 16.3259 0
    endloop
  endfacet
  facet normal -0.146844 0.98916 0
    outer loop
      vertex 100.78 9.07686 0
      vertex 100.392 9.01926 10
      vertex 100.78 9.07686 10
    endloop
  endfacet
  facet normal -0.146844 0.98916 0
    outer loop
      vertex 100.392 9.01926 10
      vertex 100.78 9.07686 0
      vertex 100.392 9.01926 0
    endloop
  endfacet
  facet normal -0.857515 0.514458 0
    outer loop
      vertex 103.326 10.7777 0
      vertex 103.528 11.1144 10
      vertex 103.528 11.1144 0
    endloop
  endfacet
  facet normal -0.857515 0.514458 0
    outer loop
      vertex 103.528 11.1144 10
      vertex 103.326 10.7777 0
      vertex 103.326 10.7777 10
    endloop
  endfacet
  facet normal 0.998791 0.0491626 0
    outer loop
      vertex 96.0193 12.6079 10
      vertex 96 13 0
      vertex 96 13 10
    endloop
  endfacet
  facet normal 0.998791 0.0491626 0
    outer loop
      vertex 96 13 0
      vertex 96.0193 12.6079 10
      vertex 96.0193 12.6079 0
    endloop
  endfacet
  facet normal -0.242655 -0.970113 0
    outer loop
      vertex 100.78 16.9231 0
      vertex 101.161 16.8278 10
      vertex 100.78 16.9231 10
    endloop
  endfacet
  facet normal -0.242655 -0.970113 -0
    outer loop
      vertex 101.161 16.8278 10
      vertex 100.78 16.9231 0
      vertex 101.161 16.8278 0
    endloop
  endfacet
  facet normal 0.998791 -0.0491626 0
    outer loop
      vertex 96 13 10
      vertex 96.0193 13.3921 0
      vertex 96.0193 13.3921 10
    endloop
  endfacet
  facet normal 0.998791 -0.0491626 0
    outer loop
      vertex 96.0193 13.3921 0
      vertex 96 13 10
      vertex 96 13 0
    endloop
  endfacet
  facet normal 0.514084 -0.85774 0
    outer loop
      vertex 97.7777 16.3259 0
      vertex 98.1144 16.5277 10
      vertex 97.7777 16.3259 10
    endloop
  endfacet
  facet normal 0.514084 -0.85774 0
    outer loop
      vertex 98.1144 16.5277 10
      vertex 97.7777 16.3259 0
      vertex 98.1144 16.5277 0
    endloop
  endfacet
  facet normal 0.243027 0.970019 -0
    outer loop
      vertex 99.2196 9.07686 0
      vertex 98.8389 9.17224 10
      vertex 99.2196 9.07686 10
    endloop
  endfacet
  facet normal 0.243027 0.970019 0
    outer loop
      vertex 98.8389 9.17224 10
      vertex 99.2196 9.07686 0
      vertex 98.8389 9.17224 0
    endloop
  endfacet
  facet normal -0.903847 -0.427856 0
    outer loop
      vertex 103.696 14.5307 0
      vertex 103.528 14.8856 10
      vertex 103.528 14.8856 0
    endloop
  endfacet
  facet normal -0.903847 -0.427856 0
    outer loop
      vertex 103.528 14.8856 10
      vertex 103.696 14.5307 0
      vertex 103.696 14.5307 10
    endloop
  endfacet
  facet normal -0.857515 -0.514458 0
    outer loop
      vertex 103.528 14.8856 0
      vertex 103.326 15.2223 10
      vertex 103.326 15.2223 0
    endloop
  endfacet
  facet normal -0.857515 -0.514458 0
    outer loop
      vertex 103.326 15.2223 10
      vertex 103.528 14.8856 0
      vertex 103.528 14.8856 10
    endloop
  endfacet
  facet normal 0.740908 -0.671607 0
    outer loop
      vertex 96.908 15.5376 10
      vertex 97.1716 15.8284 0
      vertex 97.1716 15.8284 10
    endloop
  endfacet
  facet normal 0.740908 -0.671607 0
    outer loop
      vertex 97.1716 15.8284 0
      vertex 96.908 15.5376 10
      vertex 96.908 15.5376 0
    endloop
  endfacet
  facet normal 0.989176 0.146733 0
    outer loop
      vertex 96.0769 12.2196 10
      vertex 96.0193 12.6079 0
      vertex 96.0193 12.6079 10
    endloop
  endfacet
  facet normal 0.989176 0.146733 0
    outer loop
      vertex 96.0193 12.6079 0
      vertex 96.0769 12.2196 10
      vertex 96.0769 12.2196 0
    endloop
  endfacet
  facet normal 0.740908 0.671607 0
    outer loop
      vertex 97.1716 10.1716 10
      vertex 96.908 10.4624 0
      vertex 96.908 10.4624 10
    endloop
  endfacet
  facet normal 0.740908 0.671607 0
    outer loop
      vertex 96.908 10.4624 0
      vertex 97.1716 10.1716 10
      vertex 97.1716 10.1716 0
    endloop
  endfacet
  facet normal 0.0491626 -0.998791 0
    outer loop
      vertex 99.6079 16.9807 0
      vertex 100 17 10
      vertex 99.6079 16.9807 10
    endloop
  endfacet
  facet normal 0.0491626 -0.998791 0
    outer loop
      vertex 100 17 10
      vertex 99.6079 16.9807 0
      vertex 100 17 0
    endloop
  endfacet
  facet normal 0.242835 -0.970068 0
    outer loop
      vertex 98.8389 16.8278 0
      vertex 99.2196 16.9231 10
      vertex 98.8389 16.8278 10
    endloop
  endfacet
  facet normal 0.242835 -0.970068 0
    outer loop
      vertex 99.2196 16.9231 10
      vertex 98.8389 16.8278 0
      vertex 99.2196 16.9231 0
    endloop
  endfacet
  facet normal 0.514102 0.857729 -0
    outer loop
      vertex 98.1144 9.47231 0
      vertex 97.7777 9.67412 10
      vertex 98.1144 9.47231 10
    endloop
  endfacet
  facet normal 0.514102 0.857729 0
    outer loop
      vertex 97.7777 9.67412 10
      vertex 98.1144 9.47231 0
      vertex 97.7777 9.67412 0
    endloop
  endfacet
  facet normal 0.904044 -0.42744 0
    outer loop
      vertex 96.3045 14.5307 10
      vertex 96.4723 14.8856 0
      vertex 96.4723 14.8856 10
    endloop
  endfacet
  facet normal 0.904044 -0.42744 0
    outer loop
      vertex 96.4723 14.8856 0
      vertex 96.3045 14.5307 10
      vertex 96.3045 14.5307 0
    endloop
  endfacet
  facet normal -0.427404 0.904061 0
    outer loop
      vertex 101.886 9.47231 0
      vertex 101.531 9.30448 10
      vertex 101.886 9.47231 10
    endloop
  endfacet
  facet normal -0.427404 0.904061 0
    outer loop
      vertex 101.531 9.30448 10
      vertex 101.886 9.47231 0
      vertex 101.531 9.30448 0
    endloop
  endfacet
  facet normal -0.594843 0.803842 0
    outer loop
      vertex 102.538 9.90796 0
      vertex 102.222 9.67412 10
      vertex 102.538 9.90796 10
    endloop
  endfacet
  facet normal -0.594843 0.803842 0
    outer loop
      vertex 102.222 9.67412 10
      vertex 102.538 9.90796 0
      vertex 102.222 9.67412 0
    endloop
  endfacet
  facet normal 0.970068 0.242835 0
    outer loop
      vertex 96.1722 11.8389 10
      vertex 96.0769 12.2196 0
      vertex 96.0769 12.2196 10
    endloop
  endfacet
  facet normal 0.970068 0.242835 0
    outer loop
      vertex 96.0769 12.2196 0
      vertex 96.1722 11.8389 10
      vertex 96.1722 11.8389 0
    endloop
  endfacet
  facet normal -0.740401 -0.672166 0
    outer loop
      vertex 103.092 15.5376 0
      vertex 102.828 15.8284 10
      vertex 102.828 15.8284 0
    endloop
  endfacet
  facet normal -0.740401 -0.672166 0
    outer loop
      vertex 102.828 15.8284 10
      vertex 103.092 15.5376 0
      vertex 103.092 15.5376 10
    endloop
  endfacet
  facet normal -0.51489 0.857256 0
    outer loop
      vertex 102.222 9.67412 0
      vertex 101.886 9.47231 10
      vertex 102.222 9.67412 10
    endloop
  endfacet
  facet normal -0.51489 0.857256 0
    outer loop
      vertex 101.886 9.47231 10
      vertex 102.222 9.67412 0
      vertex 101.886 9.47231 0
    endloop
  endfacet
  facet normal -0.903847 0.427856 0
    outer loop
      vertex 103.528 11.1144 0
      vertex 103.696 11.4693 10
      vertex 103.696 11.4693 0
    endloop
  endfacet
  facet normal -0.903847 0.427856 0
    outer loop
      vertex 103.696 11.4693 10
      vertex 103.528 11.1144 0
      vertex 103.528 11.1144 10
    endloop
  endfacet
  facet normal 0.803137 -0.595794 0
    outer loop
      vertex 96.6741 15.2223 10
      vertex 96.908 15.5376 0
      vertex 96.908 15.5376 10
    endloop
  endfacet
  facet normal 0.803137 -0.595794 0
    outer loop
      vertex 96.908 15.5376 0
      vertex 96.6741 15.2223 10
      vertex 96.6741 15.2223 0
    endloop
  endfacet
  facet normal -0.0490735 0.998795 0
    outer loop
      vertex 100.392 9.01926 0
      vertex 100 9 10
      vertex 100.392 9.01926 10
    endloop
  endfacet
  facet normal -0.0490735 0.998795 0
    outer loop
      vertex 100 9 10
      vertex 100.392 9.01926 0
      vertex 100 9 0
    endloop
  endfacet
  facet normal 0.595794 -0.803137 0
    outer loop
      vertex 97.4624 16.092 0
      vertex 97.7777 16.3259 10
      vertex 97.4624 16.092 10
    endloop
  endfacet
  facet normal 0.595794 -0.803137 0
    outer loop
      vertex 97.7777 16.3259 10
      vertex 97.4624 16.092 0
      vertex 97.7777 16.3259 0
    endloop
  endfacet
  facet normal -0.740401 0.672166 0
    outer loop
      vertex 102.828 10.1716 0
      vertex 103.092 10.4624 10
      vertex 103.092 10.4624 0
    endloop
  endfacet
  facet normal -0.740401 0.672166 0
    outer loop
      vertex 103.092 10.4624 10
      vertex 102.828 10.1716 0
      vertex 102.828 10.1716 10
    endloop
  endfacet
  facet normal 0.989176 -0.146733 0
    outer loop
      vertex 96.0193 13.3921 10
      vertex 96.0769 13.7804 0
      vertex 96.0769 13.7804 10
    endloop
  endfacet
  facet normal 0.989176 -0.146733 0
    outer loop
      vertex 96.0769 13.7804 0
      vertex 96.0193 13.3921 10
      vertex 96.0193 13.3921 0
    endloop
  endfacet
  facet normal 0.336879 0.941548 -0
    outer loop
      vertex 98.8389 9.17224 0
      vertex 98.4693 9.30448 10
      vertex 98.8389 9.17224 10
    endloop
  endfacet
  facet normal 0.336879 0.941548 0
    outer loop
      vertex 98.4693 9.30448 10
      vertex 98.8389 9.17224 0
      vertex 98.4693 9.30448 0
    endloop
  endfacet
  facet normal 0.427503 0.904014 -0
    outer loop
      vertex 98.4693 9.30448 0
      vertex 98.1144 9.47231 10
      vertex 98.4693 9.30448 10
    endloop
  endfacet
  facet normal 0.427503 0.904014 0
    outer loop
      vertex 98.1144 9.47231 10
      vertex 98.4693 9.30448 0
      vertex 98.1144 9.47231 0
    endloop
  endfacet
  facet normal -1 0 0
    outer loop
      vertex 89 16 16
      vertex 89 19 38
      vertex 89 19 16
    endloop
  endfacet
  facet normal -1 -0 0
    outer loop
      vertex 89 19 38
      vertex 89 16 16
      vertex 89 16 38
    endloop
  endfacet
  facet normal -1 0 0
    outer loop
      vertex 89 7 16
      vertex 89 10 38
      vertex 89 10 16
    endloop
  endfacet
  facet normal -1 -0 0
    outer loop
      vertex 89 10 38
      vertex 89 7 16
      vertex 89 7 38
    endloop
  endfacet
  facet normal 0 0 1
    outer loop
      vertex 89 19 16
      vertex 40 16 16
      vertex 89 16 16
    endloop
  endfacet
  facet normal 0 0 1
    outer loop
      vertex 40 16 16
      vertex 34 19 16
      vertex 40 10 16
    endloop
  endfacet
  facet normal -0 0 1
    outer loop
      vertex 34 19 16
      vertex 40 16 16
      vertex 89 19 16
    endloop
  endfacet
  facet normal -0 0 1
    outer loop
      vertex 40 10 16
      vertex 89 7 16
      vertex 89 10 16
    endloop
  endfacet
  facet normal 0 0 1
    outer loop
      vertex 40 10 16
      vertex 34 7 16
      vertex 89 7 16
    endloop
  endfacet
  facet normal 0 0 1
    outer loop
      vertex 34 7 16
      vertex 40 10 16
      vertex 34 19 16
    endloop
  endfacet
  facet normal 1 0 0
    outer loop
      vertex 34 10 38
      vertex 34 7 38
      vertex 34 10 17
    endloop
  endfacet
  facet normal 1 0 0
    outer loop
      vertex 34 16 17
      vertex 34 19 38
      vertex 34 16 38
    endloop
  endfacet
  facet normal 1 0 0
    outer loop
      vertex 34 19 38
      vertex 34 16 17
      vertex 34 19 16
    endloop
  endfacet
  facet normal 1 -0 0
    outer loop
      vertex 34 10 17
      vertex 34 19 16
      vertex 34 16 17
    endloop
  endfacet
  facet normal 1 0 0
    outer loop
      vertex 34 10 17
      vertex 34 7 16
      vertex 34 19 16
    endloop
  endfacet
  facet normal 1 0 0
    outer loop
      vertex 34 7 16
      vertex 34 10 17
      vertex 34 7 38
    endloop
  endfacet
  facet normal 0 -1 0
    outer loop
      vertex 34 19 16
      vertex 89 19 38
      vertex 34 19 38
    endloop
  endfacet
  facet normal 0 -1 -0
    outer loop
      vertex 89 19 38
      vertex 34 19 16
      vertex 89 19 16
    endloop
  endfacet
  facet normal 0 1 -0
    outer loop
      vertex 89 7 16
      vertex 34 7 38
      vertex 89 7 38
    endloop
  endfacet
  facet normal 0 1 0
    outer loop
      vertex 34 7 38
      vertex 89 7 16
      vertex 34 7 16
    endloop
  endfacet
  facet normal -0.989166 0 -0.1468
    outer loop
      vertex 29.1894 2 20.2156
      vertex 29.1577 6 20.4292
      vertex 29.1894 6 20.2156
    endloop
  endfacet
  facet normal -0.989166 -0 -0.1468
    outer loop
      vertex 29.1577 6 20.4292
      vertex 29.1894 2 20.2156
      vertex 29.1577 2 20.4292
    endloop
  endfacet
  facet normal -0.998794 0 -0.0491058
    outer loop
      vertex 29.2 2 20
      vertex 29.1894 6 20.2156
      vertex 29.2 6 20
    endloop
  endfacet
  facet normal -0.998794 -0 -0.0491058
    outer loop
      vertex 29.1894 6 20.2156
      vertex 29.2 2 20
      vertex 29.1894 2 20.2156
    endloop
  endfacet
  facet normal 0.989166 -0 0.1468
    outer loop
      vertex 24.8106 3.59371 19.7844
      vertex 24.8423 6 19.5708
      vertex 24.8106 6 19.7844
    endloop
  endfacet
  facet normal 0.989166 0 0.1468
    outer loop
      vertex 24.8423 6 19.5708
      vertex 24.8106 3.59371 19.7844
      vertex 24.8423 3.55099 19.5708
    endloop
  endfacet
  facet normal -0.970088 0 -0.242754
    outer loop
      vertex 29.1577 2 20.4292
      vertex 29.1053 6 20.6386
      vertex 29.1577 6 20.4292
    endloop
  endfacet
  facet normal -0.970088 -0 -0.242754
    outer loop
      vertex 29.1053 6 20.6386
      vertex 29.1577 2 20.4292
      vertex 29.1053 2 20.6386
    endloop
  endfacet
  facet normal -0.514087 0 0.857738
    outer loop
      vertex 28.0371 6 18.0598
      vertex 28.2223 2 18.1708
      vertex 28.2223 6 18.1708
    endloop
  endfacet
  facet normal -0.514087 0 0.857738
    outer loop
      vertex 28.2223 2 18.1708
      vertex 28.0371 6 18.0598
      vertex 28.0371 2 18.0598
    endloop
  endfacet
  facet normal 0.67175 0 0.740778
    outer loop
      vertex 25.4444 2.92433 18.4444
      vertex 25.6043 2.80271 18.2994
      vertex 25.6043 6 18.2994
    endloop
  endfacet
  facet normal 0.67175 -0 0.740778
    outer loop
      vertex 25.4444 2.92433 18.4444
      vertex 25.6043 6 18.2994
      vertex 25.4444 6 18.4444
    endloop
  endfacet
  facet normal 0.662527 -0.0216018 0.748726
    outer loop
      vertex 25.6043 2.80271 18.2994
      vertex 25.4444 2.92433 18.4444
      vertex 25.4624 2.90796 18.428
    endloop
  endfacet
  facet normal -0.337128 0 0.941459
    outer loop
      vertex 27.6386 2.01775 17.8947
      vertex 27.8419 6 17.9675
      vertex 27.6386 6 17.8947
    endloop
  endfacet
  facet normal -0.337128 0 0.941459
    outer loop
      vertex 27.8419 6 17.9675
      vertex 27.6386 2.01775 17.8947
      vertex 27.8419 2.00777 17.9675
    endloop
  endfacet
  facet normal -0.595693 0 0.803212
    outer loop
      vertex 25.6043 2.80271 21.7006
      vertex 25.7777 2.6741 21.8292
      vertex 25.7777 2.67412 21.8292
    endloop
  endfacet
  facet normal 0.595693 0 -0.803212
    outer loop
      vertex 25.7777 2.6741 21.8292
      vertex 25.6043 2.80271 21.7006
      vertex 25.7777 6 21.8292
    endloop
  endfacet
  facet normal 0.595693 0 -0.803212
    outer loop
      vertex 25.7777 6 21.8292
      vertex 25.6043 2.80271 21.7006
      vertex 25.6043 6 21.7006
    endloop
  endfacet
  facet normal -0.941459 0 -0.337128
    outer loop
      vertex 29.1053 2 20.6386
      vertex 29.0325 6 20.8419
      vertex 29.1053 6 20.6386
    endloop
  endfacet
  facet normal -0.941459 -0 -0.337128
    outer loop
      vertex 29.0325 6 20.8419
      vertex 29.1053 2 20.6386
      vertex 29.0325 2 20.8419
    endloop
  endfacet
  facet normal -0.337128 0 -0.941459
    outer loop
      vertex 27.6386 2.01775 22.1053
      vertex 27.8419 6 22.0325
      vertex 27.8419 2.00777 22.0325
    endloop
  endfacet
  facet normal -0.337128 0 -0.941459
    outer loop
      vertex 27.8419 6 22.0325
      vertex 27.6386 2.01775 22.1053
      vertex 27.6386 6 22.1053
    endloop
  endfacet
  facet normal 0.0491058 0 0.998794
    outer loop
      vertex 26.7844 2.19174 17.8106
      vertex 27 2.13188 17.8
      vertex 27 6 17.8
    endloop
  endfacet
  facet normal 0.0491058 -0 0.998794
    outer loop
      vertex 26.7844 2.19174 17.8106
      vertex 27 6 17.8
      vertex 26.7844 6 17.8106
    endloop
  endfacet
  facet normal 0.0478069 -0.00468757 0.998846
    outer loop
      vertex 27 2.13188 17.8
      vertex 26.7844 2.19174 17.8106
      vertex 26.8389 2.17224 17.8079
    endloop
  endfacet
  facet normal -0.941459 0 0.337128
    outer loop
      vertex 29.0325 2 19.1581
      vertex 29.1053 6 19.3614
      vertex 29.0325 6 19.1581
    endloop
  endfacet
  facet normal -0.941459 0 0.337128
    outer loop
      vertex 29.1053 6 19.3614
      vertex 29.0325 2 19.1581
      vertex 29.1053 2 19.3614
    endloop
  endfacet
  facet normal -0.67175 0 -0.740778
    outer loop
      vertex 28.3957 2 21.7006
      vertex 28.5556 6 21.5556
      vertex 28.5556 2 21.5556
    endloop
  endfacet
  facet normal -0.67175 0 -0.740778
    outer loop
      vertex 28.5556 6 21.5556
      vertex 28.3957 2 21.7006
      vertex 28.3957 6 21.7006
    endloop
  endfacet
  facet normal 0.421163 -0.013409 -0.906886
    outer loop
      vertex 25.9629 2.56311 21.9402
      vertex 26.1581 2.45165 22.0325
      vertex 26.1144 2.47231 22.0119
    endloop
  endfacet
  facet normal 0.427469 0 -0.90403
    outer loop
      vertex 26.1581 2.45165 22.0325
      vertex 25.9629 2.56311 21.9402
      vertex 26.1581 6 22.0325
    endloop
  endfacet
  facet normal 0.427469 0 -0.90403
    outer loop
      vertex 26.1581 6 22.0325
      vertex 25.9629 2.56311 21.9402
      vertex 25.9629 6 21.9402
    endloop
  endfacet
  facet normal 0.662527 -0.0216018 -0.748726
    outer loop
      vertex 25.4444 2.92433 21.5556
      vertex 25.6043 2.80271 21.7006
      vertex 25.4624 2.90796 21.572
    endloop
  endfacet
  facet normal 0.67175 0 -0.740778
    outer loop
      vertex 25.6043 2.80271 21.7006
      vertex 25.4444 2.92433 21.5556
      vertex 25.6043 6 21.7006
    endloop
  endfacet
  facet normal 0.67175 0 -0.740778
    outer loop
      vertex 25.6043 6 21.7006
      vertex 25.4444 2.92433 21.5556
      vertex 25.4444 6 21.5556
    endloop
  endfacet
  facet normal -0.144461 0.0157856 -0.989385
    outer loop
      vertex 27.2156 2.07786 22.1894
      vertex 27.4292 2.04577 22.1577
      vertex 27.2196 2.07686 22.1888
    endloop
  endfacet
  facet normal -0.1468 0 -0.989166
    outer loop
      vertex 27.4292 2.04577 22.1577
      vertex 27.2156 2.07786 22.1894
      vertex 27.4292 6 22.1577
    endloop
  endfacet
  facet normal -0.1468 0 -0.989166
    outer loop
      vertex 27.4292 6 22.1577
      vertex 27.2156 2.07786 22.1894
      vertex 27.2156 6 22.1894
    endloop
  endfacet
  facet normal 0.970088 0 -0.242754
    outer loop
      vertex 24.8947 6 20.6386
      vertex 24.8423 3.55099 20.4292
      vertex 24.8423 6 20.4292
    endloop
  endfacet
  facet normal 0.970088 0 -0.242754
    outer loop
      vertex 24.8423 3.55099 20.4292
      vertex 24.8947 6 20.6386
      vertex 24.8947 3.48026 20.6386
    endloop
  endfacet
  facet normal 0.90403 -0 0.427469
    outer loop
      vertex 24.9675 3.39677 19.1581
      vertex 25.0598 6 18.9629
      vertex 24.9675 6 19.1581
    endloop
  endfacet
  facet normal 0.90403 0 0.427469
    outer loop
      vertex 25.0598 6 18.9629
      vertex 24.9675 3.39677 19.1581
      vertex 25.0598 3.29492 18.9629
    endloop
  endfacet
  facet normal -0.803212 0 0.595693
    outer loop
      vertex 28.7006 2 18.6043
      vertex 28.8292 6 18.7777
      vertex 28.7006 6 18.6043
    endloop
  endfacet
  facet normal -0.803212 0 0.595693
    outer loop
      vertex 28.8292 6 18.7777
      vertex 28.7006 2 18.6043
      vertex 28.8292 2 18.7777
    endloop
  endfacet
  facet normal -0.243579 -0.00659622 -0.969859
    outer loop
      vertex 27.4292 2.04577 22.1577
      vertex 27.6386 2.01775 22.1053
      vertex 27.6079 2.01926 22.113
    endloop
  endfacet
  facet normal -0.242754 0 -0.970088
    outer loop
      vertex 27.6386 2.01775 22.1053
      vertex 27.4292 2.04577 22.1577
      vertex 27.6386 6 22.1053
    endloop
  endfacet
  facet normal -0.242754 0 -0.970088
    outer loop
      vertex 27.6386 6 22.1053
      vertex 27.4292 2.04577 22.1577
      vertex 27.4292 6 22.1577
    endloop
  endfacet
  facet normal 0.595693 0 0.803212
    outer loop
      vertex 25.6043 2.80271 18.2994
      vertex 25.7777 2.6741 18.1708
      vertex 25.7777 6 18.1708
    endloop
  endfacet
  facet normal 0.595693 -0 0.803212
    outer loop
      vertex 25.6043 2.80271 18.2994
      vertex 25.7777 6 18.1708
      vertex 25.6043 6 18.2994
    endloop
  endfacet
  facet normal -0.595693 0 -0.803212
    outer loop
      vertex 25.7777 2.6741 18.1708
      vertex 25.6043 2.80271 18.2994
      vertex 25.7777 2.67412 18.1708
    endloop
  endfacet
  facet normal -0.242754 0 0.970088
    outer loop
      vertex 27.4292 2.04577 17.8423
      vertex 27.6386 2.01775 17.8947
      vertex 27.6386 6 17.8947
    endloop
  endfacet
  facet normal -0.242754 0 0.970088
    outer loop
      vertex 27.4292 2.04577 17.8423
      vertex 27.6386 6 17.8947
      vertex 27.4292 6 17.8423
    endloop
  endfacet
  facet normal -0.243579 -0.00659622 0.969859
    outer loop
      vertex 27.6386 2.01775 17.8947
      vertex 27.4292 2.04577 17.8423
      vertex 27.6079 2.01926 17.887
    endloop
  endfacet
  facet normal -0.989166 0 0.1468
    outer loop
      vertex 29.1577 2 19.5708
      vertex 29.1894 6 19.7844
      vertex 29.1577 6 19.5708
    endloop
  endfacet
  facet normal -0.989166 0 0.1468
    outer loop
      vertex 29.1894 6 19.7844
      vertex 29.1577 2 19.5708
      vertex 29.1894 2 19.7844
    endloop
  endfacet
  facet normal -0.857738 0 0.514087
    outer loop
      vertex 28.8292 2 18.7777
      vertex 28.9402 6 18.9629
      vertex 28.8292 6 18.7777
    endloop
  endfacet
  facet normal -0.857738 0 0.514087
    outer loop
      vertex 28.9402 6 18.9629
      vertex 28.8292 2 18.7777
      vertex 28.9402 2 18.9629
    endloop
  endfacet
  facet normal -0.0491058 0 -0.998794
    outer loop
      vertex 27 2.13188 22.2
      vertex 27.2156 6 22.1894
      vertex 27.2156 2.07786 22.1894
    endloop
  endfacet
  facet normal -0.0491058 0 -0.998794
    outer loop
      vertex 27.2156 6 22.1894
      vertex 27 2.13188 22.2
      vertex 27 6 22.2
    endloop
  endfacet
  facet normal -0.42861 0 -0.90349
    outer loop
      vertex 28 2 21.9578
      vertex 28.0371 6 21.9402
      vertex 28.0371 2 21.9402
    endloop
  endfacet
  facet normal -0.427202 -1.59913e-05 -0.904156
    outer loop
      vertex 27.8419 2.00777 22.0325
      vertex 28.0371 6 21.9402
      vertex 28 2 21.9578
    endloop
  endfacet
  facet normal -0.427469 0 -0.90403
    outer loop
      vertex 28.0371 6 21.9402
      vertex 27.8419 2.00777 22.0325
      vertex 27.8419 6 22.0325
    endloop
  endfacet
  facet normal 0.857738 -0 0.514087
    outer loop
      vertex 25.0598 3.29492 18.9629
      vertex 25.1708 6 18.7777
      vertex 25.0598 6 18.9629
    endloop
  endfacet
  facet normal 0.857738 0 0.514087
    outer loop
      vertex 25.1708 6 18.7777
      vertex 25.0598 3.29492 18.9629
      vertex 25.1708 3.17246 18.7777
    endloop
  endfacet
  facet normal -0.67175 0 0.740778
    outer loop
      vertex 28.3957 6 18.2994
      vertex 28.5556 2 18.4444
      vertex 28.5556 6 18.4444
    endloop
  endfacet
  facet normal -0.67175 0 0.740778
    outer loop
      vertex 28.5556 2 18.4444
      vertex 28.3957 6 18.2994
      vertex 28.3957 2 18.2994
    endloop
  endfacet
  facet normal 0.941459 -0 0.337128
    outer loop
      vertex 24.8947 3.48026 19.3614
      vertex 24.9675 6 19.1581
      vertex 24.8947 6 19.3614
    endloop
  endfacet
  facet normal 0.941065 9.99797e-05 0.338226
    outer loop
      vertex 24.908 3.46243 19.3244
      vertex 24.9675 6 19.1581
      vertex 24.8947 3.48026 19.3614
    endloop
  endfacet
  facet normal 0.94155 0 0.336874
    outer loop
      vertex 24.9675 6 19.1581
      vertex 24.908 3.46243 19.3244
      vertex 24.9675 3.39677 19.1581
    endloop
  endfacet
  facet normal 0 -1 0
    outer loop
      vertex 26.7844 6 22.1894
      vertex 27.2156 6 22.1894
      vertex 27 6 22.2
    endloop
  endfacet
  facet normal 0 -1 0
    outer loop
      vertex 26.5708 6 22.1577
      vertex 27.2156 6 22.1894
      vertex 26.7844 6 22.1894
    endloop
  endfacet
  facet normal 0 -1 0
    outer loop
      vertex 26.5708 6 22.1577
      vertex 27.4292 6 22.1577
      vertex 27.2156 6 22.1894
    endloop
  endfacet
  facet normal 0 -1 0
    outer loop
      vertex 26.3614 6 22.1053
      vertex 27.4292 6 22.1577
      vertex 26.5708 6 22.1577
    endloop
  endfacet
  facet normal 0 -1 0
    outer loop
      vertex 26.3614 6 22.1053
      vertex 27.6386 6 22.1053
      vertex 27.4292 6 22.1577
    endloop
  endfacet
  facet normal 0 -1 0
    outer loop
      vertex 26.1581 6 22.0325
      vertex 27.6386 6 22.1053
      vertex 26.3614 6 22.1053
    endloop
  endfacet
  facet normal 0 -1 0
    outer loop
      vertex 26.1581 6 22.0325
      vertex 27.8419 6 22.0325
      vertex 27.6386 6 22.1053
    endloop
  endfacet
  facet normal 0 -1 0
    outer loop
      vertex 25.9629 6 21.9402
      vertex 27.8419 6 22.0325
      vertex 26.1581 6 22.0325
    endloop
  endfacet
  facet normal 0 -1 0
    outer loop
      vertex 25.9629 6 21.9402
      vertex 28.0371 6 21.9402
      vertex 27.8419 6 22.0325
    endloop
  endfacet
  facet normal 0 -1 0
    outer loop
      vertex 25.7777 6 21.8292
      vertex 28.0371 6 21.9402
      vertex 25.9629 6 21.9402
    endloop
  endfacet
  facet normal 0 -1 0
    outer loop
      vertex 25.7777 6 21.8292
      vertex 28.2223 6 21.8292
      vertex 28.0371 6 21.9402
    endloop
  endfacet
  facet normal 0 -1 0
    outer loop
      vertex 25.6043 6 21.7006
      vertex 28.2223 6 21.8292
      vertex 25.7777 6 21.8292
    endloop
  endfacet
  facet normal 0 -1 0
    outer loop
      vertex 25.6043 6 21.7006
      vertex 28.3957 6 21.7006
      vertex 28.2223 6 21.8292
    endloop
  endfacet
  facet normal 0 -1 0
    outer loop
      vertex 25.4444 6 21.5556
      vertex 28.3957 6 21.7006
      vertex 25.6043 6 21.7006
    endloop
  endfacet
  facet normal 0 -1 0
    outer loop
      vertex 25.4444 6 21.5556
      vertex 28.5556 6 21.5556
      vertex 28.3957 6 21.7006
    endloop
  endfacet
  facet normal 0 -1 0
    outer loop
      vertex 25.2994 6 21.3957
      vertex 28.5556 6 21.5556
      vertex 25.4444 6 21.5556
    endloop
  endfacet
  facet normal 0 -1 0
    outer loop
      vertex 25.2994 6 21.3957
      vertex 28.7006 6 21.3957
      vertex 28.5556 6 21.5556
    endloop
  endfacet
  facet normal 0 -1 0
    outer loop
      vertex 25.1708 6 21.2223
      vertex 28.7006 6 21.3957
      vertex 25.2994 6 21.3957
    endloop
  endfacet
  facet normal 0 -1 0
    outer loop
      vertex 25.1708 6 21.2223
      vertex 28.8292 6 21.2223
      vertex 28.7006 6 21.3957
    endloop
  endfacet
  facet normal 0 -1 0
    outer loop
      vertex 25.0598 6 21.0371
      vertex 28.8292 6 21.2223
      vertex 25.1708 6 21.2223
    endloop
  endfacet
  facet normal 0 -1 0
    outer loop
      vertex 25.0598 6 21.0371
      vertex 28.9402 6 21.0371
      vertex 28.8292 6 21.2223
    endloop
  endfacet
  facet normal 0 -1 0
    outer loop
      vertex 24.9675 6 20.8419
      vertex 28.9402 6 21.0371
      vertex 25.0598 6 21.0371
    endloop
  endfacet
  facet normal 0 -1 0
    outer loop
      vertex 24.9675 6 20.8419
      vertex 29.0325 6 20.8419
      vertex 28.9402 6 21.0371
    endloop
  endfacet
  facet normal 0 -1 0
    outer loop
      vertex 24.8947 6 20.6386
      vertex 29.0325 6 20.8419
      vertex 24.9675 6 20.8419
    endloop
  endfacet
  facet normal 0 -1 0
    outer loop
      vertex 24.8947 6 20.6386
      vertex 29.1053 6 20.6386
      vertex 29.0325 6 20.8419
    endloop
  endfacet
  facet normal 0 -1 0
    outer loop
      vertex 24.8423 6 20.4292
      vertex 29.1053 6 20.6386
      vertex 24.8947 6 20.6386
    endloop
  endfacet
  facet normal 0 -1 0
    outer loop
      vertex 24.8423 6 20.4292
      vertex 29.1577 6 20.4292
      vertex 29.1053 6 20.6386
    endloop
  endfacet
  facet normal 0 -1 0
    outer loop
      vertex 24.8106 6 20.2156
      vertex 29.1577 6 20.4292
      vertex 24.8423 6 20.4292
    endloop
  endfacet
  facet normal 0 -1 0
    outer loop
      vertex 24.8106 6 20.2156
      vertex 29.1894 6 20.2156
      vertex 29.1577 6 20.4292
    endloop
  endfacet
  facet normal 0 -1 0
    outer loop
      vertex 24.8 6 20
      vertex 29.1894 6 20.2156
      vertex 24.8106 6 20.2156
    endloop
  endfacet
  facet normal 0 -1 0
    outer loop
      vertex 24.8 6 20
      vertex 29.2 6 20
      vertex 29.1894 6 20.2156
    endloop
  endfacet
  facet normal 0 -1 0
    outer loop
      vertex 24.8106 6 19.7844
      vertex 29.2 6 20
      vertex 24.8 6 20
    endloop
  endfacet
  facet normal 0 -1 0
    outer loop
      vertex 24.8106 6 19.7844
      vertex 29.1894 6 19.7844
      vertex 29.2 6 20
    endloop
  endfacet
  facet normal 0 -1 0
    outer loop
      vertex 24.8423 6 19.5708
      vertex 29.1894 6 19.7844
      vertex 24.8106 6 19.7844
    endloop
  endfacet
  facet normal 0 -1 0
    outer loop
      vertex 24.8423 6 19.5708
      vertex 29.1577 6 19.5708
      vertex 29.1894 6 19.7844
    endloop
  endfacet
  facet normal 0 -1 0
    outer loop
      vertex 24.8947 6 19.3614
      vertex 29.1577 6 19.5708
      vertex 24.8423 6 19.5708
    endloop
  endfacet
  facet normal 0 -1 0
    outer loop
      vertex 24.8947 6 19.3614
      vertex 29.1053 6 19.3614
      vertex 29.1577 6 19.5708
    endloop
  endfacet
  facet normal 0 -1 0
    outer loop
      vertex 24.9675 6 19.1581
      vertex 29.1053 6 19.3614
      vertex 24.8947 6 19.3614
    endloop
  endfacet
  facet normal 0 -1 0
    outer loop
      vertex 24.9675 6 19.1581
      vertex 29.0325 6 19.1581
      vertex 29.1053 6 19.3614
    endloop
  endfacet
  facet normal 0 -1 0
    outer loop
      vertex 25.0598 6 18.9629
      vertex 29.0325 6 19.1581
      vertex 24.9675 6 19.1581
    endloop
  endfacet
  facet normal 0 -1 0
    outer loop
      vertex 25.0598 6 18.9629
      vertex 28.9402 6 18.9629
      vertex 29.0325 6 19.1581
    endloop
  endfacet
  facet normal 0 -1 0
    outer loop
      vertex 25.1708 6 18.7777
      vertex 28.9402 6 18.9629
      vertex 25.0598 6 18.9629
    endloop
  endfacet
  facet normal 0 -1 0
    outer loop
      vertex 25.1708 6 18.7777
      vertex 28.8292 6 18.7777
      vertex 28.9402 6 18.9629
    endloop
  endfacet
  facet normal 0 -1 0
    outer loop
      vertex 25.2994 6 18.6043
      vertex 28.8292 6 18.7777
      vertex 25.1708 6 18.7777
    endloop
  endfacet
  facet normal 0 -1 0
    outer loop
      vertex 25.2994 6 18.6043
      vertex 28.7006 6 18.6043
      vertex 28.8292 6 18.7777
    endloop
  endfacet
  facet normal 0 -1 0
    outer loop
      vertex 25.4444 6 18.4444
      vertex 28.7006 6 18.6043
      vertex 25.2994 6 18.6043
    endloop
  endfacet
  facet normal 0 -1 0
    outer loop
      vertex 25.4444 6 18.4444
      vertex 28.5556 6 18.4444
      vertex 28.7006 6 18.6043
    endloop
  endfacet
  facet normal 0 -1 0
    outer loop
      vertex 25.6043 6 18.2994
      vertex 28.5556 6 18.4444
      vertex 25.4444 6 18.4444
    endloop
  endfacet
  facet normal 0 -1 0
    outer loop
      vertex 25.6043 6 18.2994
      vertex 28.3957 6 18.2994
      vertex 28.5556 6 18.4444
    endloop
  endfacet
  facet normal 0 -1 0
    outer loop
      vertex 25.7777 6 18.1708
      vertex 28.3957 6 18.2994
      vertex 25.6043 6 18.2994
    endloop
  endfacet
  facet normal 0 -1 0
    outer loop
      vertex 25.7777 6 18.1708
      vertex 28.2223 6 18.1708
      vertex 28.3957 6 18.2994
    endloop
  endfacet
  facet normal 0 -1 0
    outer loop
      vertex 25.9629 6 18.0598
      vertex 28.2223 6 18.1708
      vertex 25.7777 6 18.1708
    endloop
  endfacet
  facet normal 0 -1 0
    outer loop
      vertex 25.9629 6 18.0598
      vertex 28.0371 6 18.0598
      vertex 28.2223 6 18.1708
    endloop
  endfacet
  facet normal 0 -1 0
    outer loop
      vertex 26.1581 6 17.9675
      vertex 28.0371 6 18.0598
      vertex 25.9629 6 18.0598
    endloop
  endfacet
  facet normal 0 -1 0
    outer loop
      vertex 26.1581 6 17.9675
      vertex 27.8419 6 17.9675
      vertex 28.0371 6 18.0598
    endloop
  endfacet
  facet normal 0 -1 0
    outer loop
      vertex 26.3614 6 17.8947
      vertex 27.8419 6 17.9675
      vertex 26.1581 6 17.9675
    endloop
  endfacet
  facet normal 0 -1 0
    outer loop
      vertex 26.3614 6 17.8947
      vertex 27.6386 6 17.8947
      vertex 27.8419 6 17.9675
    endloop
  endfacet
  facet normal 0 -1 0
    outer loop
      vertex 26.5708 6 17.8423
      vertex 27.6386 6 17.8947
      vertex 26.3614 6 17.8947
    endloop
  endfacet
  facet normal 0 -1 0
    outer loop
      vertex 26.5708 6 17.8423
      vertex 27.4292 6 17.8423
      vertex 27.6386 6 17.8947
    endloop
  endfacet
  facet normal 0 -1 0
    outer loop
      vertex 26.7844 6 17.8106
      vertex 27.4292 6 17.8423
      vertex 26.5708 6 17.8423
    endloop
  endfacet
  facet normal 0 -1 0
    outer loop
      vertex 26.7844 6 17.8106
      vertex 27.2156 6 17.8106
      vertex 27.4292 6 17.8423
    endloop
  endfacet
  facet normal -0 -1 0
    outer loop
      vertex 27.2156 6 17.8106
      vertex 26.7844 6 17.8106
      vertex 27 6 17.8
    endloop
  endfacet
  facet normal 0.242802 0.000123229 -0.970076
    outer loop
      vertex 26.3614 2.35551 22.1053
      vertex 26.5708 2.26815 22.1577
      vertex 26.4693 2.30448 22.1323
    endloop
  endfacet
  facet normal 0.242754 0 -0.970088
    outer loop
      vertex 26.5708 2.26815 22.1577
      vertex 26.3614 2.35551 22.1053
      vertex 26.5708 6 22.1577
    endloop
  endfacet
  facet normal 0.242754 0 -0.970088
    outer loop
      vertex 26.5708 6 22.1577
      vertex 26.3614 2.35551 22.1053
      vertex 26.3614 6 22.1053
    endloop
  endfacet
  facet normal -0.803212 0 -0.595693
    outer loop
      vertex 28.8292 2 21.2223
      vertex 28.7006 6 21.3957
      vertex 28.8292 6 21.2223
    endloop
  endfacet
  facet normal -0.803212 -0 -0.595693
    outer loop
      vertex 28.7006 6 21.3957
      vertex 28.8292 2 21.2223
      vertex 28.7006 2 21.3957
    endloop
  endfacet
  facet normal 0.337128 0 -0.941459
    outer loop
      vertex 26.1581 2.45165 22.0325
      vertex 26.3614 6 22.1053
      vertex 26.3614 2.35551 22.1053
    endloop
  endfacet
  facet normal 0.337128 0 -0.941459
    outer loop
      vertex 26.3614 6 22.1053
      vertex 26.1581 2.45165 22.0325
      vertex 26.1581 6 22.0325
    endloop
  endfacet
  facet normal 0.970088 -0 0.242754
    outer loop
      vertex 24.8423 3.55099 19.5708
      vertex 24.8947 6 19.3614
      vertex 24.8423 6 19.5708
    endloop
  endfacet
  facet normal 0.970088 0 0.242754
    outer loop
      vertex 24.8947 6 19.3614
      vertex 24.8423 3.55099 19.5708
      vertex 24.8947 3.48026 19.3614
    endloop
  endfacet
  facet normal 0.857738 0 -0.514087
    outer loop
      vertex 25.1708 6 21.2223
      vertex 25.0598 3.29492 21.0371
      vertex 25.0598 6 21.0371
    endloop
  endfacet
  facet normal 0.857738 0 -0.514087
    outer loop
      vertex 25.0598 3.29492 21.0371
      vertex 25.1708 6 21.2223
      vertex 25.1708 3.17246 21.2223
    endloop
  endfacet
  facet normal 0.1468 0 -0.989166
    outer loop
      vertex 26.5708 2.26815 22.1577
      vertex 26.7844 6 22.1894
      vertex 26.7844 2.19174 22.1894
    endloop
  endfacet
  facet normal 0.1468 0 -0.989166
    outer loop
      vertex 26.7844 6 22.1894
      vertex 26.5708 2.26815 22.1577
      vertex 26.5708 6 22.1577
    endloop
  endfacet
  facet normal -0.998794 0 0.0491058
    outer loop
      vertex 29.1894 2 19.7844
      vertex 29.2 6 20
      vertex 29.1894 6 19.7844
    endloop
  endfacet
  facet normal -0.998794 0 0.0491058
    outer loop
      vertex 29.2 6 20
      vertex 29.1894 2 19.7844
      vertex 29.2 2 20
    endloop
  endfacet
  facet normal -0.857738 0 -0.514087
    outer loop
      vertex 28.9402 2 21.0371
      vertex 28.8292 6 21.2223
      vertex 28.9402 6 21.0371
    endloop
  endfacet
  facet normal -0.857738 -0 -0.514087
    outer loop
      vertex 28.8292 6 21.2223
      vertex 28.9402 2 21.0371
      vertex 28.8292 2 21.2223
    endloop
  endfacet
  facet normal -0.514087 0 -0.857738
    outer loop
      vertex 28.0371 2 21.9402
      vertex 28.2223 6 21.8292
      vertex 28.2223 2 21.8292
    endloop
  endfacet
  facet normal -0.514087 0 -0.857738
    outer loop
      vertex 28.2223 6 21.8292
      vertex 28.0371 2 21.9402
      vertex 28.0371 6 21.9402
    endloop
  endfacet
  facet normal -0.595693 0 -0.803212
    outer loop
      vertex 28.2223 2 21.8292
      vertex 28.3957 6 21.7006
      vertex 28.3957 2 21.7006
    endloop
  endfacet
  facet normal -0.595693 0 -0.803212
    outer loop
      vertex 28.3957 6 21.7006
      vertex 28.2223 2 21.8292
      vertex 28.2223 6 21.8292
    endloop
  endfacet
  facet normal -0.1468 0 0.989166
    outer loop
      vertex 27.2156 2.07786 17.8106
      vertex 27.4292 2.04577 17.8423
      vertex 27.4292 6 17.8423
    endloop
  endfacet
  facet normal -0.1468 0 0.989166
    outer loop
      vertex 27.2156 2.07786 17.8106
      vertex 27.4292 6 17.8423
      vertex 27.2156 6 17.8106
    endloop
  endfacet
  facet normal -0.144461 0.0157856 0.989385
    outer loop
      vertex 27.4292 2.04577 17.8423
      vertex 27.2156 2.07786 17.8106
      vertex 27.2196 2.07686 17.8112
    endloop
  endfacet
  facet normal -0.970088 0 0.242754
    outer loop
      vertex 29.1053 2 19.3614
      vertex 29.1577 6 19.5708
      vertex 29.1053 6 19.3614
    endloop
  endfacet
  facet normal -0.970088 0 0.242754
    outer loop
      vertex 29.1577 6 19.5708
      vertex 29.1053 2 19.3614
      vertex 29.1577 2 19.5708
    endloop
  endfacet
  facet normal 0.998794 -0 0.0491058
    outer loop
      vertex 24.8 3.60799 20
      vertex 24.8106 6 19.7844
      vertex 24.8 6 20
    endloop
  endfacet
  facet normal 0.998794 0 0.0491058
    outer loop
      vertex 24.8106 6 19.7844
      vertex 24.8 3.60799 20
      vertex 24.8106 3.59371 19.7844
    endloop
  endfacet
  facet normal 0.998794 0 -0.0491058
    outer loop
      vertex 24.8106 6 20.2156
      vertex 24.8 3.60799 20
      vertex 24.8 6 20
    endloop
  endfacet
  facet normal 0.998794 0 -0.0491058
    outer loop
      vertex 24.8 3.60799 20
      vertex 24.8106 6 20.2156
      vertex 24.8106 3.59371 20.2156
    endloop
  endfacet
  facet normal 0.514087 0 -0.857738
    outer loop
      vertex 25.7777 2.6741 21.8292
      vertex 25.9629 6 21.9402
      vertex 25.9629 2.56311 21.9402
    endloop
  endfacet
  facet normal 0.514087 0 -0.857738
    outer loop
      vertex 25.9629 6 21.9402
      vertex 25.7777 2.6741 21.8292
      vertex 25.7777 6 21.8292
    endloop
  endfacet
  facet normal 0.242536 0 0.970143
    outer loop
      vertex 26.5708 6 17.8423
      vertex 26.5 2.29348 17.86
      vertex 26.5708 2.26815 17.8423
    endloop
  endfacet
  facet normal 0.242754 -4.42457e-06 0.970088
    outer loop
      vertex 26.3614 6 17.8947
      vertex 26.5 2.29348 17.86
      vertex 26.5708 6 17.8423
    endloop
  endfacet
  facet normal 0.242865 0 0.97006
    outer loop
      vertex 26.5 2.29348 17.86
      vertex 26.3614 6 17.8947
      vertex 26.3614 2.24388 17.8947
    endloop
  endfacet
  facet normal -0.90403 0 -0.427469
    outer loop
      vertex 29.0325 2 20.8419
      vertex 28.9402 6 21.0371
      vertex 29.0325 6 20.8419
    endloop
  endfacet
  facet normal -0.90403 -0 -0.427469
    outer loop
      vertex 28.9402 6 21.0371
      vertex 29.0325 2 20.8419
      vertex 28.9402 2 21.0371
    endloop
  endfacet
  facet normal -0.740778 0 0.67175
    outer loop
      vertex 28.5556 2 18.4444
      vertex 28.7006 6 18.6043
      vertex 28.5556 6 18.4444
    endloop
  endfacet
  facet normal -0.740778 0 0.67175
    outer loop
      vertex 28.7006 6 18.6043
      vertex 28.5556 2 18.4444
      vertex 28.7006 2 18.6043
    endloop
  endfacet
  facet normal 0.740778 0 -0.67175
    outer loop
      vertex 25.4444 6 21.5556
      vertex 25.2994 3.05574 21.3957
      vertex 25.2994 6 21.3957
    endloop
  endfacet
  facet normal 0.740778 0 -0.67175
    outer loop
      vertex 25.2994 3.05574 21.3957
      vertex 25.4444 6 21.5556
      vertex 25.4444 2.92433 21.5556
    endloop
  endfacet
  facet normal 0.803212 -0 0.595693
    outer loop
      vertex 25.1708 3.17246 18.7777
      vertex 25.2994 6 18.6043
      vertex 25.1708 6 18.7777
    endloop
  endfacet
  facet normal 0.849236 0.228535 0.475993
    outer loop
      vertex 25.2994 3.05574 18.6043
      vertex 25.1708 3.17246 18.7777
      vertex 25.1716 3.17157 18.7767
    endloop
  endfacet
  facet normal 0.803212 0 0.595693
    outer loop
      vertex 25.1708 3.17246 18.7777
      vertex 25.2994 3.05574 18.6043
      vertex 25.2994 6 18.6043
    endloop
  endfacet
  facet normal 0.514087 -0 0.857738
    outer loop
      vertex 25.7777 2.6741 18.1708
      vertex 25.9629 6 18.0598
      vertex 25.7777 6 18.1708
    endloop
  endfacet
  facet normal 0.514087 0 0.857738
    outer loop
      vertex 25.9629 6 18.0598
      vertex 25.7777 2.6741 18.1708
      vertex 25.9629 2.56311 18.0598
    endloop
  endfacet
  facet normal 0.90403 0 -0.427469
    outer loop
      vertex 25.0598 6 21.0371
      vertex 24.9675 3.39677 20.8419
      vertex 24.9675 6 20.8419
    endloop
  endfacet
  facet normal 0.90403 0 -0.427469
    outer loop
      vertex 24.9675 3.39677 20.8419
      vertex 25.0598 6 21.0371
      vertex 25.0598 3.29492 21.0371
    endloop
  endfacet
  facet normal 0.941459 0 -0.337128
    outer loop
      vertex 24.9675 6 20.8419
      vertex 24.8947 3.48026 20.6386
      vertex 24.8947 6 20.6386
    endloop
  endfacet
  facet normal 0.941065 9.99797e-05 -0.338226
    outer loop
      vertex 24.9675 6 20.8419
      vertex 24.908 3.46243 20.6756
      vertex 24.8947 3.48026 20.6386
    endloop
  endfacet
  facet normal 0.94155 0 -0.336874
    outer loop
      vertex 24.908 3.46243 20.6756
      vertex 24.9675 6 20.8419
      vertex 24.9675 3.39677 20.8419
    endloop
  endfacet
  facet normal -0.42861 0 0.90349
    outer loop
      vertex 28.0371 6 18.0598
      vertex 28 2 18.0422
      vertex 28.0371 2 18.0598
    endloop
  endfacet
  facet normal -0.427469 0 0.90403
    outer loop
      vertex 27.8419 2.00777 17.9675
      vertex 28.0371 6 18.0598
      vertex 27.8419 6 17.9675
    endloop
  endfacet
  facet normal -0.427202 -1.59913e-05 0.904156
    outer loop
      vertex 28.0371 6 18.0598
      vertex 27.8419 2.00777 17.9675
      vertex 28 2 18.0422
    endloop
  endfacet
  facet normal 0.740778 -0 0.67175
    outer loop
      vertex 25.2994 3.05574 18.6043
      vertex 25.4444 6 18.4444
      vertex 25.2994 6 18.6043
    endloop
  endfacet
  facet normal 0.740778 0 0.67175
    outer loop
      vertex 25.4444 6 18.4444
      vertex 25.2994 3.05574 18.6043
      vertex 25.4444 2.92433 18.4444
    endloop
  endfacet
  facet normal 0.0478069 -0.00468757 -0.998846
    outer loop
      vertex 26.7844 2.19174 22.1894
      vertex 27 2.13188 22.2
      vertex 26.8389 2.17224 22.1921
    endloop
  endfacet
  facet normal 0.0491058 0 -0.998794
    outer loop
      vertex 27 2.13188 22.2
      vertex 26.7844 2.19174 22.1894
      vertex 27 6 22.2
    endloop
  endfacet
  facet normal 0.0491058 0 -0.998794
    outer loop
      vertex 27 6 22.2
      vertex 26.7844 2.19174 22.1894
      vertex 26.7844 6 22.1894
    endloop
  endfacet
  facet normal -0.0491058 0 0.998794
    outer loop
      vertex 27 2.13188 17.8
      vertex 27.2156 6 17.8106
      vertex 27 6 17.8
    endloop
  endfacet
  facet normal -0.0491058 0 0.998794
    outer loop
      vertex 27.2156 6 17.8106
      vertex 27 2.13188 17.8
      vertex 27.2156 2.07786 17.8106
    endloop
  endfacet
  facet normal -0.740778 0 -0.67175
    outer loop
      vertex 28.7006 2 21.3957
      vertex 28.5556 6 21.5556
      vertex 28.7006 6 21.3957
    endloop
  endfacet
  facet normal -0.740778 -0 -0.67175
    outer loop
      vertex 28.5556 6 21.5556
      vertex 28.7006 2 21.3957
      vertex 28.5556 2 21.5556
    endloop
  endfacet
  facet normal -0.595693 0 0.803212
    outer loop
      vertex 28.2223 6 18.1708
      vertex 28.3957 2 18.2994
      vertex 28.3957 6 18.2994
    endloop
  endfacet
  facet normal -0.595693 0 0.803212
    outer loop
      vertex 28.3957 2 18.2994
      vertex 28.2223 6 18.1708
      vertex 28.2223 2 18.1708
    endloop
  endfacet
  facet normal -0.90403 0 0.427469
    outer loop
      vertex 28.9402 2 18.9629
      vertex 29.0325 6 19.1581
      vertex 28.9402 6 18.9629
    endloop
  endfacet
  facet normal -0.90403 0 0.427469
    outer loop
      vertex 29.0325 6 19.1581
      vertex 28.9402 2 18.9629
      vertex 29.0325 2 19.1581
    endloop
  endfacet
  facet normal 0.803212 0 -0.595693
    outer loop
      vertex 25.2994 6 21.3957
      vertex 25.1708 3.17246 21.2223
      vertex 25.1708 6 21.2223
    endloop
  endfacet
  facet normal 0.803212 0 -0.595693
    outer loop
      vertex 25.2994 3.05574 21.3957
      vertex 25.1708 3.17246 21.2223
      vertex 25.2994 6 21.3957
    endloop
  endfacet
  facet normal 0.849236 0.228535 -0.475993
    outer loop
      vertex 25.1708 3.17246 21.2223
      vertex 25.2994 3.05574 21.3957
      vertex 25.1716 3.17157 21.2233
    endloop
  endfacet
  facet normal 0.989166 0 -0.1468
    outer loop
      vertex 24.8423 6 20.4292
      vertex 24.8106 3.59371 20.2156
      vertex 24.8106 6 20.2156
    endloop
  endfacet
  facet normal 0.989166 0 -0.1468
    outer loop
      vertex 24.8106 3.59371 20.2156
      vertex 24.8423 6 20.4292
      vertex 24.8423 3.55099 20.4292
    endloop
  endfacet
  facet normal 0.1468 -0 0.989166
    outer loop
      vertex 26.5708 2.26815 17.8423
      vertex 26.7844 6 17.8106
      vertex 26.5708 6 17.8423
    endloop
  endfacet
  facet normal 0.1468 0 0.989166
    outer loop
      vertex 26.7844 6 17.8106
      vertex 26.5708 2.26815 17.8423
      vertex 26.7844 2.19174 17.8106
    endloop
  endfacet
  facet normal 0.427126 0 0.904192
    outer loop
      vertex 26.1581 6 17.9675
      vertex 26.0893 2.48736 18
      vertex 26.1581 2.17148 17.9675
    endloop
  endfacet
  facet normal 0.427469 -0 0.90403
    outer loop
      vertex 25.9629 2.56311 18.0598
      vertex 26.1581 6 17.9675
      vertex 25.9629 6 18.0598
    endloop
  endfacet
  facet normal 0.42765 -1.25568e-05 0.903945
    outer loop
      vertex 26.1581 6 17.9675
      vertex 25.9629 2.56311 18.0598
      vertex 26.0893 2.48736 18
    endloop
  endfacet
  facet normal 0.427126 0 0.904192
    outer loop
      vertex 26.1581 2.17148 17.9675
      vertex 26.0893 2.48736 18
      vertex 26.0893 2.15425 18
    endloop
  endfacet
  facet normal 0.337128 0 0.941459
    outer loop
      vertex 26.1581 6 17.9675
      vertex 26.3614 2.24388 17.8947
      vertex 26.3614 6 17.8947
    endloop
  endfacet
  facet normal 0.337128 -0 0.941459
    outer loop
      vertex 26.1581 2.17148 17.9675
      vertex 26.3614 2.24388 17.8947
      vertex 26.1581 6 17.9675
    endloop
  endfacet
  facet normal 0.360476 -0.0775456 0.92954
    outer loop
      vertex 26.3614 2.24388 17.8947
      vertex 26.1581 2.17148 17.9675
      vertex 26.1611 2.17224 17.9664
    endloop
  endfacet
endsolid OpenSCAD_Model
