solid OpenSCAD_Model
  facet normal -0.989176 -0.146733 0
    outer loop
      vertex 0.0960732 4.02455 0
      vertex 0.0240755 4.50991 10
      vertex 0.0240755 4.50991 0
    endloop
  endfacet
  facet normal -0.989176 -0.146733 0
    outer loop
      vertex 0.0240755 4.50991 10
      vertex 0.0960732 4.02455 0
      vertex 0.0960732 4.02455 10
    endloop
  endfacet
  facet normal 0.998803 0.048911 0
    outer loop
      vertex 112.3 21 10
      vertex 112.276 21.4901 0
      vertex 112.276 21.4901 10
    endloop
  endfacet
  facet normal 0.998803 0.048911 0
    outer loop
      vertex 112.276 21.4901 0
      vertex 112.3 21 10
      vertex 112.3 21 0
    endloop
  endfacet
  facet normal -0.998796 -0.0490655 0
    outer loop
      vertex 0.0240755 4.50991 0
      vertex 0 5 10
      vertex 0 5 0
    endloop
  endfacet
  facet normal -0.998796 -0.0490655 0
    outer loop
      vertex 0 5 10
      vertex 0.0240755 4.50991 0
      vertex 0.0240755 4.50991 10
    endloop
  endfacet
  facet normal -0.989178 0.146721 0
    outer loop
      vertex 0.0240755 21.4901 0
      vertex 0.0960732 21.9755 10
      vertex 0.0960732 21.9755 0
    endloop
  endfacet
  facet normal -0.989178 0.146721 0
    outer loop
      vertex 0.0960732 21.9755 10
      vertex 0.0240755 21.4901 0
      vertex 0.0240755 21.4901 10
    endloop
  endfacet
  facet normal 0.989175 -0.146738 0
    outer loop
      vertex 112.204 4.02455 10
      vertex 112.276 4.50991 0
      vertex 112.276 4.50991 10
    endloop
  endfacet
  facet normal 0.989175 -0.146738 0
    outer loop
      vertex 112.276 4.50991 0
      vertex 112.204 4.02455 10
      vertex 112.204 4.02455 0
    endloop
  endfacet
  facet normal 0.998803 -0.048912 0
    outer loop
      vertex 112.276 4.50991 10
      vertex 112.3 5 0
      vertex 112.3 5 10
    endloop
  endfacet
  facet normal 0.998803 -0.048912 0
    outer loop
      vertex 112.3 5 0
      vertex 112.276 4.50991 10
      vertex 112.276 4.50991 0
    endloop
  endfacet
  facet normal -0.242934 0.970043 0
    outer loop
      vertex 4.02455 25.9039 0
      vertex 3.54858 25.7847 10
      vertex 4.02455 25.9039 10
    endloop
  endfacet
  facet normal -0.242934 0.970043 0
    outer loop
      vertex 3.54858 25.7847 10
      vertex 4.02455 25.9039 0
      vertex 3.54858 25.7847 0
    endloop
  endfacet
  facet normal -0.998796 0.0490645 0
    outer loop
      vertex 0 21 0
      vertex 0.0240755 21.4901 10
      vertex 0.0240755 21.4901 0
    endloop
  endfacet
  facet normal -0.998796 0.0490645 0
    outer loop
      vertex 0.0240755 21.4901 10
      vertex 0 21 0
      vertex 0 21 10
    endloop
  endfacet
  facet normal -0.671568 -0.740943 0
    outer loop
      vertex 1.46447 1.46447 0
      vertex 1.82803 1.13495 10
      vertex 1.46447 1.46447 10
    endloop
  endfacet
  facet normal -0.671568 -0.740943 -0
    outer loop
      vertex 1.82803 1.13495 10
      vertex 1.46447 1.46447 0
      vertex 1.82803 1.13495 0
    endloop
  endfacet
  facet normal -0.595699 -0.803208 0
    outer loop
      vertex 1.82803 1.13495 0
      vertex 2.22215 0.842651 10
      vertex 1.82803 1.13495 10
    endloop
  endfacet
  facet normal -0.595699 -0.803208 -0
    outer loop
      vertex 2.22215 0.842651 10
      vertex 1.82803 1.13495 0
      vertex 2.22215 0.842651 0
    endloop
  endfacet
  facet normal 0.0490745 -0.998795 0
    outer loop
      vertex 107.3 0 0
      vertex 107.79 0.0240755 10
      vertex 107.3 0 10
    endloop
  endfacet
  facet normal 0.0490745 -0.998795 0
    outer loop
      vertex 107.79 0.0240755 10
      vertex 107.3 0 0
      vertex 107.79 0.0240755 0
    endloop
  endfacet
  facet normal 0 -1 0
    outer loop
      vertex 5 0 0
      vertex 107.3 0 10
      vertex 5 0 10
    endloop
  endfacet
  facet normal 0 -1 -0
    outer loop
      vertex 107.3 0 10
      vertex 5 0 0
      vertex 107.3 0 0
    endloop
  endfacet
  facet normal -0.0491153 0.998793 0
    outer loop
      vertex 5 26 0
      vertex 4.50991 25.9759 10
      vertex 5 26 10
    endloop
  endfacet
  facet normal -0.0491153 0.998793 0
    outer loop
      vertex 4.50991 25.9759 10
      vertex 5 26 0
      vertex 4.50991 25.9759 0
    endloop
  endfacet
  facet normal -0.336879 0.941548 0
    outer loop
      vertex 3.54858 25.7847 0
      vertex 3.08658 25.6194 10
      vertex 3.54858 25.7847 10
    endloop
  endfacet
  facet normal -0.336879 0.941548 0
    outer loop
      vertex 3.08658 25.6194 10
      vertex 3.54858 25.7847 0
      vertex 3.08658 25.6194 0
    endloop
  endfacet
  facet normal 0.970131 0.242584 0
    outer loop
      vertex 112.204 21.9755 10
      vertex 112.085 22.4514 0
      vertex 112.085 22.4514 10
    endloop
  endfacet
  facet normal 0.970131 0.242584 0
    outer loop
      vertex 112.085 22.4514 0
      vertex 112.204 21.9755 10
      vertex 112.204 21.9755 0
    endloop
  endfacet
  facet normal 0 1 -0
    outer loop
      vertex 107.3 26 0
      vertex 5 26 10
      vertex 107.3 26 10
    endloop
  endfacet
  facet normal 0 1 0
    outer loop
      vertex 5 26 10
      vertex 107.3 26 0
      vertex 5 26 0
    endloop
  endfacet
  facet normal 0.595686 0.803218 -0
    outer loop
      vertex 110.472 24.8651 0
      vertex 110.078 25.1573 10
      vertex 110.472 24.8651 10
    endloop
  endfacet
  facet normal 0.595686 0.803218 0
    outer loop
      vertex 110.078 25.1573 10
      vertex 110.472 24.8651 0
      vertex 110.078 25.1573 0
    endloop
  endfacet
  facet normal -1 0 0
    outer loop
      vertex 0 5 0
      vertex 0 21 10
      vertex 0 21 0
    endloop
  endfacet
  facet normal -1 -0 0
    outer loop
      vertex 0 21 10
      vertex 0 5 0
      vertex 0 5 10
    endloop
  endfacet
  facet normal 0.671212 0.741266 -0
    outer loop
      vertex 110.836 24.5355 0
      vertex 110.472 24.8651 10
      vertex 110.836 24.5355 10
    endloop
  endfacet
  facet normal 0.671212 0.741266 0
    outer loop
      vertex 110.472 24.8651 10
      vertex 110.836 24.5355 0
      vertex 110.472 24.8651 0
    endloop
  endfacet
  facet normal -0.857746 0.514073 0
    outer loop
      vertex 0.590393 23.357 0
      vertex 0.842651 23.7779 10
      vertex 0.842651 23.7779 0
    endloop
  endfacet
  facet normal -0.857746 0.514073 0
    outer loop
      vertex 0.842651 23.7779 10
      vertex 0.590393 23.357 0
      vertex 0.590393 23.357 10
    endloop
  endfacet
  facet normal -0.5141 -0.85773 0
    outer loop
      vertex 2.22215 0.842651 0
      vertex 2.64302 0.590393 10
      vertex 2.22215 0.842651 10
    endloop
  endfacet
  facet normal -0.5141 -0.85773 -0
    outer loop
      vertex 2.64302 0.590393 10
      vertex 2.22215 0.842651 0
      vertex 2.64302 0.590393 0
    endloop
  endfacet
  facet normal -0.740943 -0.671568 0
    outer loop
      vertex 1.46447 1.46447 0
      vertex 1.13495 1.82803 10
      vertex 1.13495 1.82803 0
    endloop
  endfacet
  facet normal -0.740943 -0.671568 0
    outer loop
      vertex 1.13495 1.82803 10
      vertex 1.46447 1.46447 0
      vertex 1.46447 1.46447 10
    endloop
  endfacet
  facet normal 0.514046 0.857762 -0
    outer loop
      vertex 110.078 25.1573 0
      vertex 109.657 25.4096 10
      vertex 110.078 25.1573 10
    endloop
  endfacet
  facet normal 0.514046 0.857762 0
    outer loop
      vertex 109.657 25.4096 10
      vertex 110.078 25.1573 0
      vertex 109.657 25.4096 0
    endloop
  endfacet
  facet normal 0.0491243 0.998793 -0
    outer loop
      vertex 107.79 25.9759 0
      vertex 107.3 26 10
      vertex 107.79 25.9759 10
    endloop
  endfacet
  facet normal 0.0491243 0.998793 0
    outer loop
      vertex 107.3 26 10
      vertex 107.79 25.9759 0
      vertex 107.3 26 0
    endloop
  endfacet
  facet normal 0.242967 -0.970035 0
    outer loop
      vertex 108.275 0.0960732 0
      vertex 108.751 0.215298 10
      vertex 108.275 0.0960732 10
    endloop
  endfacet
  facet normal 0.242967 -0.970035 0
    outer loop
      vertex 108.751 0.215298 10
      vertex 108.275 0.0960732 0
      vertex 108.751 0.215298 0
    endloop
  endfacet
  facet normal 0.989177 0.146726 0
    outer loop
      vertex 112.276 21.4901 10
      vertex 112.204 21.9755 0
      vertex 112.204 21.9755 10
    endloop
  endfacet
  facet normal 0.989177 0.146726 0
    outer loop
      vertex 112.204 21.9755 0
      vertex 112.276 21.4901 10
      vertex 112.276 21.4901 0
    endloop
  endfacet
  facet normal 0.14684 -0.98916 0
    outer loop
      vertex 107.79 0.0240755 0
      vertex 108.275 0.0960732 10
      vertex 107.79 0.0240755 10
    endloop
  endfacet
  facet normal 0.14684 -0.98916 0
    outer loop
      vertex 108.275 0.0960732 10
      vertex 107.79 0.0240755 0
      vertex 108.275 0.0960732 0
    endloop
  endfacet
  facet normal 1 -0 0
    outer loop
      vertex 112.3 5 10
      vertex 112.3 21 0
      vertex 112.3 21 10
    endloop
  endfacet
  facet normal 1 0 0
    outer loop
      vertex 112.3 21 0
      vertex 112.3 5 10
      vertex 112.3 5 0
    endloop
  endfacet
  facet normal 0.904625 0.426209 0
    outer loop
      vertex 111.919 22.9134 10
      vertex 111.71 23.357 0
      vertex 111.71 23.357 10
    endloop
  endfacet
  facet normal 0.904625 0.426209 0
    outer loop
      vertex 111.71 23.357 0
      vertex 111.919 22.9134 10
      vertex 111.919 22.9134 0
    endloop
  endfacet
  facet normal 0.857063 -0.515211 0
    outer loop
      vertex 111.457 2.22215 10
      vertex 111.71 2.64302 0
      vertex 111.71 2.64302 10
    endloop
  endfacet
  facet normal 0.857063 -0.515211 0
    outer loop
      vertex 111.71 2.64302 0
      vertex 111.457 2.22215 10
      vertex 111.457 2.22215 0
    endloop
  endfacet
  facet normal -0.514163 0.857692 0
    outer loop
      vertex 2.64302 25.4096 0
      vertex 2.22215 25.1573 10
      vertex 2.64302 25.4096 10
    endloop
  endfacet
  facet normal -0.514163 0.857692 0
    outer loop
      vertex 2.22215 25.1573 10
      vertex 2.64302 25.4096 0
      vertex 2.22215 25.1573 0
    endloop
  endfacet
  facet normal 0.427228 0.904144 -0
    outer loop
      vertex 109.657 25.4096 0
      vertex 109.213 25.6194 10
      vertex 109.657 25.4096 10
    endloop
  endfacet
  facet normal 0.427228 0.904144 0
    outer loop
      vertex 109.213 25.6194 10
      vertex 109.657 25.4096 0
      vertex 109.213 25.6194 0
    endloop
  endfacet
  facet normal 0.941095 0.338142 0
    outer loop
      vertex 112.085 22.4514 10
      vertex 111.919 22.9134 0
      vertex 111.919 22.9134 10
    endloop
  endfacet
  facet normal 0.941095 0.338142 0
    outer loop
      vertex 111.919 22.9134 0
      vertex 112.085 22.4514 10
      vertex 112.085 22.4514 0
    endloop
  endfacet
  facet normal 0.146844 0.98916 -0
    outer loop
      vertex 108.275 25.9039 0
      vertex 107.79 25.9759 10
      vertex 108.275 25.9039 10
    endloop
  endfacet
  facet normal 0.146844 0.98916 0
    outer loop
      vertex 107.79 25.9759 10
      vertex 108.275 25.9039 0
      vertex 107.79 25.9759 0
    endloop
  endfacet
  facet normal 0.513983 -0.8578 0
    outer loop
      vertex 109.657 0.590393 0
      vertex 110.078 0.842651 10
      vertex 109.657 0.590393 10
    endloop
  endfacet
  facet normal 0.513983 -0.8578 0
    outer loop
      vertex 110.078 0.842651 10
      vertex 109.657 0.590393 0
      vertex 110.078 0.842651 0
    endloop
  endfacet
  facet normal 0.90461 -0.426241 0
    outer loop
      vertex 111.71 2.64302 10
      vertex 111.919 3.08658 0
      vertex 111.919 3.08658 10
    endloop
  endfacet
  facet normal 0.90461 -0.426241 0
    outer loop
      vertex 111.919 3.08658 0
      vertex 111.71 2.64302 10
      vertex 111.71 2.64302 0
    endloop
  endfacet
  facet normal -0.146738 0.989175 0
    outer loop
      vertex 4.50991 25.9759 0
      vertex 4.02455 25.9039 10
      vertex 4.50991 25.9759 10
    endloop
  endfacet
  facet normal -0.146738 0.989175 0
    outer loop
      vertex 4.02455 25.9039 10
      vertex 4.50991 25.9759 0
      vertex 4.02455 25.9039 0
    endloop
  endfacet
  facet normal 0.857079 0.515184 0
    outer loop
      vertex 111.71 23.357 10
      vertex 111.457 23.7779 0
      vertex 111.457 23.7779 10
    endloop
  endfacet
  facet normal 0.857079 0.515184 0
    outer loop
      vertex 111.457 23.7779 0
      vertex 111.71 23.357 10
      vertex 111.71 23.357 0
    endloop
  endfacet
  facet normal 0.741415 0.671047 0
    outer loop
      vertex 111.165 24.172 10
      vertex 110.836 24.5355 0
      vertex 110.836 24.5355 10
    endloop
  endfacet
  facet normal 0.741415 0.671047 0
    outer loop
      vertex 110.836 24.5355 0
      vertex 111.165 24.172 10
      vertex 111.165 24.172 0
    endloop
  endfacet
  facet normal -0.336886 -0.941546 0
    outer loop
      vertex 3.08658 0.380602 0
      vertex 3.54858 0.215298 10
      vertex 3.08658 0.380602 10
    endloop
  endfacet
  facet normal -0.336886 -0.941546 -0
    outer loop
      vertex 3.54858 0.215298 10
      vertex 3.08658 0.380602 0
      vertex 3.54858 0.215298 0
    endloop
  endfacet
  facet normal -0.941546 0.336886 0
    outer loop
      vertex 0.215298 22.4514 0
      vertex 0.380602 22.9134 10
      vertex 0.380602 22.9134 0
    endloop
  endfacet
  facet normal -0.941546 0.336886 0
    outer loop
      vertex 0.380602 22.9134 10
      vertex 0.215298 22.4514 0
      vertex 0.215298 22.4514 10
    endloop
  endfacet
  facet normal 0.427213 -0.904151 0
    outer loop
      vertex 109.213 0.380602 0
      vertex 109.657 0.590393 10
      vertex 109.213 0.380602 10
    endloop
  endfacet
  facet normal 0.427213 -0.904151 0
    outer loop
      vertex 109.657 0.590393 10
      vertex 109.213 0.380602 0
      vertex 109.657 0.590393 0
    endloop
  endfacet
  facet normal -0.671658 0.740861 0
    outer loop
      vertex 1.82803 24.8651 0
      vertex 1.46447 24.5355 10
      vertex 1.82803 24.8651 10
    endloop
  endfacet
  facet normal -0.671658 0.740861 0
    outer loop
      vertex 1.46447 24.5355 10
      vertex 1.82803 24.8651 0
      vertex 1.46447 24.5355 0
    endloop
  endfacet
  facet normal -0.146733 -0.989176 0
    outer loop
      vertex 4.02455 0.0960732 0
      vertex 4.50991 0.0240755 10
      vertex 4.02455 0.0960732 10
    endloop
  endfacet
  facet normal -0.146733 -0.989176 -0
    outer loop
      vertex 4.50991 0.0240755 10
      vertex 4.02455 0.0960732 0
      vertex 4.50991 0.0240755 0
    endloop
  endfacet
  facet normal 0.671122 -0.741347 0
    outer loop
      vertex 110.472 1.13495 0
      vertex 110.836 1.46447 10
      vertex 110.472 1.13495 10
    endloop
  endfacet
  facet normal 0.671122 -0.741347 0
    outer loop
      vertex 110.836 1.46447 10
      vertex 110.472 1.13495 0
      vertex 110.836 1.46447 0
    endloop
  endfacet
  facet normal 0.803485 0.595325 0
    outer loop
      vertex 111.457 23.7779 10
      vertex 111.165 24.172 0
      vertex 111.165 24.172 10
    endloop
  endfacet
  facet normal 0.803485 0.595325 0
    outer loop
      vertex 111.165 24.172 0
      vertex 111.457 23.7779 10
      vertex 111.457 23.7779 0
    endloop
  endfacet
  facet normal -0.427575 0.90398 0
    outer loop
      vertex 3.08658 25.6194 0
      vertex 2.64302 25.4096 10
      vertex 3.08658 25.6194 10
    endloop
  endfacet
  facet normal -0.427575 0.90398 0
    outer loop
      vertex 2.64302 25.4096 10
      vertex 3.08658 25.6194 0
      vertex 2.64302 25.4096 0
    endloop
  endfacet
  facet normal -0.970023 0.243015 0
    outer loop
      vertex 0.0960732 21.9755 0
      vertex 0.215298 22.4514 10
      vertex 0.215298 22.4514 0
    endloop
  endfacet
  facet normal -0.970023 0.243015 0
    outer loop
      vertex 0.215298 22.4514 10
      vertex 0.0960732 21.9755 0
      vertex 0.0960732 21.9755 10
    endloop
  endfacet
  facet normal 0.970139 -0.24255 0
    outer loop
      vertex 112.085 3.54858 10
      vertex 112.204 4.02455 0
      vertex 112.204 4.02455 10
    endloop
  endfacet
  facet normal 0.970139 -0.24255 0
    outer loop
      vertex 112.204 4.02455 0
      vertex 112.085 3.54858 10
      vertex 112.085 3.54858 0
    endloop
  endfacet
  facet normal 0.336879 0.941548 -0
    outer loop
      vertex 109.213 25.6194 0
      vertex 108.751 25.7847 10
      vertex 109.213 25.6194 10
    endloop
  endfacet
  facet normal 0.336879 0.941548 0
    outer loop
      vertex 108.751 25.7847 10
      vertex 109.213 25.6194 0
      vertex 108.751 25.7847 0
    endloop
  endfacet
  facet normal 0 0 -1
    outer loop
      vertex 107.3 0 0
      vertex 112.3 5 0
      vertex 112.276 4.50991 0
    endloop
  endfacet
  facet normal 0 0 -1
    outer loop
      vertex 112.3 5 0
      vertex 104 13 0
      vertex 112.3 21 0
    endloop
  endfacet
  facet normal 0 0 -1
    outer loop
      vertex 107.3 0 0
      vertex 112.276 4.50991 0
      vertex 112.204 4.02455 0
    endloop
  endfacet
  facet normal 0 0 -1
    outer loop
      vertex 103.981 13.3921 0
      vertex 112.3 21 0
      vertex 104 13 0
    endloop
  endfacet
  facet normal 0 0 -1
    outer loop
      vertex 107.3 0 0
      vertex 112.204 4.02455 0
      vertex 112.085 3.54858 0
    endloop
  endfacet
  facet normal 0 0 -1
    outer loop
      vertex 103.923 13.7804 0
      vertex 112.3 21 0
      vertex 103.981 13.3921 0
    endloop
  endfacet
  facet normal 0 0 -1
    outer loop
      vertex 107.3 0 0
      vertex 112.085 3.54858 0
      vertex 111.919 3.08658 0
    endloop
  endfacet
  facet normal 0 0 -1
    outer loop
      vertex 103.828 14.1611 0
      vertex 112.3 21 0
      vertex 103.923 13.7804 0
    endloop
  endfacet
  facet normal 0 0 -1
    outer loop
      vertex 107.3 0 0
      vertex 111.919 3.08658 0
      vertex 111.71 2.64302 0
    endloop
  endfacet
  facet normal 0 0 -1
    outer loop
      vertex 103.696 14.5307 0
      vertex 112.3 21 0
      vertex 103.828 14.1611 0
    endloop
  endfacet
  facet normal 0 0 -1
    outer loop
      vertex 107.3 0 0
      vertex 111.71 2.64302 0
      vertex 111.457 2.22215 0
    endloop
  endfacet
  facet normal 0 0 -1
    outer loop
      vertex 103.528 14.8856 0
      vertex 112.3 21 0
      vertex 103.696 14.5307 0
    endloop
  endfacet
  facet normal 0 0 -1
    outer loop
      vertex 107.3 0 0
      vertex 111.457 2.22215 0
      vertex 111.165 1.82803 0
    endloop
  endfacet
  facet normal 0 0 -1
    outer loop
      vertex 103.326 15.2223 0
      vertex 112.3 21 0
      vertex 103.528 14.8856 0
    endloop
  endfacet
  facet normal 0 0 -1
    outer loop
      vertex 107.3 0 0
      vertex 111.165 1.82803 0
      vertex 110.836 1.46447 0
    endloop
  endfacet
  facet normal 0 0 -1
    outer loop
      vertex 103.092 15.5376 0
      vertex 112.3 21 0
      vertex 103.326 15.2223 0
    endloop
  endfacet
  facet normal 0 0 -1
    outer loop
      vertex 107.3 0 0
      vertex 110.836 1.46447 0
      vertex 110.472 1.13495 0
    endloop
  endfacet
  facet normal 0 0 -1
    outer loop
      vertex 102.828 15.8284 0
      vertex 112.3 21 0
      vertex 103.092 15.5376 0
    endloop
  endfacet
  facet normal 0 0 -1
    outer loop
      vertex 107.3 0 0
      vertex 110.472 1.13495 0
      vertex 110.078 0.842651 0
    endloop
  endfacet
  facet normal 0 -0 -1
    outer loop
      vertex 107.3 26 0
      vertex 112.3 21 0
      vertex 102.828 15.8284 0
    endloop
  endfacet
  facet normal 0 0 -1
    outer loop
      vertex 107.3 0 0
      vertex 110.078 0.842651 0
      vertex 109.657 0.590393 0
    endloop
  endfacet
  facet normal 0 0 -1
    outer loop
      vertex 112.3 21 0
      vertex 107.3 26 0
      vertex 112.276 21.4901 0
    endloop
  endfacet
  facet normal 0 0 -1
    outer loop
      vertex 107.3 0 0
      vertex 109.657 0.590393 0
      vertex 109.213 0.380602 0
    endloop
  endfacet
  facet normal 0 0 -1
    outer loop
      vertex 112.276 21.4901 0
      vertex 107.3 26 0
      vertex 112.204 21.9755 0
    endloop
  endfacet
  facet normal 0 0 -1
    outer loop
      vertex 107.3 0 0
      vertex 109.213 0.380602 0
      vertex 108.751 0.215298 0
    endloop
  endfacet
  facet normal 0 0 -1
    outer loop
      vertex 112.204 21.9755 0
      vertex 107.3 26 0
      vertex 112.085 22.4514 0
    endloop
  endfacet
  facet normal 0 0 -1
    outer loop
      vertex 107.3 0 0
      vertex 108.751 0.215298 0
      vertex 108.275 0.0960732 0
    endloop
  endfacet
  facet normal 0 0 -1
    outer loop
      vertex 112.085 22.4514 0
      vertex 107.3 26 0
      vertex 111.919 22.9134 0
    endloop
  endfacet
  facet normal 0 0 -1
    outer loop
      vertex 107.3 0 0
      vertex 108.275 0.0960732 0
      vertex 107.79 0.0240755 0
    endloop
  endfacet
  facet normal 0 0 -1
    outer loop
      vertex 111.919 22.9134 0
      vertex 107.3 26 0
      vertex 111.71 23.357 0
    endloop
  endfacet
  facet normal -0 0 -1
    outer loop
      vertex 112.3 5 0
      vertex 107.3 0 0
      vertex 102.828 10.1716 0
    endloop
  endfacet
  facet normal 0 0 -1
    outer loop
      vertex 111.71 23.357 0
      vertex 107.3 26 0
      vertex 111.457 23.7779 0
    endloop
  endfacet
  facet normal 0 0 -1
    outer loop
      vertex 111.457 23.7779 0
      vertex 107.3 26 0
      vertex 111.165 24.172 0
    endloop
  endfacet
  facet normal 0 0 -1
    outer loop
      vertex 112.3 5 0
      vertex 103.981 12.6079 0
      vertex 104 13 0
    endloop
  endfacet
  facet normal 0 0 -1
    outer loop
      vertex 112.3 5 0
      vertex 103.923 12.2196 0
      vertex 103.981 12.6079 0
    endloop
  endfacet
  facet normal 0 0 -1
    outer loop
      vertex 112.3 5 0
      vertex 103.828 11.8389 0
      vertex 103.923 12.2196 0
    endloop
  endfacet
  facet normal 0 0 -1
    outer loop
      vertex 112.3 5 0
      vertex 103.696 11.4693 0
      vertex 103.828 11.8389 0
    endloop
  endfacet
  facet normal 0 0 -1
    outer loop
      vertex 112.3 5 0
      vertex 103.528 11.1144 0
      vertex 103.696 11.4693 0
    endloop
  endfacet
  facet normal 0 0 -1
    outer loop
      vertex 112.3 5 0
      vertex 103.326 10.7777 0
      vertex 103.528 11.1144 0
    endloop
  endfacet
  facet normal 0 0 -1
    outer loop
      vertex 112.3 5 0
      vertex 103.092 10.4624 0
      vertex 103.326 10.7777 0
    endloop
  endfacet
  facet normal 0 0 -1
    outer loop
      vertex 112.3 5 0
      vertex 102.828 10.1716 0
      vertex 103.092 10.4624 0
    endloop
  endfacet
  facet normal 0 0 -1
    outer loop
      vertex 107.3 0 0
      vertex 102.538 9.90796 0
      vertex 102.828 10.1716 0
    endloop
  endfacet
  facet normal 0 0 -1
    outer loop
      vertex 107.3 0 0
      vertex 102.222 9.67412 0
      vertex 102.538 9.90796 0
    endloop
  endfacet
  facet normal 0 0 -1
    outer loop
      vertex 107.3 0 0
      vertex 101.886 9.47231 0
      vertex 102.222 9.67412 0
    endloop
  endfacet
  facet normal 0 0 -1
    outer loop
      vertex 107.3 0 0
      vertex 101.531 9.30448 0
      vertex 101.886 9.47231 0
    endloop
  endfacet
  facet normal 0 0 -1
    outer loop
      vertex 107.3 0 0
      vertex 101.161 9.17224 0
      vertex 101.531 9.30448 0
    endloop
  endfacet
  facet normal 0 0 -1
    outer loop
      vertex 107.3 0 0
      vertex 100.78 9.07686 0
      vertex 101.161 9.17224 0
    endloop
  endfacet
  facet normal 0 0 -1
    outer loop
      vertex 107.3 0 0
      vertex 100.392 9.01926 0
      vertex 100.78 9.07686 0
    endloop
  endfacet
  facet normal 0 0 -1
    outer loop
      vertex 107.3 0 0
      vertex 100 9 0
      vertex 100.392 9.01926 0
    endloop
  endfacet
  facet normal 0 0 -1
    outer loop
      vertex 107.3 0 0
      vertex 99.6079 9.01926 0
      vertex 100 9 0
    endloop
  endfacet
  facet normal 0 0 -1
    outer loop
      vertex 107.3 0 0
      vertex 99.2196 9.07686 0
      vertex 99.6079 9.01926 0
    endloop
  endfacet
  facet normal 0 0 -1
    outer loop
      vertex 107.3 0 0
      vertex 98.8389 9.17224 0
      vertex 99.2196 9.07686 0
    endloop
  endfacet
  facet normal 0 0 -1
    outer loop
      vertex 107.3 0 0
      vertex 98.4693 9.30448 0
      vertex 98.8389 9.17224 0
    endloop
  endfacet
  facet normal 0 0 -1
    outer loop
      vertex 107.3 0 0
      vertex 98.1144 9.47231 0
      vertex 98.4693 9.30448 0
    endloop
  endfacet
  facet normal 0 0 -1
    outer loop
      vertex 84.8708 10.1292 0
      vertex 98.1144 9.47231 0
      vertex 107.3 0 0
    endloop
  endfacet
  facet normal 0 -0 -1
    outer loop
      vertex 85.148 10.2284 0
      vertex 98.1144 9.47231 0
      vertex 84.8708 10.1292 0
    endloop
  endfacet
  facet normal 0 -0 -1
    outer loop
      vertex 85.4142 10.3542 0
      vertex 97.7777 9.67412 0
      vertex 85.148 10.2284 0
    endloop
  endfacet
  facet normal 0 0 -1
    outer loop
      vertex 86.9855 12.7059 0
      vertex 96 13 0
      vertex 96.0193 12.6079 0
    endloop
  endfacet
  facet normal 0 0 -1
    outer loop
      vertex 86.9424 12.4147 0
      vertex 96.0193 12.6079 0
      vertex 96.0769 12.2196 0
    endloop
  endfacet
  facet normal 0 0 -1
    outer loop
      vertex 86.8708 12.1291 0
      vertex 96.0769 12.2196 0
      vertex 96.1722 11.8389 0
    endloop
  endfacet
  facet normal 0 0 -1
    outer loop
      vertex 86.7716 11.8519 0
      vertex 96.1722 11.8389 0
      vertex 96.3045 11.4693 0
    endloop
  endfacet
  facet normal 0 0 -1
    outer loop
      vertex 86.6458 11.5858 0
      vertex 96.3045 11.4693 0
      vertex 96.4723 11.1144 0
    endloop
  endfacet
  facet normal 0 0 -1
    outer loop
      vertex 86.4944 11.3333 0
      vertex 96.4723 11.1144 0
      vertex 96.6741 10.7777 0
    endloop
  endfacet
  facet normal 0 0 -1
    outer loop
      vertex 86.319 11.0968 0
      vertex 96.6741 10.7777 0
      vertex 96.908 10.4624 0
    endloop
  endfacet
  facet normal 0 0 -1
    outer loop
      vertex 86.1213 10.8787 0
      vertex 96.908 10.4624 0
      vertex 97.1716 10.1716 0
    endloop
  endfacet
  facet normal 0 0 -1
    outer loop
      vertex 97.7777 9.67412 0
      vertex 85.4142 10.3542 0
      vertex 97.4624 9.90796 0
    endloop
  endfacet
  facet normal -0 0 -1
    outer loop
      vertex 96 13 0
      vertex 86.9855 12.7059 0
      vertex 87 13 0
    endloop
  endfacet
  facet normal -0 0 -1
    outer loop
      vertex 96.0193 12.6079 0
      vertex 86.9424 12.4147 0
      vertex 86.9855 12.7059 0
    endloop
  endfacet
  facet normal -0 0 -1
    outer loop
      vertex 96.0769 12.2196 0
      vertex 86.8708 12.1291 0
      vertex 86.9424 12.4147 0
    endloop
  endfacet
  facet normal 0 0 -1
    outer loop
      vertex 96.1722 11.8389 0
      vertex 86.7716 11.8519 0
      vertex 86.8708 12.1291 0
    endloop
  endfacet
  facet normal 0 0 -1
    outer loop
      vertex 96.3045 11.4693 0
      vertex 86.6458 11.5858 0
      vertex 86.7716 11.8519 0
    endloop
  endfacet
  facet normal 0 0 -1
    outer loop
      vertex 96.4723 11.1144 0
      vertex 86.4944 11.3333 0
      vertex 86.6458 11.5858 0
    endloop
  endfacet
  facet normal 0 0 -1
    outer loop
      vertex 96.6741 10.7777 0
      vertex 86.319 11.0968 0
      vertex 86.4944 11.3333 0
    endloop
  endfacet
  facet normal 0 0 -1
    outer loop
      vertex 96.908 10.4624 0
      vertex 86.1213 10.8787 0
      vertex 86.319 11.0968 0
    endloop
  endfacet
  facet normal 0 0 -1
    outer loop
      vertex 97.1716 10.1716 0
      vertex 85.9032 10.681 0
      vertex 86.1213 10.8787 0
    endloop
  endfacet
  facet normal 0 0 -1
    outer loop
      vertex 97.1716 10.1716 0
      vertex 85.6667 10.5056 0
      vertex 85.9032 10.681 0
    endloop
  endfacet
  facet normal 0 0 -1
    outer loop
      vertex 97.4624 9.90796 0
      vertex 85.6667 10.5056 0
      vertex 97.1716 10.1716 0
    endloop
  endfacet
  facet normal 0 -0 -1
    outer loop
      vertex 85.6667 10.5056 0
      vertex 97.4624 9.90796 0
      vertex 85.4142 10.3542 0
    endloop
  endfacet
  facet normal 0 0 -1
    outer loop
      vertex 98.1144 9.47231 0
      vertex 85.148 10.2284 0
      vertex 97.7777 9.67412 0
    endloop
  endfacet
  facet normal 0 0 -1
    outer loop
      vertex 107.3 0 0
      vertex 84.5853 10.0576 0
      vertex 84.8708 10.1292 0
    endloop
  endfacet
  facet normal 0 0 -1
    outer loop
      vertex 107.3 0 0
      vertex 84.2941 10.0144 0
      vertex 84.5853 10.0576 0
    endloop
  endfacet
  facet normal 0 0 -1
    outer loop
      vertex 107.3 0 0
      vertex 84 10 0
      vertex 84.2941 10.0144 0
    endloop
  endfacet
  facet normal 0 0 -1
    outer loop
      vertex 107.3 0 0
      vertex 28 10 0
      vertex 84 10 0
    endloop
  endfacet
  facet normal 0 0 -1
    outer loop
      vertex 5 0 0
      vertex 28 10 0
      vertex 107.3 0 0
    endloop
  endfacet
  facet normal 0 0 -1
    outer loop
      vertex 0 5 0
      vertex 25.0144 12.7059 0
      vertex 5 0 0
    endloop
  endfacet
  facet normal -0 0 -1
    outer loop
      vertex 25.0576 12.4147 0
      vertex 5 0 0
      vertex 25.0144 12.7059 0
    endloop
  endfacet
  facet normal -0 0 -1
    outer loop
      vertex 25.1292 12.1291 0
      vertex 5 0 0
      vertex 25.0576 12.4147 0
    endloop
  endfacet
  facet normal -0 0 -1
    outer loop
      vertex 25.2284 11.8519 0
      vertex 5 0 0
      vertex 25.1292 12.1291 0
    endloop
  endfacet
  facet normal -0 0 -1
    outer loop
      vertex 25.3542 11.5858 0
      vertex 5 0 0
      vertex 25.2284 11.8519 0
    endloop
  endfacet
  facet normal -0 0 -1
    outer loop
      vertex 25.5056 11.3333 0
      vertex 5 0 0
      vertex 25.3542 11.5858 0
    endloop
  endfacet
  facet normal -0 0 -1
    outer loop
      vertex 25.681 11.0968 0
      vertex 5 0 0
      vertex 25.5056 11.3333 0
    endloop
  endfacet
  facet normal -0 0 -1
    outer loop
      vertex 25.8787 10.8787 0
      vertex 5 0 0
      vertex 25.681 11.0968 0
    endloop
  endfacet
  facet normal -0 0 -1
    outer loop
      vertex 26.0968 10.681 0
      vertex 5 0 0
      vertex 25.8787 10.8787 0
    endloop
  endfacet
  facet normal -0 0 -1
    outer loop
      vertex 26.3333 10.5056 0
      vertex 5 0 0
      vertex 26.0968 10.681 0
    endloop
  endfacet
  facet normal -0 0 -1
    outer loop
      vertex 26.5858 10.3542 0
      vertex 5 0 0
      vertex 26.3333 10.5056 0
    endloop
  endfacet
  facet normal -0 0 -1
    outer loop
      vertex 26.8519 10.2284 0
      vertex 5 0 0
      vertex 26.5858 10.3542 0
    endloop
  endfacet
  facet normal -0 0 -1
    outer loop
      vertex 27.1291 10.1292 0
      vertex 5 0 0
      vertex 26.8519 10.2284 0
    endloop
  endfacet
  facet normal -0 0 -1
    outer loop
      vertex 27.4147 10.0576 0
      vertex 5 0 0
      vertex 27.1291 10.1292 0
    endloop
  endfacet
  facet normal -0 0 -1
    outer loop
      vertex 27.7059 10.0144 0
      vertex 5 0 0
      vertex 27.4147 10.0576 0
    endloop
  endfacet
  facet normal -0 0 -1
    outer loop
      vertex 28 10 0
      vertex 5 0 0
      vertex 27.7059 10.0144 0
    endloop
  endfacet
  facet normal 0 0 -1
    outer loop
      vertex 111.165 24.172 0
      vertex 107.3 26 0
      vertex 110.836 24.5355 0
    endloop
  endfacet
  facet normal 0 0 -1
    outer loop
      vertex 110.836 24.5355 0
      vertex 107.3 26 0
      vertex 110.472 24.8651 0
    endloop
  endfacet
  facet normal 0 0 -1
    outer loop
      vertex 110.472 24.8651 0
      vertex 107.3 26 0
      vertex 110.078 25.1573 0
    endloop
  endfacet
  facet normal 0 0 -1
    outer loop
      vertex 110.078 25.1573 0
      vertex 107.3 26 0
      vertex 109.657 25.4096 0
    endloop
  endfacet
  facet normal 0 0 -1
    outer loop
      vertex 109.657 25.4096 0
      vertex 107.3 26 0
      vertex 109.213 25.6194 0
    endloop
  endfacet
  facet normal 0 0 -1
    outer loop
      vertex 109.213 25.6194 0
      vertex 107.3 26 0
      vertex 108.751 25.7847 0
    endloop
  endfacet
  facet normal 0 0 -1
    outer loop
      vertex 108.751 25.7847 0
      vertex 107.3 26 0
      vertex 108.275 25.9039 0
    endloop
  endfacet
  facet normal 0 0 -1
    outer loop
      vertex 108.275 25.9039 0
      vertex 107.3 26 0
      vertex 107.79 25.9759 0
    endloop
  endfacet
  facet normal 0 0 -1
    outer loop
      vertex 102.538 16.092 0
      vertex 107.3 26 0
      vertex 102.828 15.8284 0
    endloop
  endfacet
  facet normal 0 0 -1
    outer loop
      vertex 102.222 16.3259 0
      vertex 107.3 26 0
      vertex 102.538 16.092 0
    endloop
  endfacet
  facet normal 0 0 -1
    outer loop
      vertex 101.886 16.5277 0
      vertex 107.3 26 0
      vertex 102.222 16.3259 0
    endloop
  endfacet
  facet normal 0 0 -1
    outer loop
      vertex 101.531 16.6955 0
      vertex 107.3 26 0
      vertex 101.886 16.5277 0
    endloop
  endfacet
  facet normal 0 0 -1
    outer loop
      vertex 101.161 16.8278 0
      vertex 107.3 26 0
      vertex 101.531 16.6955 0
    endloop
  endfacet
  facet normal 0 0 -1
    outer loop
      vertex 100.78 16.9231 0
      vertex 107.3 26 0
      vertex 101.161 16.8278 0
    endloop
  endfacet
  facet normal 0 0 -1
    outer loop
      vertex 100.392 16.9807 0
      vertex 107.3 26 0
      vertex 100.78 16.9231 0
    endloop
  endfacet
  facet normal 0 0 -1
    outer loop
      vertex 100 17 0
      vertex 107.3 26 0
      vertex 100.392 16.9807 0
    endloop
  endfacet
  facet normal 0 0 -1
    outer loop
      vertex 99.6079 16.9807 0
      vertex 107.3 26 0
      vertex 100 17 0
    endloop
  endfacet
  facet normal 0 0 -1
    outer loop
      vertex 99.2196 16.9231 0
      vertex 107.3 26 0
      vertex 99.6079 16.9807 0
    endloop
  endfacet
  facet normal 0 0 -1
    outer loop
      vertex 98.8389 16.8278 0
      vertex 107.3 26 0
      vertex 99.2196 16.9231 0
    endloop
  endfacet
  facet normal 0 0 -1
    outer loop
      vertex 98.4693 16.6955 0
      vertex 107.3 26 0
      vertex 98.8389 16.8278 0
    endloop
  endfacet
  facet normal 0 0 -1
    outer loop
      vertex 98.1144 16.5277 0
      vertex 107.3 26 0
      vertex 98.4693 16.6955 0
    endloop
  endfacet
  facet normal 0 0 -1
    outer loop
      vertex 85.148 15.7716 0
      vertex 98.1144 16.5277 0
      vertex 97.7777 16.3259 0
    endloop
  endfacet
  facet normal 0 0 -1
    outer loop
      vertex 85.4142 15.6458 0
      vertex 97.7777 16.3259 0
      vertex 97.4624 16.092 0
    endloop
  endfacet
  facet normal 0 0 -1
    outer loop
      vertex 85.6667 15.4944 0
      vertex 97.4624 16.092 0
      vertex 97.1716 15.8284 0
    endloop
  endfacet
  facet normal 0 0 -1
    outer loop
      vertex 86.9855 13.2941 0
      vertex 96 13 0
      vertex 87 13 0
    endloop
  endfacet
  facet normal 0 0 -1
    outer loop
      vertex 96 13 0
      vertex 86.9855 13.2941 0
      vertex 96.0193 13.3921 0
    endloop
  endfacet
  facet normal 0 0 -1
    outer loop
      vertex 86.9424 13.5853 0
      vertex 96.0193 13.3921 0
      vertex 86.9855 13.2941 0
    endloop
  endfacet
  facet normal 0 0 -1
    outer loop
      vertex 96.0193 13.3921 0
      vertex 86.9424 13.5853 0
      vertex 96.0769 13.7804 0
    endloop
  endfacet
  facet normal 0 0 -1
    outer loop
      vertex 86.8708 13.8709 0
      vertex 96.0769 13.7804 0
      vertex 86.9424 13.5853 0
    endloop
  endfacet
  facet normal 0 0 -1
    outer loop
      vertex 96.0769 13.7804 0
      vertex 86.8708 13.8709 0
      vertex 96.1722 14.1611 0
    endloop
  endfacet
  facet normal 0 0 -1
    outer loop
      vertex 86.7716 14.148 0
      vertex 96.1722 14.1611 0
      vertex 86.8708 13.8709 0
    endloop
  endfacet
  facet normal -0 0 -1
    outer loop
      vertex 96.1722 14.1611 0
      vertex 86.7716 14.148 0
      vertex 96.3045 14.5307 0
    endloop
  endfacet
  facet normal 0 0 -1
    outer loop
      vertex 86.6458 14.4142 0
      vertex 96.3045 14.5307 0
      vertex 86.7716 14.148 0
    endloop
  endfacet
  facet normal -0 0 -1
    outer loop
      vertex 96.3045 14.5307 0
      vertex 86.6458 14.4142 0
      vertex 96.4723 14.8856 0
    endloop
  endfacet
  facet normal 0 0 -1
    outer loop
      vertex 86.4944 14.6667 0
      vertex 96.4723 14.8856 0
      vertex 86.6458 14.4142 0
    endloop
  endfacet
  facet normal -0 0 -1
    outer loop
      vertex 96.4723 14.8856 0
      vertex 86.4944 14.6667 0
      vertex 96.6741 15.2223 0
    endloop
  endfacet
  facet normal 0 0 -1
    outer loop
      vertex 86.319 14.9032 0
      vertex 96.6741 15.2223 0
      vertex 86.4944 14.6667 0
    endloop
  endfacet
  facet normal -0 0 -1
    outer loop
      vertex 96.6741 15.2223 0
      vertex 86.319 14.9032 0
      vertex 96.908 15.5376 0
    endloop
  endfacet
  facet normal 0 0 -1
    outer loop
      vertex 86.1213 15.1213 0
      vertex 96.908 15.5376 0
      vertex 86.319 14.9032 0
    endloop
  endfacet
  facet normal -0 0 -1
    outer loop
      vertex 96.908 15.5376 0
      vertex 86.1213 15.1213 0
      vertex 97.1716 15.8284 0
    endloop
  endfacet
  facet normal 0 0 -1
    outer loop
      vertex 85.9032 15.319 0
      vertex 97.1716 15.8284 0
      vertex 86.1213 15.1213 0
    endloop
  endfacet
  facet normal 0 0 -1
    outer loop
      vertex 85.6667 15.4944 0
      vertex 97.1716 15.8284 0
      vertex 85.9032 15.319 0
    endloop
  endfacet
  facet normal 0 0 -1
    outer loop
      vertex 97.4624 16.092 0
      vertex 85.6667 15.4944 0
      vertex 85.4142 15.6458 0
    endloop
  endfacet
  facet normal 0 0 -1
    outer loop
      vertex 97.7777 16.3259 0
      vertex 85.4142 15.6458 0
      vertex 85.148 15.7716 0
    endloop
  endfacet
  facet normal 0 0 -1
    outer loop
      vertex 98.1144 16.5277 0
      vertex 85.148 15.7716 0
      vertex 84.8708 15.8708 0
    endloop
  endfacet
  facet normal -0 0 -1
    outer loop
      vertex 98.1144 16.5277 0
      vertex 84.8708 15.8708 0
      vertex 107.3 26 0
    endloop
  endfacet
  facet normal 0 0 -1
    outer loop
      vertex 84.5853 15.9424 0
      vertex 107.3 26 0
      vertex 84.8708 15.8708 0
    endloop
  endfacet
  facet normal 0 0 -1
    outer loop
      vertex 84.2941 15.9856 0
      vertex 107.3 26 0
      vertex 84.5853 15.9424 0
    endloop
  endfacet
  facet normal 0 0 -1
    outer loop
      vertex 84 16 0
      vertex 107.3 26 0
      vertex 84.2941 15.9856 0
    endloop
  endfacet
  facet normal 0 0 -1
    outer loop
      vertex 28 16 0
      vertex 107.3 26 0
      vertex 84 16 0
    endloop
  endfacet
  facet normal 0 0 -1
    outer loop
      vertex 5 26 0
      vertex 28 16 0
      vertex 27.7059 15.9856 0
    endloop
  endfacet
  facet normal -0 0 -1
    outer loop
      vertex 25.0144 12.7059 0
      vertex 0 5 0
      vertex 25 13 0
    endloop
  endfacet
  facet normal 0 0 -1
    outer loop
      vertex 0 21 0
      vertex 25 13 0
      vertex 0 5 0
    endloop
  endfacet
  facet normal 0 0 -1
    outer loop
      vertex 25 13 0
      vertex 0 21 0
      vertex 25.0144 13.2941 0
    endloop
  endfacet
  facet normal 0 -0 -1
    outer loop
      vertex 5 26 0
      vertex 25.0144 13.2941 0
      vertex 0 21 0
    endloop
  endfacet
  facet normal 0 0 -1
    outer loop
      vertex 25.0144 13.2941 0
      vertex 5 26 0
      vertex 25.0576 13.5853 0
    endloop
  endfacet
  facet normal 0 0 -1
    outer loop
      vertex 25.0576 13.5853 0
      vertex 5 26 0
      vertex 25.1292 13.8709 0
    endloop
  endfacet
  facet normal 0 0 -1
    outer loop
      vertex 25.1292 13.8709 0
      vertex 5 26 0
      vertex 25.2284 14.148 0
    endloop
  endfacet
  facet normal 0 0 -1
    outer loop
      vertex 25.2284 14.148 0
      vertex 5 26 0
      vertex 25.3542 14.4142 0
    endloop
  endfacet
  facet normal 0 0 -1
    outer loop
      vertex 25.3542 14.4142 0
      vertex 5 26 0
      vertex 25.5056 14.6667 0
    endloop
  endfacet
  facet normal 0 0 -1
    outer loop
      vertex 25.5056 14.6667 0
      vertex 5 26 0
      vertex 25.681 14.9032 0
    endloop
  endfacet
  facet normal 0 0 -1
    outer loop
      vertex 28 16 0
      vertex 5 26 0
      vertex 107.3 26 0
    endloop
  endfacet
  facet normal 0 0 -1
    outer loop
      vertex 27.4147 15.9424 0
      vertex 5 26 0
      vertex 27.7059 15.9856 0
    endloop
  endfacet
  facet normal 0 0 -1
    outer loop
      vertex 27.1291 15.8708 0
      vertex 5 26 0
      vertex 27.4147 15.9424 0
    endloop
  endfacet
  facet normal 0 0 -1
    outer loop
      vertex 26.8519 15.7716 0
      vertex 5 26 0
      vertex 27.1291 15.8708 0
    endloop
  endfacet
  facet normal 0 0 -1
    outer loop
      vertex 26.5858 15.6458 0
      vertex 5 26 0
      vertex 26.8519 15.7716 0
    endloop
  endfacet
  facet normal 0 0 -1
    outer loop
      vertex 26.3333 15.4944 0
      vertex 5 26 0
      vertex 26.5858 15.6458 0
    endloop
  endfacet
  facet normal 0 0 -1
    outer loop
      vertex 25.681 14.9032 0
      vertex 5 26 0
      vertex 25.8787 15.1213 0
    endloop
  endfacet
  facet normal 0 0 -1
    outer loop
      vertex 0 5 0
      vertex 5 0 0
      vertex 4.50991 0.0240755 0
    endloop
  endfacet
  facet normal 0 0 -1
    outer loop
      vertex 25.8787 15.1213 0
      vertex 5 26 0
      vertex 26.0968 15.319 0
    endloop
  endfacet
  facet normal 0 0 -1
    outer loop
      vertex 0 5 0
      vertex 4.50991 0.0240755 0
      vertex 4.02455 0.0960732 0
    endloop
  endfacet
  facet normal 0 0 -1
    outer loop
      vertex 26.0968 15.319 0
      vertex 5 26 0
      vertex 26.3333 15.4944 0
    endloop
  endfacet
  facet normal 0 0 -1
    outer loop
      vertex 0 5 0
      vertex 4.02455 0.0960732 0
      vertex 3.54858 0.215298 0
    endloop
  endfacet
  facet normal 0 0 -1
    outer loop
      vertex 5 26 0
      vertex 0 21 0
      vertex 4.50991 25.9759 0
    endloop
  endfacet
  facet normal 0 0 -1
    outer loop
      vertex 0 5 0
      vertex 3.54858 0.215298 0
      vertex 3.08658 0.380602 0
    endloop
  endfacet
  facet normal 0 0 -1
    outer loop
      vertex 4.50991 25.9759 0
      vertex 0 21 0
      vertex 4.02455 25.9039 0
    endloop
  endfacet
  facet normal 0 0 -1
    outer loop
      vertex 0 5 0
      vertex 3.08658 0.380602 0
      vertex 2.64302 0.590393 0
    endloop
  endfacet
  facet normal 0 0 -1
    outer loop
      vertex 4.02455 25.9039 0
      vertex 0 21 0
      vertex 3.54858 25.7847 0
    endloop
  endfacet
  facet normal 0 0 -1
    outer loop
      vertex 0 5 0
      vertex 2.64302 0.590393 0
      vertex 2.22215 0.842651 0
    endloop
  endfacet
  facet normal 0 0 -1
    outer loop
      vertex 3.54858 25.7847 0
      vertex 0 21 0
      vertex 3.08658 25.6194 0
    endloop
  endfacet
  facet normal 0 0 -1
    outer loop
      vertex 0 5 0
      vertex 2.22215 0.842651 0
      vertex 1.82803 1.13495 0
    endloop
  endfacet
  facet normal 0 0 -1
    outer loop
      vertex 3.08658 25.6194 0
      vertex 0 21 0
      vertex 2.64302 25.4096 0
    endloop
  endfacet
  facet normal 0 0 -1
    outer loop
      vertex 0 5 0
      vertex 1.82803 1.13495 0
      vertex 1.46447 1.46447 0
    endloop
  endfacet
  facet normal 0 0 -1
    outer loop
      vertex 2.64302 25.4096 0
      vertex 0 21 0
      vertex 2.22215 25.1573 0
    endloop
  endfacet
  facet normal 0 0 -1
    outer loop
      vertex 0 5 0
      vertex 1.46447 1.46447 0
      vertex 1.13495 1.82803 0
    endloop
  endfacet
  facet normal 0 0 -1
    outer loop
      vertex 2.22215 25.1573 0
      vertex 0 21 0
      vertex 1.82803 24.8651 0
    endloop
  endfacet
  facet normal 0 0 -1
    outer loop
      vertex 0 5 0
      vertex 1.13495 1.82803 0
      vertex 0.842651 2.22215 0
    endloop
  endfacet
  facet normal 0 0 -1
    outer loop
      vertex 1.82803 24.8651 0
      vertex 0 21 0
      vertex 1.46447 24.5355 0
    endloop
  endfacet
  facet normal 0 0 -1
    outer loop
      vertex 0 5 0
      vertex 0.842651 2.22215 0
      vertex 0.590393 2.64302 0
    endloop
  endfacet
  facet normal 0 0 -1
    outer loop
      vertex 1.46447 24.5355 0
      vertex 0 21 0
      vertex 1.13495 24.172 0
    endloop
  endfacet
  facet normal 0 0 -1
    outer loop
      vertex 0 5 0
      vertex 0.590393 2.64302 0
      vertex 0.380602 3.08658 0
    endloop
  endfacet
  facet normal 0 0 -1
    outer loop
      vertex 1.13495 24.172 0
      vertex 0 21 0
      vertex 0.842651 23.7779 0
    endloop
  endfacet
  facet normal 0 0 -1
    outer loop
      vertex 0 5 0
      vertex 0.380602 3.08658 0
      vertex 0.215298 3.54858 0
    endloop
  endfacet
  facet normal 0 0 -1
    outer loop
      vertex 0.842651 23.7779 0
      vertex 0 21 0
      vertex 0.590393 23.357 0
    endloop
  endfacet
  facet normal 0 0 -1
    outer loop
      vertex 0 5 0
      vertex 0.215298 3.54858 0
      vertex 0.0960732 4.02455 0
    endloop
  endfacet
  facet normal 0 0 -1
    outer loop
      vertex 0.590393 23.357 0
      vertex 0 21 0
      vertex 0.380602 22.9134 0
    endloop
  endfacet
  facet normal 0 0 -1
    outer loop
      vertex 0 5 0
      vertex 0.0960732 4.02455 0
      vertex 0.0240755 4.50991 0
    endloop
  endfacet
  facet normal 0 0 -1
    outer loop
      vertex 0.380602 22.9134 0
      vertex 0 21 0
      vertex 0.215298 22.4514 0
    endloop
  endfacet
  facet normal 0 0 -1
    outer loop
      vertex 0.215298 22.4514 0
      vertex 0 21 0
      vertex 0.0960732 21.9755 0
    endloop
  endfacet
  facet normal 0 0 -1
    outer loop
      vertex 0.0960732 21.9755 0
      vertex 0 21 0
      vertex 0.0240755 21.4901 0
    endloop
  endfacet
  facet normal -0.803193 0.595718 0
    outer loop
      vertex 0.842651 23.7779 0
      vertex 1.13495 24.172 10
      vertex 1.13495 24.172 0
    endloop
  endfacet
  facet normal -0.803193 0.595718 0
    outer loop
      vertex 1.13495 24.172 10
      vertex 0.842651 23.7779 0
      vertex 0.842651 23.7779 10
    endloop
  endfacet
  facet normal -0.740887 0.671629 0
    outer loop
      vertex 1.13495 24.172 0
      vertex 1.46447 24.5355 10
      vertex 1.46447 24.5355 0
    endloop
  endfacet
  facet normal -0.740887 0.671629 0
    outer loop
      vertex 1.46447 24.5355 10
      vertex 1.13495 24.172 0
      vertex 1.13495 24.172 10
    endloop
  endfacet
  facet normal 0.595816 -0.803121 0
    outer loop
      vertex 110.078 0.842651 0
      vertex 110.472 1.13495 10
      vertex 110.078 0.842651 10
    endloop
  endfacet
  facet normal 0.595816 -0.803121 0
    outer loop
      vertex 110.472 1.13495 10
      vertex 110.078 0.842651 0
      vertex 110.472 1.13495 0
    endloop
  endfacet
  facet normal 0.336886 -0.941546 0
    outer loop
      vertex 108.751 0.215298 0
      vertex 109.213 0.380602 10
      vertex 108.751 0.215298 10
    endloop
  endfacet
  facet normal 0.336886 -0.941546 0
    outer loop
      vertex 109.213 0.380602 10
      vertex 108.751 0.215298 0
      vertex 109.213 0.380602 0
    endloop
  endfacet
  facet normal -0.970031 -0.242981 0
    outer loop
      vertex 0.215298 3.54858 0
      vertex 0.0960732 4.02455 10
      vertex 0.0960732 4.02455 0
    endloop
  endfacet
  facet normal -0.970031 -0.242981 0
    outer loop
      vertex 0.0960732 4.02455 10
      vertex 0.215298 3.54858 0
      vertex 0.215298 3.54858 10
    endloop
  endfacet
  facet normal -0.904002 0.427528 0
    outer loop
      vertex 0.380602 22.9134 0
      vertex 0.590393 23.357 10
      vertex 0.590393 23.357 0
    endloop
  endfacet
  facet normal -0.904002 0.427528 0
    outer loop
      vertex 0.590393 23.357 10
      vertex 0.380602 22.9134 0
      vertex 0.380602 22.9134 10
    endloop
  endfacet
  facet normal -0.42756 -0.903987 0
    outer loop
      vertex 2.64302 0.590393 0
      vertex 3.08658 0.380602 10
      vertex 2.64302 0.590393 10
    endloop
  endfacet
  facet normal -0.42756 -0.903987 -0
    outer loop
      vertex 3.08658 0.380602 10
      vertex 2.64302 0.590393 0
      vertex 3.08658 0.380602 0
    endloop
  endfacet
  facet normal -0 0 1
    outer loop
      vertex 86.9855 12.7059 10
      vertex 92.5 9.5 10
      vertex 87 13 10
    endloop
  endfacet
  facet normal -0 0 1
    outer loop
      vertex 86.9424 12.4147 10
      vertex 92.5 9.5 10
      vertex 86.9855 12.7059 10
    endloop
  endfacet
  facet normal -0 0 1
    outer loop
      vertex 86.8708 12.1291 10
      vertex 92.5 9.5 10
      vertex 86.9424 12.4147 10
    endloop
  endfacet
  facet normal -0 0 1
    outer loop
      vertex 86.7716 11.8519 10
      vertex 92.5 9.5 10
      vertex 86.8708 12.1291 10
    endloop
  endfacet
  facet normal -0 0 1
    outer loop
      vertex 86.6458 11.5858 10
      vertex 92.5 9.5 10
      vertex 86.7716 11.8519 10
    endloop
  endfacet
  facet normal -0 0 1
    outer loop
      vertex 86.4944 11.3333 10
      vertex 92.5 9.5 10
      vertex 86.6458 11.5858 10
    endloop
  endfacet
  facet normal -0 0 1
    outer loop
      vertex 86.319 11.0968 10
      vertex 92.5 9.5 10
      vertex 86.4944 11.3333 10
    endloop
  endfacet
  facet normal -0 0 1
    outer loop
      vertex 86.1213 10.8787 10
      vertex 92.5 9.5 10
      vertex 86.319 11.0968 10
    endloop
  endfacet
  facet normal -0 0 1
    outer loop
      vertex 85.9032 10.681 10
      vertex 92.5 9.5 10
      vertex 86.1213 10.8787 10
    endloop
  endfacet
  facet normal -0 0 1
    outer loop
      vertex 85.6667 10.5056 10
      vertex 92.5 9.5 10
      vertex 85.9032 10.681 10
    endloop
  endfacet
  facet normal -0 0 1
    outer loop
      vertex 85.4142 10.3542 10
      vertex 92.5 9.5 10
      vertex 85.6667 10.5056 10
    endloop
  endfacet
  facet normal -0 0 1
    outer loop
      vertex 85.148 10.2284 10
      vertex 92.5 9.5 10
      vertex 85.4142 10.3542 10
    endloop
  endfacet
  facet normal -0 0 1
    outer loop
      vertex 84.8708 10.1292 10
      vertex 92.5 9.5 10
      vertex 85.148 10.2284 10
    endloop
  endfacet
  facet normal -0 0 1
    outer loop
      vertex 84.5853 10.0576 10
      vertex 92.5 9.5 10
      vertex 84.8708 10.1292 10
    endloop
  endfacet
  facet normal -0 0 1
    outer loop
      vertex 84.2941 10.0144 10
      vertex 92.5 9.5 10
      vertex 84.5853 10.0576 10
    endloop
  endfacet
  facet normal -0 0 1
    outer loop
      vertex 84 10 10
      vertex 92.5 9.5 10
      vertex 84.2941 10.0144 10
    endloop
  endfacet
  facet normal 0 0 1
    outer loop
      vertex 38.7716 9.85195 10
      vertex 84 10 10
      vertex 38.8246 10 10
    endloop
  endfacet
  facet normal 0 0 1
    outer loop
      vertex 38.6458 9.58581 10
      vertex 84 10 10
      vertex 38.7716 9.85195 10
    endloop
  endfacet
  facet normal 0 0 1
    outer loop
      vertex 38.5943 9.5 10
      vertex 84 10 10
      vertex 38.6458 9.58581 10
    endloop
  endfacet
  facet normal 0 0 1
    outer loop
      vertex 84 10 10
      vertex 38.5943 9.5 10
      vertex 92.5 9.5 10
    endloop
  endfacet
  facet normal 0 0 1
    outer loop
      vertex 107.3 26 10
      vertex 112.3 21 10
      vertex 112.276 21.4901 10
    endloop
  endfacet
  facet normal 0 0 1
    outer loop
      vertex 112.3 21 10
      vertex 104 13 10
      vertex 112.3 5 10
    endloop
  endfacet
  facet normal 0 0 1
    outer loop
      vertex 107.3 26 10
      vertex 112.276 21.4901 10
      vertex 112.204 21.9755 10
    endloop
  endfacet
  facet normal -0 0 1
    outer loop
      vertex 103.981 12.6079 10
      vertex 112.3 5 10
      vertex 104 13 10
    endloop
  endfacet
  facet normal 0 0 1
    outer loop
      vertex 107.3 26 10
      vertex 112.204 21.9755 10
      vertex 112.085 22.4514 10
    endloop
  endfacet
  facet normal -0 0 1
    outer loop
      vertex 103.923 12.2196 10
      vertex 112.3 5 10
      vertex 103.981 12.6079 10
    endloop
  endfacet
  facet normal 0 0 1
    outer loop
      vertex 107.3 26 10
      vertex 112.085 22.4514 10
      vertex 111.919 22.9134 10
    endloop
  endfacet
  facet normal -0 0 1
    outer loop
      vertex 103.828 11.8389 10
      vertex 112.3 5 10
      vertex 103.923 12.2196 10
    endloop
  endfacet
  facet normal 0 0 1
    outer loop
      vertex 107.3 26 10
      vertex 111.919 22.9134 10
      vertex 111.71 23.357 10
    endloop
  endfacet
  facet normal -0 0 1
    outer loop
      vertex 103.696 11.4693 10
      vertex 112.3 5 10
      vertex 103.828 11.8389 10
    endloop
  endfacet
  facet normal 0 0 1
    outer loop
      vertex 107.3 26 10
      vertex 111.71 23.357 10
      vertex 111.457 23.7779 10
    endloop
  endfacet
  facet normal -0 0 1
    outer loop
      vertex 103.528 11.1144 10
      vertex 112.3 5 10
      vertex 103.696 11.4693 10
    endloop
  endfacet
  facet normal 0 0 1
    outer loop
      vertex 107.3 26 10
      vertex 111.457 23.7779 10
      vertex 111.165 24.172 10
    endloop
  endfacet
  facet normal -0 0 1
    outer loop
      vertex 103.326 10.7777 10
      vertex 112.3 5 10
      vertex 103.528 11.1144 10
    endloop
  endfacet
  facet normal 0 0 1
    outer loop
      vertex 107.3 26 10
      vertex 111.165 24.172 10
      vertex 110.836 24.5355 10
    endloop
  endfacet
  facet normal -0 0 1
    outer loop
      vertex 103.092 10.4624 10
      vertex 112.3 5 10
      vertex 103.326 10.7777 10
    endloop
  endfacet
  facet normal 0 0 1
    outer loop
      vertex 107.3 26 10
      vertex 110.836 24.5355 10
      vertex 110.472 24.8651 10
    endloop
  endfacet
  facet normal -0 0 1
    outer loop
      vertex 102.828 10.1716 10
      vertex 112.3 5 10
      vertex 103.092 10.4624 10
    endloop
  endfacet
  facet normal 0 0 1
    outer loop
      vertex 107.3 26 10
      vertex 110.472 24.8651 10
      vertex 110.078 25.1573 10
    endloop
  endfacet
  facet normal 0 -0 1
    outer loop
      vertex 107.3 0 10
      vertex 112.3 5 10
      vertex 102.828 10.1716 10
    endloop
  endfacet
  facet normal 0 0 1
    outer loop
      vertex 107.3 26 10
      vertex 110.078 25.1573 10
      vertex 109.657 25.4096 10
    endloop
  endfacet
  facet normal 0 0 1
    outer loop
      vertex 112.3 5 10
      vertex 107.3 0 10
      vertex 112.276 4.50991 10
    endloop
  endfacet
  facet normal 0 0 1
    outer loop
      vertex 107.3 26 10
      vertex 109.657 25.4096 10
      vertex 109.213 25.6194 10
    endloop
  endfacet
  facet normal 0 0 1
    outer loop
      vertex 112.276 4.50991 10
      vertex 107.3 0 10
      vertex 112.204 4.02455 10
    endloop
  endfacet
  facet normal 0 0 1
    outer loop
      vertex 107.3 26 10
      vertex 109.213 25.6194 10
      vertex 108.751 25.7847 10
    endloop
  endfacet
  facet normal 0 0 1
    outer loop
      vertex 112.204 4.02455 10
      vertex 107.3 0 10
      vertex 112.085 3.54858 10
    endloop
  endfacet
  facet normal 0 0 1
    outer loop
      vertex 107.3 26 10
      vertex 108.751 25.7847 10
      vertex 108.275 25.9039 10
    endloop
  endfacet
  facet normal 0 0 1
    outer loop
      vertex 112.085 3.54858 10
      vertex 107.3 0 10
      vertex 111.919 3.08658 10
    endloop
  endfacet
  facet normal 0 0 1
    outer loop
      vertex 107.3 26 10
      vertex 108.275 25.9039 10
      vertex 107.79 25.9759 10
    endloop
  endfacet
  facet normal 0 0 1
    outer loop
      vertex 111.919 3.08658 10
      vertex 107.3 0 10
      vertex 111.71 2.64302 10
    endloop
  endfacet
  facet normal 0 0 1
    outer loop
      vertex 112.3 21 10
      vertex 107.3 26 10
      vertex 102.828 15.8284 10
    endloop
  endfacet
  facet normal 0 0 1
    outer loop
      vertex 111.71 2.64302 10
      vertex 107.3 0 10
      vertex 111.457 2.22215 10
    endloop
  endfacet
  facet normal 0 0 1
    outer loop
      vertex 111.457 2.22215 10
      vertex 107.3 0 10
      vertex 111.165 1.82803 10
    endloop
  endfacet
  facet normal 0 0 1
    outer loop
      vertex 112.3 21 10
      vertex 103.981 13.3921 10
      vertex 104 13 10
    endloop
  endfacet
  facet normal 0 0 1
    outer loop
      vertex 112.3 21 10
      vertex 103.923 13.7804 10
      vertex 103.981 13.3921 10
    endloop
  endfacet
  facet normal 0 0 1
    outer loop
      vertex 112.3 21 10
      vertex 103.828 14.1611 10
      vertex 103.923 13.7804 10
    endloop
  endfacet
  facet normal 0 0 1
    outer loop
      vertex 112.3 21 10
      vertex 103.696 14.5307 10
      vertex 103.828 14.1611 10
    endloop
  endfacet
  facet normal 0 0 1
    outer loop
      vertex 112.3 21 10
      vertex 103.528 14.8856 10
      vertex 103.696 14.5307 10
    endloop
  endfacet
  facet normal 0 0 1
    outer loop
      vertex 112.3 21 10
      vertex 103.326 15.2223 10
      vertex 103.528 14.8856 10
    endloop
  endfacet
  facet normal 0 0 1
    outer loop
      vertex 112.3 21 10
      vertex 103.092 15.5376 10
      vertex 103.326 15.2223 10
    endloop
  endfacet
  facet normal 0 0 1
    outer loop
      vertex 112.3 21 10
      vertex 102.828 15.8284 10
      vertex 103.092 15.5376 10
    endloop
  endfacet
  facet normal 0 0 1
    outer loop
      vertex 107.3 26 10
      vertex 102.538 16.092 10
      vertex 102.828 15.8284 10
    endloop
  endfacet
  facet normal 0 0 1
    outer loop
      vertex 107.3 26 10
      vertex 102.222 16.3259 10
      vertex 102.538 16.092 10
    endloop
  endfacet
  facet normal 0 0 1
    outer loop
      vertex 107.3 26 10
      vertex 101.886 16.5277 10
      vertex 102.222 16.3259 10
    endloop
  endfacet
  facet normal 0 0 1
    outer loop
      vertex 107.3 26 10
      vertex 101.531 16.6955 10
      vertex 101.886 16.5277 10
    endloop
  endfacet
  facet normal 0 0 1
    outer loop
      vertex 107.3 26 10
      vertex 101.161 16.8278 10
      vertex 101.531 16.6955 10
    endloop
  endfacet
  facet normal 0 0 1
    outer loop
      vertex 107.3 26 10
      vertex 100.78 16.9231 10
      vertex 101.161 16.8278 10
    endloop
  endfacet
  facet normal -0 0 1
    outer loop
      vertex 95.8493 21.516 10
      vertex 100.78 16.9231 10
      vertex 107.3 26 10
    endloop
  endfacet
  facet normal -0 -0 1
    outer loop
      vertex 95.9327 21.1828 10
      vertex 100.78 16.9231 10
      vertex 95.8493 21.516 10
    endloop
  endfacet
  facet normal -0 -0 1
    outer loop
      vertex 95.9831 20.8431 10
      vertex 100.392 16.9807 10
      vertex 95.9327 21.1828 10
    endloop
  endfacet
  facet normal 0 0 1
    outer loop
      vertex 100.392 16.9807 10
      vertex 95.9831 20.8431 10
      vertex 100 17 10
    endloop
  endfacet
  facet normal -0 -0 1
    outer loop
      vertex 96 20.5 10
      vertex 100 17 10
      vertex 95.9831 20.8431 10
    endloop
  endfacet
  facet normal 0 0 1
    outer loop
      vertex 100 17 10
      vertex 96 20.5 10
      vertex 99.6079 16.9807 10
    endloop
  endfacet
  facet normal 0 0 1
    outer loop
      vertex 99.6079 16.9807 10
      vertex 96 20 10
      vertex 99.2196 16.9231 10
    endloop
  endfacet
  facet normal -0 0 1
    outer loop
      vertex 95.9831 19.6569 10
      vertex 99.2196 16.9231 10
      vertex 96 20 10
    endloop
  endfacet
  facet normal -0 0 1
    outer loop
      vertex 95.9327 19.3172 10
      vertex 98.8389 16.8278 10
      vertex 95.9831 19.6569 10
    endloop
  endfacet
  facet normal 0 0 1
    outer loop
      vertex 98.8389 16.8278 10
      vertex 95.9327 19.3172 10
      vertex 98.4693 16.6955 10
    endloop
  endfacet
  facet normal -0 0 1
    outer loop
      vertex 95.2055 17.7796 10
      vertex 97.4624 16.092 10
      vertex 95.4101 18.0555 10
    endloop
  endfacet
  facet normal 0 0 1
    outer loop
      vertex 97.7777 16.3259 10
      vertex 95.4101 18.0555 10
      vertex 97.4624 16.092 10
    endloop
  endfacet
  facet normal -0 0 1
    outer loop
      vertex 95.4101 18.0555 10
      vertex 97.7777 16.3259 10
      vertex 95.5867 18.3501 10
    endloop
  endfacet
  facet normal -0 0 1
    outer loop
      vertex 95.5867 18.3501 10
      vertex 97.7777 16.3259 10
      vertex 95.7336 18.6606 10
    endloop
  endfacet
  facet normal 0 0 1
    outer loop
      vertex 98.1144 16.5277 10
      vertex 95.7336 18.6606 10
      vertex 97.7777 16.3259 10
    endloop
  endfacet
  facet normal -0 0 1
    outer loop
      vertex 95.7336 18.6606 10
      vertex 98.1144 16.5277 10
      vertex 95.8493 18.984 10
    endloop
  endfacet
  facet normal 0 0 1
    outer loop
      vertex 98.4693 16.6955 10
      vertex 95.8493 18.984 10
      vertex 98.1144 16.5277 10
    endloop
  endfacet
  facet normal -0 0 1
    outer loop
      vertex 95.8493 18.984 10
      vertex 98.4693 16.6955 10
      vertex 95.9327 19.3172 10
    endloop
  endfacet
  facet normal 0 0 1
    outer loop
      vertex 99.2196 16.9231 10
      vertex 95.9831 19.6569 10
      vertex 98.8389 16.8278 10
    endloop
  endfacet
  facet normal -0 0 1
    outer loop
      vertex 96 20 10
      vertex 99.6079 16.9807 10
      vertex 96 20.5 10
    endloop
  endfacet
  facet normal 0 0 1
    outer loop
      vertex 100.78 16.9231 10
      vertex 95.9327 21.1828 10
      vertex 100.392 16.9807 10
    endloop
  endfacet
  facet normal 0 0 1
    outer loop
      vertex 107.3 26 10
      vertex 95.7336 21.8394 10
      vertex 95.8493 21.516 10
    endloop
  endfacet
  facet normal 0 0 1
    outer loop
      vertex 107.3 26 10
      vertex 95.5867 22.1499 10
      vertex 95.7336 21.8394 10
    endloop
  endfacet
  facet normal 0 0 1
    outer loop
      vertex 107.3 26 10
      vertex 95.4101 22.4445 10
      vertex 95.5867 22.1499 10
    endloop
  endfacet
  facet normal 0 0 1
    outer loop
      vertex 107.3 26 10
      vertex 95.2055 22.7204 10
      vertex 95.4101 22.4445 10
    endloop
  endfacet
  facet normal 0 0 1
    outer loop
      vertex 107.3 26 10
      vertex 94.9749 22.9749 10
      vertex 95.2055 22.7204 10
    endloop
  endfacet
  facet normal 0 0 1
    outer loop
      vertex 107.3 26 10
      vertex 94.7204 23.2055 10
      vertex 94.9749 22.9749 10
    endloop
  endfacet
  facet normal 0 0 1
    outer loop
      vertex 107.3 26 10
      vertex 94.4445 23.4101 10
      vertex 94.7204 23.2055 10
    endloop
  endfacet
  facet normal 0 0 1
    outer loop
      vertex 107.3 26 10
      vertex 94.1499 23.5867 10
      vertex 94.4445 23.4101 10
    endloop
  endfacet
  facet normal 0 0 1
    outer loop
      vertex 107.3 26 10
      vertex 93.8394 23.7336 10
      vertex 94.1499 23.5867 10
    endloop
  endfacet
  facet normal 0 0 1
    outer loop
      vertex 107.3 26 10
      vertex 93.516 23.8493 10
      vertex 93.8394 23.7336 10
    endloop
  endfacet
  facet normal 0 0 1
    outer loop
      vertex 107.3 26 10
      vertex 93.1828 23.9327 10
      vertex 93.516 23.8493 10
    endloop
  endfacet
  facet normal 0 0 1
    outer loop
      vertex 107.3 26 10
      vertex 92.8431 23.9831 10
      vertex 93.1828 23.9327 10
    endloop
  endfacet
  facet normal 0 0 1
    outer loop
      vertex 107.3 26 10
      vertex 92.5 24 10
      vertex 92.8431 23.9831 10
    endloop
  endfacet
  facet normal 0 0 1
    outer loop
      vertex 107.3 26 10
      vertex 27.5 24 10
      vertex 92.5 24 10
    endloop
  endfacet
  facet normal 0 0 1
    outer loop
      vertex 26.484 23.8493 10
      vertex 26.1611 23.8278 10
      vertex 26.2925 23.7808 10
    endloop
  endfacet
  facet normal -0 0 1
    outer loop
      vertex 25.7804 23.9231 10
      vertex 26.484 23.8493 10
      vertex 26.8172 23.9327 10
    endloop
  endfacet
  facet normal 0 0 1
    outer loop
      vertex 26.484 23.8493 10
      vertex 25.7804 23.9231 10
      vertex 26.1611 23.8278 10
    endloop
  endfacet
  facet normal -0 0 1
    outer loop
      vertex 25.3921 23.9807 10
      vertex 26.8172 23.9327 10
      vertex 27.1569 23.9831 10
    endloop
  endfacet
  facet normal 0 0 1
    outer loop
      vertex 25.3921 23.9807 10
      vertex 27.1569 23.9831 10
      vertex 27.5 24 10
    endloop
  endfacet
  facet normal 0 0 1
    outer loop
      vertex 26.8172 23.9327 10
      vertex 25.3921 23.9807 10
      vertex 25.7804 23.9231 10
    endloop
  endfacet
  facet normal -0 0 1
    outer loop
      vertex 5 26 10
      vertex 27.5 24 10
      vertex 107.3 26 10
    endloop
  endfacet
  facet normal 0 -0 1
    outer loop
      vertex 25 24 10
      vertex 27.5 24 10
      vertex 5 26 10
    endloop
  endfacet
  facet normal 0 0 1
    outer loop
      vertex 27.5 24 10
      vertex 25 24 10
      vertex 25.3921 23.9807 10
    endloop
  endfacet
  facet normal 0 0 1
    outer loop
      vertex 25 24 10
      vertex 5 26 10
      vertex 9 24 10
    endloop
  endfacet
  facet normal 0 0 1
    outer loop
      vertex 5 26 10
      vertex 8.60793 23.9807 10
      vertex 9 24 10
    endloop
  endfacet
  facet normal 0 0 1
    outer loop
      vertex 5 26 10
      vertex 8.21964 23.9231 10
      vertex 8.60793 23.9807 10
    endloop
  endfacet
  facet normal 0 0 1
    outer loop
      vertex 5 26 10
      vertex 7.83886 23.8278 10
      vertex 8.21964 23.9231 10
    endloop
  endfacet
  facet normal 0 0 1
    outer loop
      vertex 5 26 10
      vertex 7.46927 23.6955 10
      vertex 7.83886 23.8278 10
    endloop
  endfacet
  facet normal 0 0 1
    outer loop
      vertex 5 26 10
      vertex 7.11441 23.5277 10
      vertex 7.46927 23.6955 10
    endloop
  endfacet
  facet normal 0 0 1
    outer loop
      vertex 5 26 10
      vertex 6.77772 23.3259 10
      vertex 7.11441 23.5277 10
    endloop
  endfacet
  facet normal 0 0 1
    outer loop
      vertex 5 26 10
      vertex 6.46243 23.092 10
      vertex 6.77772 23.3259 10
    endloop
  endfacet
  facet normal 0 0 1
    outer loop
      vertex 5 26 10
      vertex 6.17157 22.8284 10
      vertex 6.46243 23.092 10
    endloop
  endfacet
  facet normal -0 0 1
    outer loop
      vertex 4.50991 25.9759 10
      vertex 6.17157 22.8284 10
      vertex 5 26 10
    endloop
  endfacet
  facet normal 0 0 1
    outer loop
      vertex 6.17157 22.8284 10
      vertex 4.50991 25.9759 10
      vertex 5.90796 22.5376 10
    endloop
  endfacet
  facet normal -0 0 1
    outer loop
      vertex 4.02455 25.9039 10
      vertex 5.90796 22.5376 10
      vertex 4.50991 25.9759 10
    endloop
  endfacet
  facet normal -0 0 1
    outer loop
      vertex 3.54858 25.7847 10
      vertex 5.90796 22.5376 10
      vertex 4.02455 25.9039 10
    endloop
  endfacet
  facet normal 0 0 1
    outer loop
      vertex 5.90796 22.5376 10
      vertex 3.54858 25.7847 10
      vertex 5.67412 22.2223 10
    endloop
  endfacet
  facet normal -0 0 1
    outer loop
      vertex 3.08658 25.6194 10
      vertex 5.67412 22.2223 10
      vertex 3.54858 25.7847 10
    endloop
  endfacet
  facet normal -0 0 1
    outer loop
      vertex 2.64302 25.4096 10
      vertex 5.67412 22.2223 10
      vertex 3.08658 25.6194 10
    endloop
  endfacet
  facet normal -0 0 1
    outer loop
      vertex 2.22215 25.1573 10
      vertex 5.67412 22.2223 10
      vertex 2.64302 25.4096 10
    endloop
  endfacet
  facet normal 0 0 1
    outer loop
      vertex 5.67412 22.2223 10
      vertex 2.22215 25.1573 10
      vertex 5.47231 21.8856 10
    endloop
  endfacet
  facet normal 0 0 1
    outer loop
      vertex 5 20 10
      vertex 0 21 10
      vertex 5 6 10
    endloop
  endfacet
  facet normal -0 0 1
    outer loop
      vertex 1.82803 24.8651 10
      vertex 5.47231 21.8856 10
      vertex 2.22215 25.1573 10
    endloop
  endfacet
  facet normal 0 0 1
    outer loop
      vertex 0 5 10
      vertex 5 6 10
      vertex 0 21 10
    endloop
  endfacet
  facet normal -0 0 1
    outer loop
      vertex 1.46447 24.5355 10
      vertex 5.47231 21.8856 10
      vertex 1.82803 24.8651 10
    endloop
  endfacet
  facet normal 0 -0 1
    outer loop
      vertex 0.0240755 4.50991 10
      vertex 5 6 10
      vertex 0 5 10
    endloop
  endfacet
  facet normal 0 0 1
    outer loop
      vertex 5.47231 21.8856 10
      vertex 1.46447 24.5355 10
      vertex 5.30448 21.5307 10
    endloop
  endfacet
  facet normal 0 0 1
    outer loop
      vertex 5 6 10
      vertex 4.50991 0.0240755 10
      vertex 5 0 10
    endloop
  endfacet
  facet normal -0 0 1
    outer loop
      vertex 1.13495 24.172 10
      vertex 5.30448 21.5307 10
      vertex 1.46447 24.5355 10
    endloop
  endfacet
  facet normal 0 0 1
    outer loop
      vertex 5 6 10
      vertex 4.02455 0.0960732 10
      vertex 4.50991 0.0240755 10
    endloop
  endfacet
  facet normal -0 0 1
    outer loop
      vertex 0.842651 23.7779 10
      vertex 5.30448 21.5307 10
      vertex 1.13495 24.172 10
    endloop
  endfacet
  facet normal 0 0 1
    outer loop
      vertex 5 6 10
      vertex 3.54858 0.215298 10
      vertex 4.02455 0.0960732 10
    endloop
  endfacet
  facet normal -0 0 1
    outer loop
      vertex 0.590393 23.357 10
      vertex 5.30448 21.5307 10
      vertex 0.842651 23.7779 10
    endloop
  endfacet
  facet normal 0 0 1
    outer loop
      vertex 5 6 10
      vertex 3.08658 0.380602 10
      vertex 3.54858 0.215298 10
    endloop
  endfacet
  facet normal 0 0 1
    outer loop
      vertex 5.30448 21.5307 10
      vertex 0.590393 23.357 10
      vertex 5.17224 21.1611 10
    endloop
  endfacet
  facet normal 0 0 1
    outer loop
      vertex 5 6 10
      vertex 2.64302 0.590393 10
      vertex 3.08658 0.380602 10
    endloop
  endfacet
  facet normal -0 0 1
    outer loop
      vertex 0.380602 22.9134 10
      vertex 5.17224 21.1611 10
      vertex 0.590393 23.357 10
    endloop
  endfacet
  facet normal 0 0 1
    outer loop
      vertex 5 6 10
      vertex 2.22215 0.842651 10
      vertex 2.64302 0.590393 10
    endloop
  endfacet
  facet normal -0 0 1
    outer loop
      vertex 0.215298 22.4514 10
      vertex 5.17224 21.1611 10
      vertex 0.380602 22.9134 10
    endloop
  endfacet
  facet normal 0 0 1
    outer loop
      vertex 5 6 10
      vertex 1.82803 1.13495 10
      vertex 2.22215 0.842651 10
    endloop
  endfacet
  facet normal 0 0 1
    outer loop
      vertex 5.17224 21.1611 10
      vertex 0.215298 22.4514 10
      vertex 5.07686 20.7804 10
    endloop
  endfacet
  facet normal 0 0 1
    outer loop
      vertex 5 6 10
      vertex 1.46447 1.46447 10
      vertex 1.82803 1.13495 10
    endloop
  endfacet
  facet normal -0 0 1
    outer loop
      vertex 0.0960732 21.9755 10
      vertex 5.07686 20.7804 10
      vertex 0.215298 22.4514 10
    endloop
  endfacet
  facet normal 0 0 1
    outer loop
      vertex 5 6 10
      vertex 1.13495 1.82803 10
      vertex 1.46447 1.46447 10
    endloop
  endfacet
  facet normal -0 0 1
    outer loop
      vertex 0.0240755 21.4901 10
      vertex 5.07686 20.7804 10
      vertex 0.0960732 21.9755 10
    endloop
  endfacet
  facet normal 0 0 1
    outer loop
      vertex 5 6 10
      vertex 0.842651 2.22215 10
      vertex 1.13495 1.82803 10
    endloop
  endfacet
  facet normal -0 0 1
    outer loop
      vertex 0 21 10
      vertex 5.07686 20.7804 10
      vertex 0.0240755 21.4901 10
    endloop
  endfacet
  facet normal 0 0 1
    outer loop
      vertex 5 6 10
      vertex 0.590393 2.64302 10
      vertex 0.842651 2.22215 10
    endloop
  endfacet
  facet normal 0 0 1
    outer loop
      vertex 5.07686 20.7804 10
      vertex 0 21 10
      vertex 5.01926 20.3921 10
    endloop
  endfacet
  facet normal 0 0 1
    outer loop
      vertex 5 6 10
      vertex 0.380602 3.08658 10
      vertex 0.590393 2.64302 10
    endloop
  endfacet
  facet normal 0 0 1
    outer loop
      vertex 5.01926 20.3921 10
      vertex 0 21 10
      vertex 5 20 10
    endloop
  endfacet
  facet normal 0 0 1
    outer loop
      vertex 5 6 10
      vertex 0.215298 3.54858 10
      vertex 0.380602 3.08658 10
    endloop
  endfacet
  facet normal 0 0 1
    outer loop
      vertex 5 6 10
      vertex 0.0960732 4.02455 10
      vertex 0.215298 3.54858 10
    endloop
  endfacet
  facet normal 0 0 1
    outer loop
      vertex 5 6 10
      vertex 0.0240755 4.50991 10
      vertex 0.0960732 4.02455 10
    endloop
  endfacet
  facet normal 0 0 1
    outer loop
      vertex 111.165 1.82803 10
      vertex 107.3 0 10
      vertex 110.836 1.46447 10
    endloop
  endfacet
  facet normal 0 0 1
    outer loop
      vertex 110.836 1.46447 10
      vertex 107.3 0 10
      vertex 110.472 1.13495 10
    endloop
  endfacet
  facet normal 0 0 1
    outer loop
      vertex 110.472 1.13495 10
      vertex 107.3 0 10
      vertex 110.078 0.842651 10
    endloop
  endfacet
  facet normal 0 0 1
    outer loop
      vertex 110.078 0.842651 10
      vertex 107.3 0 10
      vertex 109.657 0.590393 10
    endloop
  endfacet
  facet normal 0 0 1
    outer loop
      vertex 109.657 0.590393 10
      vertex 107.3 0 10
      vertex 109.213 0.380602 10
    endloop
  endfacet
  facet normal 0 0 1
    outer loop
      vertex 109.213 0.380602 10
      vertex 107.3 0 10
      vertex 108.751 0.215298 10
    endloop
  endfacet
  facet normal 0 0 1
    outer loop
      vertex 108.751 0.215298 10
      vertex 107.3 0 10
      vertex 108.275 0.0960732 10
    endloop
  endfacet
  facet normal 0 0 1
    outer loop
      vertex 108.275 0.0960732 10
      vertex 107.3 0 10
      vertex 107.79 0.0240755 10
    endloop
  endfacet
  facet normal -0 0 1
    outer loop
      vertex 102.538 9.90796 10
      vertex 107.3 0 10
      vertex 102.828 10.1716 10
    endloop
  endfacet
  facet normal -0 0 1
    outer loop
      vertex 102.222 9.67412 10
      vertex 107.3 0 10
      vertex 102.538 9.90796 10
    endloop
  endfacet
  facet normal -0 0 1
    outer loop
      vertex 101.886 9.47231 10
      vertex 107.3 0 10
      vertex 102.222 9.67412 10
    endloop
  endfacet
  facet normal -0 0 1
    outer loop
      vertex 101.531 9.30448 10
      vertex 107.3 0 10
      vertex 101.886 9.47231 10
    endloop
  endfacet
  facet normal -0 0 1
    outer loop
      vertex 101.161 9.17224 10
      vertex 107.3 0 10
      vertex 101.531 9.30448 10
    endloop
  endfacet
  facet normal -0 0 1
    outer loop
      vertex 100.78 9.07686 10
      vertex 107.3 0 10
      vertex 101.161 9.17224 10
    endloop
  endfacet
  facet normal 0 0 1
    outer loop
      vertex 95.9327 4.81718 10
      vertex 100.78 9.07686 10
      vertex 100.392 9.01926 10
    endloop
  endfacet
  facet normal 0 0 1
    outer loop
      vertex 95.9831 5.15694 10
      vertex 100.392 9.01926 10
      vertex 100 9 10
    endloop
  endfacet
  facet normal 0 0 1
    outer loop
      vertex 96 5.5 10
      vertex 100 9 10
      vertex 99.6079 9.01926 10
    endloop
  endfacet
  facet normal 0 0 1
    outer loop
      vertex 96 6 10
      vertex 99.6079 9.01926 10
      vertex 99.2196 9.07686 10
    endloop
  endfacet
  facet normal 0 0 1
    outer loop
      vertex 95.9831 6.34306 10
      vertex 99.2196 9.07686 10
      vertex 98.8389 9.17224 10
    endloop
  endfacet
  facet normal 0 0 1
    outer loop
      vertex 95.9831 6.34306 10
      vertex 98.8389 9.17224 10
      vertex 98.4693 9.30448 10
    endloop
  endfacet
  facet normal 0 0 1
    outer loop
      vertex 95.9831 6.34306 10
      vertex 98.4693 9.30448 10
      vertex 98.1144 9.47231 10
    endloop
  endfacet
  facet normal 0 0 1
    outer loop
      vertex 95.9831 6.34306 10
      vertex 98.1144 9.47231 10
      vertex 97.7777 9.67412 10
    endloop
  endfacet
  facet normal 0 0 1
    outer loop
      vertex 95.9831 6.34306 10
      vertex 97.7777 9.67412 10
      vertex 97.4624 9.90796 10
    endloop
  endfacet
  facet normal 0 0 1
    outer loop
      vertex 95.9831 6.34306 10
      vertex 97.4624 9.90796 10
      vertex 97.1716 10.1716 10
    endloop
  endfacet
  facet normal 0 0 1
    outer loop
      vertex 92.8431 9.48315 10
      vertex 96.0193 12.6079 10
      vertex 96 13 10
    endloop
  endfacet
  facet normal 0 0 1
    outer loop
      vertex 95.9831 6.34306 10
      vertex 96.0769 12.2196 10
      vertex 96.0193 12.6079 10
    endloop
  endfacet
  facet normal 0 0 1
    outer loop
      vertex 95.9831 6.34306 10
      vertex 96.1722 11.8389 10
      vertex 96.0769 12.2196 10
    endloop
  endfacet
  facet normal 0 0 1
    outer loop
      vertex 95.9831 6.34306 10
      vertex 96.3045 11.4693 10
      vertex 96.1722 11.8389 10
    endloop
  endfacet
  facet normal 0 0 1
    outer loop
      vertex 95.9831 6.34306 10
      vertex 96.4723 11.1144 10
      vertex 96.3045 11.4693 10
    endloop
  endfacet
  facet normal 0 0 1
    outer loop
      vertex 95.9831 6.34306 10
      vertex 96.6741 10.7777 10
      vertex 96.4723 11.1144 10
    endloop
  endfacet
  facet normal 0 0 1
    outer loop
      vertex 95.9831 6.34306 10
      vertex 96.908 10.4624 10
      vertex 96.6741 10.7777 10
    endloop
  endfacet
  facet normal 0 0 1
    outer loop
      vertex 95.9831 6.34306 10
      vertex 97.1716 10.1716 10
      vertex 96.908 10.4624 10
    endloop
  endfacet
  facet normal 0 0 1
    outer loop
      vertex 99.6079 9.01926 10
      vertex 96 6 10
      vertex 96 5.5 10
    endloop
  endfacet
  facet normal 0 0 1
    outer loop
      vertex 100 9 10
      vertex 96 5.5 10
      vertex 95.9831 5.15694 10
    endloop
  endfacet
  facet normal 0 0 1
    outer loop
      vertex 100.392 9.01926 10
      vertex 95.9831 5.15694 10
      vertex 95.9327 4.81718 10
    endloop
  endfacet
  facet normal 0 0 1
    outer loop
      vertex 100.78 9.07686 10
      vertex 95.9327 4.81718 10
      vertex 95.8493 4.484 10
    endloop
  endfacet
  facet normal 0 0 1
    outer loop
      vertex 100.78 9.07686 10
      vertex 95.8493 4.484 10
      vertex 107.3 0 10
    endloop
  endfacet
  facet normal -0 0 1
    outer loop
      vertex 95.7336 4.16061 10
      vertex 107.3 0 10
      vertex 95.8493 4.484 10
    endloop
  endfacet
  facet normal -0 0 1
    outer loop
      vertex 95.5867 3.85011 10
      vertex 107.3 0 10
      vertex 95.7336 4.16061 10
    endloop
  endfacet
  facet normal -0 0 1
    outer loop
      vertex 95.4101 3.5555 10
      vertex 107.3 0 10
      vertex 95.5867 3.85011 10
    endloop
  endfacet
  facet normal -0 0 1
    outer loop
      vertex 95.2055 3.27962 10
      vertex 107.3 0 10
      vertex 95.4101 3.5555 10
    endloop
  endfacet
  facet normal -0 0 1
    outer loop
      vertex 94.9749 3.02513 10
      vertex 107.3 0 10
      vertex 95.2055 3.27962 10
    endloop
  endfacet
  facet normal -0 0 1
    outer loop
      vertex 94.7204 2.79446 10
      vertex 107.3 0 10
      vertex 94.9749 3.02513 10
    endloop
  endfacet
  facet normal -0 0 1
    outer loop
      vertex 94.4445 2.58986 10
      vertex 107.3 0 10
      vertex 94.7204 2.79446 10
    endloop
  endfacet
  facet normal -0 0 1
    outer loop
      vertex 94.1499 2.41327 10
      vertex 107.3 0 10
      vertex 94.4445 2.58986 10
    endloop
  endfacet
  facet normal -0 0 1
    outer loop
      vertex 93.8394 2.26642 10
      vertex 107.3 0 10
      vertex 94.1499 2.41327 10
    endloop
  endfacet
  facet normal -0 0 1
    outer loop
      vertex 93.516 2.15071 10
      vertex 107.3 0 10
      vertex 93.8394 2.26642 10
    endloop
  endfacet
  facet normal -0 0 1
    outer loop
      vertex 93.1828 2.06725 10
      vertex 107.3 0 10
      vertex 93.516 2.15071 10
    endloop
  endfacet
  facet normal -0 0 1
    outer loop
      vertex 92.8431 2.01685 10
      vertex 107.3 0 10
      vertex 93.1828 2.06725 10
    endloop
  endfacet
  facet normal -0 0 1
    outer loop
      vertex 92.5 2 10
      vertex 107.3 0 10
      vertex 92.8431 2.01685 10
    endloop
  endfacet
  facet normal -0 0 1
    outer loop
      vertex 27.5 2 10
      vertex 107.3 0 10
      vertex 92.5 2 10
    endloop
  endfacet
  facet normal -0 0 1
    outer loop
      vertex 26.1611 2.17224 10
      vertex 26.484 2.15071 10
      vertex 26.2925 2.21923 10
    endloop
  endfacet
  facet normal 0 0 1
    outer loop
      vertex 25.7804 2.07686 10
      vertex 26.484 2.15071 10
      vertex 26.1611 2.17224 10
    endloop
  endfacet
  facet normal 0 0 1
    outer loop
      vertex 26.484 2.15071 10
      vertex 25.7804 2.07686 10
      vertex 26.8172 2.06725 10
    endloop
  endfacet
  facet normal 0 0 1
    outer loop
      vertex 25.3921 2.01926 10
      vertex 26.8172 2.06725 10
      vertex 25.7804 2.07686 10
    endloop
  endfacet
  facet normal 0 0 1
    outer loop
      vertex 26.8172 2.06725 10
      vertex 25.3921 2.01926 10
      vertex 27.1569 2.01685 10
    endloop
  endfacet
  facet normal 0 0 1
    outer loop
      vertex 27.1569 2.01685 10
      vertex 25.3921 2.01926 10
      vertex 27.5 2 10
    endloop
  endfacet
  facet normal 0 0 1
    outer loop
      vertex 25 2 10
      vertex 27.5 2 10
      vertex 25.3921 2.01926 10
    endloop
  endfacet
  facet normal 0 0 1
    outer loop
      vertex 27.5 2 10
      vertex 25 2 10
      vertex 5 0 10
    endloop
  endfacet
  facet normal 0 0 1
    outer loop
      vertex 5 0 10
      vertex 25 2 10
      vertex 9 2 10
    endloop
  endfacet
  facet normal 0 0 1
    outer loop
      vertex 27.5 2 10
      vertex 5 0 10
      vertex 107.3 0 10
    endloop
  endfacet
  facet normal 0 0 1
    outer loop
      vertex 8.60793 2.01926 10
      vertex 5 0 10
      vertex 9 2 10
    endloop
  endfacet
  facet normal 0 0 1
    outer loop
      vertex 8.21964 2.07686 10
      vertex 5 0 10
      vertex 8.60793 2.01926 10
    endloop
  endfacet
  facet normal 0 0 1
    outer loop
      vertex 7.83886 2.17224 10
      vertex 5 0 10
      vertex 8.21964 2.07686 10
    endloop
  endfacet
  facet normal 0 0 1
    outer loop
      vertex 7.46927 2.30448 10
      vertex 5 0 10
      vertex 7.83886 2.17224 10
    endloop
  endfacet
  facet normal 0 0 1
    outer loop
      vertex 7.11441 2.47231 10
      vertex 5 0 10
      vertex 7.46927 2.30448 10
    endloop
  endfacet
  facet normal 0 0 1
    outer loop
      vertex 6.77772 2.67412 10
      vertex 5 0 10
      vertex 7.11441 2.47231 10
    endloop
  endfacet
  facet normal 0 0 1
    outer loop
      vertex 6.46243 2.90796 10
      vertex 5 0 10
      vertex 6.77772 2.67412 10
    endloop
  endfacet
  facet normal 0 0 1
    outer loop
      vertex 6.17157 3.17157 10
      vertex 5 0 10
      vertex 6.46243 2.90796 10
    endloop
  endfacet
  facet normal 0 0 1
    outer loop
      vertex 5.90796 3.46243 10
      vertex 5 0 10
      vertex 6.17157 3.17157 10
    endloop
  endfacet
  facet normal 0 0 1
    outer loop
      vertex 5.67412 3.77772 10
      vertex 5 0 10
      vertex 5.90796 3.46243 10
    endloop
  endfacet
  facet normal 0 0 1
    outer loop
      vertex 5.47231 4.11441 10
      vertex 5 0 10
      vertex 5.67412 3.77772 10
    endloop
  endfacet
  facet normal 0 0 1
    outer loop
      vertex 5.30448 4.46927 10
      vertex 5 0 10
      vertex 5.47231 4.11441 10
    endloop
  endfacet
  facet normal 0 0 1
    outer loop
      vertex 5.17224 4.83886 10
      vertex 5 0 10
      vertex 5.30448 4.46927 10
    endloop
  endfacet
  facet normal 0 0 1
    outer loop
      vertex 5.07686 5.21964 10
      vertex 5 0 10
      vertex 5.17224 4.83886 10
    endloop
  endfacet
  facet normal 0 0 1
    outer loop
      vertex 5.01926 5.60793 10
      vertex 5 0 10
      vertex 5.07686 5.21964 10
    endloop
  endfacet
  facet normal 0 0 1
    outer loop
      vertex 5 0 10
      vertex 5.01926 5.60793 10
      vertex 5 6 10
    endloop
  endfacet
  facet normal 0 0 1
    outer loop
      vertex 97.4624 16.092 10
      vertex 95.2055 17.7796 10
      vertex 97.1716 15.8284 10
    endloop
  endfacet
  facet normal -0 0 1
    outer loop
      vertex 94.9749 17.5251 10
      vertex 97.1716 15.8284 10
      vertex 95.2055 17.7796 10
    endloop
  endfacet
  facet normal 0 0 1
    outer loop
      vertex 97.1716 15.8284 10
      vertex 94.9749 17.5251 10
      vertex 96.908 15.5376 10
    endloop
  endfacet
  facet normal -0 0 1
    outer loop
      vertex 94.7204 17.2945 10
      vertex 96.908 15.5376 10
      vertex 94.9749 17.5251 10
    endloop
  endfacet
  facet normal 0 0 1
    outer loop
      vertex 99.2196 9.07686 10
      vertex 95.9831 6.34306 10
      vertex 96 6 10
    endloop
  endfacet
  facet normal 0 0 1
    outer loop
      vertex 96.908 15.5376 10
      vertex 94.7204 17.2945 10
      vertex 96.6741 15.2223 10
    endloop
  endfacet
  facet normal 0 0 1
    outer loop
      vertex 96.0193 12.6079 10
      vertex 95.9327 6.68282 10
      vertex 95.9831 6.34306 10
    endloop
  endfacet
  facet normal -0 0 1
    outer loop
      vertex 94.4445 17.0899 10
      vertex 96.6741 15.2223 10
      vertex 94.7204 17.2945 10
    endloop
  endfacet
  facet normal 0 0 1
    outer loop
      vertex 96.0193 12.6079 10
      vertex 95.8493 7.016 10
      vertex 95.9327 6.68282 10
    endloop
  endfacet
  facet normal 0 0 1
    outer loop
      vertex 96.6741 15.2223 10
      vertex 94.4445 17.0899 10
      vertex 96.4723 14.8856 10
    endloop
  endfacet
  facet normal 0 0 1
    outer loop
      vertex 96.0193 12.6079 10
      vertex 95.7336 7.33939 10
      vertex 95.8493 7.016 10
    endloop
  endfacet
  facet normal -0 0 1
    outer loop
      vertex 94.1499 16.9133 10
      vertex 96.4723 14.8856 10
      vertex 94.4445 17.0899 10
    endloop
  endfacet
  facet normal 0 0 1
    outer loop
      vertex 96.0193 12.6079 10
      vertex 95.5867 7.64989 10
      vertex 95.7336 7.33939 10
    endloop
  endfacet
  facet normal 0 0 1
    outer loop
      vertex 96.4723 14.8856 10
      vertex 94.1499 16.9133 10
      vertex 96.3045 14.5307 10
    endloop
  endfacet
  facet normal 0 0 1
    outer loop
      vertex 96.0193 12.6079 10
      vertex 95.4101 7.9445 10
      vertex 95.5867 7.64989 10
    endloop
  endfacet
  facet normal -0 0 1
    outer loop
      vertex 93.8394 16.7664 10
      vertex 96.3045 14.5307 10
      vertex 94.1499 16.9133 10
    endloop
  endfacet
  facet normal 0 0 1
    outer loop
      vertex 96.0193 12.6079 10
      vertex 95.2055 8.22038 10
      vertex 95.4101 7.9445 10
    endloop
  endfacet
  facet normal 0 0 1
    outer loop
      vertex 96.3045 14.5307 10
      vertex 93.8394 16.7664 10
      vertex 96.1722 14.1611 10
    endloop
  endfacet
  facet normal 0 0 1
    outer loop
      vertex 96.0193 12.6079 10
      vertex 94.9749 8.47487 10
      vertex 95.2055 8.22038 10
    endloop
  endfacet
  facet normal -0 0 1
    outer loop
      vertex 93.516 16.6507 10
      vertex 96.1722 14.1611 10
      vertex 93.8394 16.7664 10
    endloop
  endfacet
  facet normal 0 0 1
    outer loop
      vertex 96.0193 12.6079 10
      vertex 94.7204 8.70554 10
      vertex 94.9749 8.47487 10
    endloop
  endfacet
  facet normal 0 0 1
    outer loop
      vertex 96.1722 14.1611 10
      vertex 93.516 16.6507 10
      vertex 96.0769 13.7804 10
    endloop
  endfacet
  facet normal 0 0 1
    outer loop
      vertex 96.0193 12.6079 10
      vertex 94.4445 8.91014 10
      vertex 94.7204 8.70554 10
    endloop
  endfacet
  facet normal -0 0 1
    outer loop
      vertex 93.1828 16.5673 10
      vertex 96.0769 13.7804 10
      vertex 93.516 16.6507 10
    endloop
  endfacet
  facet normal 0 0 1
    outer loop
      vertex 96.0193 12.6079 10
      vertex 94.1499 9.08672 10
      vertex 94.4445 8.91014 10
    endloop
  endfacet
  facet normal 0 0 1
    outer loop
      vertex 96.0769 13.7804 10
      vertex 93.1828 16.5673 10
      vertex 96.0193 13.3921 10
    endloop
  endfacet
  facet normal 0 0 1
    outer loop
      vertex 96.0193 12.6079 10
      vertex 93.8394 9.23358 10
      vertex 94.1499 9.08672 10
    endloop
  endfacet
  facet normal -0 0 1
    outer loop
      vertex 92.8431 16.5169 10
      vertex 96.0193 13.3921 10
      vertex 93.1828 16.5673 10
    endloop
  endfacet
  facet normal 0 0 1
    outer loop
      vertex 96.0193 12.6079 10
      vertex 93.516 9.34929 10
      vertex 93.8394 9.23358 10
    endloop
  endfacet
  facet normal 0 0 1
    outer loop
      vertex 96.0193 13.3921 10
      vertex 92.8431 16.5169 10
      vertex 96 13 10
    endloop
  endfacet
  facet normal 0 0 1
    outer loop
      vertex 96.0193 12.6079 10
      vertex 93.1828 9.43275 10
      vertex 93.516 9.34929 10
    endloop
  endfacet
  facet normal -0 0 1
    outer loop
      vertex 92.5 16.5 10
      vertex 96 13 10
      vertex 92.8431 16.5169 10
    endloop
  endfacet
  facet normal 0 0 1
    outer loop
      vertex 96.0193 12.6079 10
      vertex 92.8431 9.48315 10
      vertex 93.1828 9.43275 10
    endloop
  endfacet
  facet normal 0 0 1
    outer loop
      vertex 92.5 9.5 10
      vertex 96 13 10
      vertex 92.5 16.5 10
    endloop
  endfacet
  facet normal 0 0 1
    outer loop
      vertex 96 13 10
      vertex 92.5 9.5 10
      vertex 92.8431 9.48315 10
    endloop
  endfacet
  facet normal 0 0 1
    outer loop
      vertex 92.5 16.5 10
      vertex 87 13 10
      vertex 92.5 9.5 10
    endloop
  endfacet
  facet normal 0 0 1
    outer loop
      vertex 92.5 16.5 10
      vertex 86.9855 13.2941 10
      vertex 87 13 10
    endloop
  endfacet
  facet normal 0 0 1
    outer loop
      vertex 92.5 16.5 10
      vertex 86.9424 13.5853 10
      vertex 86.9855 13.2941 10
    endloop
  endfacet
  facet normal 0 0 1
    outer loop
      vertex 92.5 16.5 10
      vertex 86.8708 13.8709 10
      vertex 86.9424 13.5853 10
    endloop
  endfacet
  facet normal 0 0 1
    outer loop
      vertex 92.5 16.5 10
      vertex 86.7716 14.148 10
      vertex 86.8708 13.8709 10
    endloop
  endfacet
  facet normal 0 0 1
    outer loop
      vertex 92.5 16.5 10
      vertex 86.6458 14.4142 10
      vertex 86.7716 14.148 10
    endloop
  endfacet
  facet normal 0 0 1
    outer loop
      vertex 92.5 16.5 10
      vertex 86.4944 14.6667 10
      vertex 86.6458 14.4142 10
    endloop
  endfacet
  facet normal 0 0 1
    outer loop
      vertex 92.5 16.5 10
      vertex 86.319 14.9032 10
      vertex 86.4944 14.6667 10
    endloop
  endfacet
  facet normal 0 0 1
    outer loop
      vertex 92.5 16.5 10
      vertex 86.1213 15.1213 10
      vertex 86.319 14.9032 10
    endloop
  endfacet
  facet normal 0 0 1
    outer loop
      vertex 92.5 16.5 10
      vertex 85.9032 15.319 10
      vertex 86.1213 15.1213 10
    endloop
  endfacet
  facet normal 0 0 1
    outer loop
      vertex 92.5 16.5 10
      vertex 85.6667 15.4944 10
      vertex 85.9032 15.319 10
    endloop
  endfacet
  facet normal 0 0 1
    outer loop
      vertex 92.5 16.5 10
      vertex 85.4142 15.6458 10
      vertex 85.6667 15.4944 10
    endloop
  endfacet
  facet normal 0 0 1
    outer loop
      vertex 92.5 16.5 10
      vertex 85.148 15.7716 10
      vertex 85.4142 15.6458 10
    endloop
  endfacet
  facet normal 0 0 1
    outer loop
      vertex 92.5 16.5 10
      vertex 84.8708 15.8708 10
      vertex 85.148 15.7716 10
    endloop
  endfacet
  facet normal 0 0 1
    outer loop
      vertex 92.5 16.5 10
      vertex 84.5853 15.9424 10
      vertex 84.8708 15.8708 10
    endloop
  endfacet
  facet normal 0 0 1
    outer loop
      vertex 92.5 16.5 10
      vertex 84.2941 15.9856 10
      vertex 84.5853 15.9424 10
    endloop
  endfacet
  facet normal 0 0 1
    outer loop
      vertex 92.5 16.5 10
      vertex 84 16 10
      vertex 84.2941 15.9856 10
    endloop
  endfacet
  facet normal -0 0 1
    outer loop
      vertex 38.5943 16.5 10
      vertex 84 16 10
      vertex 92.5 16.5 10
    endloop
  endfacet
  facet normal 0 0 1
    outer loop
      vertex 84 16 10
      vertex 38.7716 16.148 10
      vertex 38.8246 16 10
    endloop
  endfacet
  facet normal 0 0 1
    outer loop
      vertex 84 16 10
      vertex 38.6458 16.4142 10
      vertex 38.7716 16.148 10
    endloop
  endfacet
  facet normal 0 0 1
    outer loop
      vertex 84 16 10
      vertex 38.5943 16.5 10
      vertex 38.6458 16.4142 10
    endloop
  endfacet
  facet normal -0.595569 0.803304 0
    outer loop
      vertex 2.22215 25.1573 0
      vertex 1.82803 24.8651 10
      vertex 2.22215 25.1573 10
    endloop
  endfacet
  facet normal -0.595569 0.803304 0
    outer loop
      vertex 1.82803 24.8651 10
      vertex 2.22215 25.1573 0
      vertex 1.82803 24.8651 0
    endloop
  endfacet
  facet normal -0.0490655 -0.998796 0
    outer loop
      vertex 4.50991 0.0240755 0
      vertex 5 0 10
      vertex 4.50991 0.0240755 10
    endloop
  endfacet
  facet normal -0.0490655 -0.998796 -0
    outer loop
      vertex 5 0 10
      vertex 4.50991 0.0240755 0
      vertex 5 0 0
    endloop
  endfacet
  facet normal 0.74147 -0.670986 0
    outer loop
      vertex 110.836 1.46447 10
      vertex 111.165 1.82803 0
      vertex 111.165 1.82803 10
    endloop
  endfacet
  facet normal 0.74147 -0.670986 0
    outer loop
      vertex 111.165 1.82803 0
      vertex 110.836 1.46447 10
      vertex 110.836 1.46447 0
    endloop
  endfacet
  facet normal 0.242919 0.970047 -0
    outer loop
      vertex 108.751 25.7847 0
      vertex 108.275 25.9039 10
      vertex 108.751 25.7847 10
    endloop
  endfacet
  facet normal 0.242919 0.970047 0
    outer loop
      vertex 108.275 25.9039 10
      vertex 108.751 25.7847 0
      vertex 108.275 25.9039 0
    endloop
  endfacet
  facet normal 0.941095 -0.338142 0
    outer loop
      vertex 111.919 3.08658 10
      vertex 112.085 3.54858 0
      vertex 112.085 3.54858 10
    endloop
  endfacet
  facet normal 0.941095 -0.338142 0
    outer loop
      vertex 112.085 3.54858 0
      vertex 111.919 3.08658 10
      vertex 111.919 3.08658 0
    endloop
  endfacet
  facet normal -0.242981 -0.970031 0
    outer loop
      vertex 3.54858 0.215298 0
      vertex 4.02455 0.0960732 10
      vertex 3.54858 0.215298 10
    endloop
  endfacet
  facet normal -0.242981 -0.970031 -0
    outer loop
      vertex 4.02455 0.0960732 10
      vertex 3.54858 0.215298 0
      vertex 4.02455 0.0960732 0
    endloop
  endfacet
  facet normal -0.85773 -0.5141 0
    outer loop
      vertex 0.842651 2.22215 0
      vertex 0.590393 2.64302 10
      vertex 0.590393 2.64302 0
    endloop
  endfacet
  facet normal -0.85773 -0.5141 0
    outer loop
      vertex 0.590393 2.64302 10
      vertex 0.842651 2.22215 0
      vertex 0.842651 2.22215 10
    endloop
  endfacet
  facet normal -0.903987 -0.42756 0
    outer loop
      vertex 0.590393 2.64302 0
      vertex 0.380602 3.08658 10
      vertex 0.380602 3.08658 0
    endloop
  endfacet
  facet normal -0.903987 -0.42756 0
    outer loop
      vertex 0.380602 3.08658 10
      vertex 0.590393 2.64302 0
      vertex 0.590393 2.64302 10
    endloop
  endfacet
  facet normal 0.803499 -0.595306 0
    outer loop
      vertex 111.165 1.82803 10
      vertex 111.457 2.22215 0
      vertex 111.457 2.22215 10
    endloop
  endfacet
  facet normal 0.803499 -0.595306 0
    outer loop
      vertex 111.457 2.22215 0
      vertex 111.165 1.82803 10
      vertex 111.165 1.82803 0
    endloop
  endfacet
  facet normal -0.803208 -0.595699 0
    outer loop
      vertex 1.13495 1.82803 0
      vertex 0.842651 2.22215 10
      vertex 0.842651 2.22215 0
    endloop
  endfacet
  facet normal -0.803208 -0.595699 0
    outer loop
      vertex 0.842651 2.22215 10
      vertex 1.13495 1.82803 0
      vertex 1.13495 1.82803 10
    endloop
  endfacet
  facet normal -0.941546 -0.336886 0
    outer loop
      vertex 0.380602 3.08658 0
      vertex 0.215298 3.54858 10
      vertex 0.215298 3.54858 0
    endloop
  endfacet
  facet normal -0.941546 -0.336886 0
    outer loop
      vertex 0.215298 3.54858 10
      vertex 0.380602 3.08658 0
      vertex 0.380602 3.08658 10
    endloop
  endfacet
  facet normal -0.989176 -0.146737 0
    outer loop
      vertex 5.07686 5.21964 10
      vertex 5.01926 5.60793 17
      vertex 5.01926 5.60793 10
    endloop
  endfacet
  facet normal -0.989176 -0.146737 0
    outer loop
      vertex 5.01926 5.60793 17
      vertex 5.07686 5.21964 10
      vertex 5.07686 5.21964 17
    endloop
  endfacet
  facet normal -0.998796 -0.0490647 0
    outer loop
      vertex 5.01926 5.60793 10
      vertex 5 6 17
      vertex 5 6 10
    endloop
  endfacet
  facet normal -0.998796 -0.0490647 0
    outer loop
      vertex 5 6 17
      vertex 5.01926 5.60793 10
      vertex 5.01926 5.60793 17
    endloop
  endfacet
  facet normal -0.941545 -0.336887 0
    outer loop
      vertex 5.30448 4.46927 10
      vertex 5.17224 4.83886 17
      vertex 5.17224 4.83886 10
    endloop
  endfacet
  facet normal -0.941545 -0.336887 0
    outer loop
      vertex 5.17224 4.83886 17
      vertex 5.30448 4.46927 10
      vertex 5.30448 4.46927 17
    endloop
  endfacet
  facet normal -0.514095 0.857733 0
    outer loop
      vertex 7.11441 23.5277 10
      vertex 6.77772 23.3259 17
      vertex 7.11441 23.5277 17
    endloop
  endfacet
  facet normal -0.514095 0.857733 0
    outer loop
      vertex 6.77772 23.3259 17
      vertex 7.11441 23.5277 10
      vertex 6.77772 23.3259 10
    endloop
  endfacet
  facet normal 0.049068 -0.998795 9.76942e-05
    outer loop
      vertex 25 2 17
      vertex 25.3921 2.01926 16.9717
      vertex 25.3609 2.01773 17
    endloop
  endfacet
  facet normal 0.049061 -0.998796 0
    outer loop
      vertex 25 2 10
      vertex 25.3921 2.01926 16.9717
      vertex 25 2 17
    endloop
  endfacet
  facet normal 0.049061 -0.998796 0
    outer loop
      vertex 25.3921 2.01926 16.9717
      vertex 25 2 10
      vertex 25.3921 2.01926 10
    endloop
  endfacet
  facet normal -0.146737 0.989176 0
    outer loop
      vertex 8.60793 23.9807 10
      vertex 8.21964 23.9231 17
      vertex 8.60793 23.9807 17
    endloop
  endfacet
  facet normal -0.146737 0.989176 0
    outer loop
      vertex 8.21964 23.9231 17
      vertex 8.60793 23.9807 10
      vertex 8.21964 23.9231 10
    endloop
  endfacet
  facet normal -0.242787 0.97008 0
    outer loop
      vertex 8.21964 23.9231 10
      vertex 7.83886 23.8278 17
      vertex 8.21964 23.9231 17
    endloop
  endfacet
  facet normal -0.242787 0.97008 0
    outer loop
      vertex 7.83886 23.8278 17
      vertex 8.21964 23.9231 10
      vertex 7.83886 23.8278 10
    endloop
  endfacet
  facet normal -0.595708 -0.803201 0
    outer loop
      vertex 6.46243 2.90796 10
      vertex 6.77772 2.67412 17
      vertex 6.46243 2.90796 17
    endloop
  endfacet
  facet normal -0.595708 -0.803201 -0
    outer loop
      vertex 6.77772 2.67412 17
      vertex 6.46243 2.90796 10
      vertex 6.77772 2.67412 10
    endloop
  endfacet
  facet normal -0.998796 0.049061 0
    outer loop
      vertex 5 20 10
      vertex 5.01926 20.3921 17
      vertex 5.01926 20.3921 10
    endloop
  endfacet
  facet normal -0.998796 0.049061 0
    outer loop
      vertex 5.01926 20.3921 17
      vertex 5 20 10
      vertex 5 20 17
    endloop
  endfacet
  facet normal -1 0 0
    outer loop
      vertex 5 20 10
      vertex 5 18 16
      vertex 5 20 17
    endloop
  endfacet
  facet normal -1 0 0
    outer loop
      vertex 5 20 10
      vertex 5 8 16
      vertex 5 18 16
    endloop
  endfacet
  facet normal -1 0 0
    outer loop
      vertex 5 6 10
      vertex 5 8 16
      vertex 5 20 10
    endloop
  endfacet
  facet normal -1 0 0
    outer loop
      vertex 5 6 17
      vertex 5 8 16
      vertex 5 6 10
    endloop
  endfacet
  facet normal -1 0 0
    outer loop
      vertex 5 8 16
      vertex 5 6 17
      vertex 5 8 17
    endloop
  endfacet
  facet normal -1 -0 0
    outer loop
      vertex 5 20 17
      vertex 5 18 16
      vertex 5 18 17
    endloop
  endfacet
  facet normal 0 0 1
    outer loop
      vertex 26.1611 23.8278 17
      vertex 26.1606 23.7336 17
      vertex 26.2925 23.7808 17
    endloop
  endfacet
  facet normal 0 0 1
    outer loop
      vertex 26.1611 23.8278 17
      vertex 25.8501 23.5867 17
      vertex 26.1606 23.7336 17
    endloop
  endfacet
  facet normal 0 0 1
    outer loop
      vertex 25.7804 23.9231 17
      vertex 25.8501 23.5867 17
      vertex 26.1611 23.8278 17
    endloop
  endfacet
  facet normal 0 0 1
    outer loop
      vertex 25.7804 23.9231 17
      vertex 25.5555 23.4101 17
      vertex 25.8501 23.5867 17
    endloop
  endfacet
  facet normal 0 0 1
    outer loop
      vertex 25.3921 23.9807 17
      vertex 25.5555 23.4101 17
      vertex 25.7804 23.9231 17
    endloop
  endfacet
  facet normal 0 0 1
    outer loop
      vertex 25.3921 23.9807 17
      vertex 25.2796 23.2055 17
      vertex 25.5555 23.4101 17
    endloop
  endfacet
  facet normal 0 0 1
    outer loop
      vertex 25 24 17
      vertex 25.2796 23.2055 17
      vertex 25.3921 23.9807 17
    endloop
  endfacet
  facet normal 0 0 1
    outer loop
      vertex 25.2796 23.2055 17
      vertex 25 24 17
      vertex 25.0251 22.9749 17
    endloop
  endfacet
  facet normal 0 0 1
    outer loop
      vertex 25 24 17
      vertex 24.7945 22.7204 17
      vertex 25.0251 22.9749 17
    endloop
  endfacet
  facet normal 0 0 1
    outer loop
      vertex 25 24 17
      vertex 24.5899 22.4445 17
      vertex 24.7945 22.7204 17
    endloop
  endfacet
  facet normal 0 0 1
    outer loop
      vertex 25 24 17
      vertex 24.4133 22.1499 17
      vertex 24.5899 22.4445 17
    endloop
  endfacet
  facet normal 0 0 1
    outer loop
      vertex 25 24 17
      vertex 24.2664 21.8394 17
      vertex 24.4133 22.1499 17
    endloop
  endfacet
  facet normal -0 0 1
    outer loop
      vertex 9 24 17
      vertex 24.2664 21.8394 17
      vertex 25 24 17
    endloop
  endfacet
  facet normal 0 0 1
    outer loop
      vertex 24 20.5 17
      vertex 9 24 17
      vertex 24 20 17
    endloop
  endfacet
  facet normal 0 0 1
    outer loop
      vertex 24.0169 20.8431 17
      vertex 9 24 17
      vertex 24 20.5 17
    endloop
  endfacet
  facet normal 0 0 1
    outer loop
      vertex 24.0673 21.1828 17
      vertex 9 24 17
      vertex 24.0169 20.8431 17
    endloop
  endfacet
  facet normal 0 0 1
    outer loop
      vertex 24.1507 21.516 17
      vertex 9 24 17
      vertex 24.0673 21.1828 17
    endloop
  endfacet
  facet normal 0 0 1
    outer loop
      vertex 24.2664 21.8394 17
      vertex 9 24 17
      vertex 24.1507 21.516 17
    endloop
  endfacet
  facet normal 0 0 1
    outer loop
      vertex 9 24 17
      vertex 24.0169 19.6569 17
      vertex 24 20 17
    endloop
  endfacet
  facet normal 0 0 1
    outer loop
      vertex 9 24 17
      vertex 24.0673 19.3172 17
      vertex 24.0169 19.6569 17
    endloop
  endfacet
  facet normal 0 0 1
    outer loop
      vertex 9 24 17
      vertex 24.1507 18.984 17
      vertex 24.0673 19.3172 17
    endloop
  endfacet
  facet normal 0 0 1
    outer loop
      vertex 5 18 17
      vertex 24.1507 18.984 17
      vertex 9 24 17
    endloop
  endfacet
  facet normal 0 0 1
    outer loop
      vertex 24.1507 18.984 17
      vertex 5 18 17
      vertex 24.2664 18.6606 17
    endloop
  endfacet
  facet normal 0 0 1
    outer loop
      vertex 24.2664 18.6606 17
      vertex 5 18 17
      vertex 24.4133 18.3501 17
    endloop
  endfacet
  facet normal 0 0 1
    outer loop
      vertex 24.4133 18.3501 17
      vertex 5 18 17
      vertex 24.5899 18.0555 17
    endloop
  endfacet
  facet normal 0 0 1
    outer loop
      vertex 5 20 17
      vertex 9 24 17
      vertex 8.60793 23.9807 17
    endloop
  endfacet
  facet normal 0 0 1
    outer loop
      vertex 5 20 17
      vertex 8.60793 23.9807 17
      vertex 8.21964 23.9231 17
    endloop
  endfacet
  facet normal 0 0 1
    outer loop
      vertex 5 20 17
      vertex 8.21964 23.9231 17
      vertex 7.83886 23.8278 17
    endloop
  endfacet
  facet normal 0 0 1
    outer loop
      vertex 5 20 17
      vertex 7.83886 23.8278 17
      vertex 7.46927 23.6955 17
    endloop
  endfacet
  facet normal 0 0 1
    outer loop
      vertex 5 20 17
      vertex 7.46927 23.6955 17
      vertex 7.11441 23.5277 17
    endloop
  endfacet
  facet normal 0 0 1
    outer loop
      vertex 5 20 17
      vertex 7.11441 23.5277 17
      vertex 6.77772 23.3259 17
    endloop
  endfacet
  facet normal 0 0 1
    outer loop
      vertex 5 20 17
      vertex 6.77772 23.3259 17
      vertex 6.46243 23.092 17
    endloop
  endfacet
  facet normal 0 0 1
    outer loop
      vertex 5 20 17
      vertex 6.46243 23.092 17
      vertex 6.17157 22.8284 17
    endloop
  endfacet
  facet normal 0 0 1
    outer loop
      vertex 5 20 17
      vertex 6.17157 22.8284 17
      vertex 5.90796 22.5376 17
    endloop
  endfacet
  facet normal 0 0 1
    outer loop
      vertex 5 20 17
      vertex 5.90796 22.5376 17
      vertex 5.67412 22.2223 17
    endloop
  endfacet
  facet normal 0 0 1
    outer loop
      vertex 5 20 17
      vertex 5.67412 22.2223 17
      vertex 5.47231 21.8856 17
    endloop
  endfacet
  facet normal 0 0 1
    outer loop
      vertex 5 20 17
      vertex 5.47231 21.8856 17
      vertex 5.30448 21.5307 17
    endloop
  endfacet
  facet normal 0 0 1
    outer loop
      vertex 5 20 17
      vertex 5.30448 21.5307 17
      vertex 5.17224 21.1611 17
    endloop
  endfacet
  facet normal 0 0 1
    outer loop
      vertex 5 20 17
      vertex 5.17224 21.1611 17
      vertex 5.07686 20.7804 17
    endloop
  endfacet
  facet normal 0 0 1
    outer loop
      vertex 5 20 17
      vertex 5.07686 20.7804 17
      vertex 5.01926 20.3921 17
    endloop
  endfacet
  facet normal 0 0 1
    outer loop
      vertex 9 24 17
      vertex 5 20 17
      vertex 5 18 17
    endloop
  endfacet
  facet normal 0 0 1
    outer loop
      vertex 24.5899 18.0555 17
      vertex 5 18 17
      vertex 24.631 18 17
    endloop
  endfacet
  facet normal 0 0 1
    outer loop
      vertex 24 6 17
      vertex 9 2 17
      vertex 24 5.5 17
    endloop
  endfacet
  facet normal 0 0 1
    outer loop
      vertex 24.0169 6.34306 17
      vertex 9 2 17
      vertex 24 6 17
    endloop
  endfacet
  facet normal 0 0 1
    outer loop
      vertex 24.0673 6.68282 17
      vertex 9 2 17
      vertex 24.0169 6.34306 17
    endloop
  endfacet
  facet normal 0 0 1
    outer loop
      vertex 24.1507 7.016 17
      vertex 9 2 17
      vertex 24.0673 6.68282 17
    endloop
  endfacet
  facet normal 0 0 1
    outer loop
      vertex 5 8 17
      vertex 24.1507 7.016 17
      vertex 24.2664 7.33939 17
    endloop
  endfacet
  facet normal 0 0 1
    outer loop
      vertex 5 8 17
      vertex 24.2664 7.33939 17
      vertex 24.4133 7.64989 17
    endloop
  endfacet
  facet normal 0 0 1
    outer loop
      vertex 5 8 17
      vertex 24.4133 7.64989 17
      vertex 24.5899 7.9445 17
    endloop
  endfacet
  facet normal -0 0 1
    outer loop
      vertex 5 8 17
      vertex 24.5899 7.9445 17
      vertex 24.631 8 17
    endloop
  endfacet
  facet normal 0 0 1
    outer loop
      vertex 24.1507 7.016 17
      vertex 5 8 17
      vertex 9 2 17
    endloop
  endfacet
  facet normal -0 0 1
    outer loop
      vertex 5 6 17
      vertex 9 2 17
      vertex 5 8 17
    endloop
  endfacet
  facet normal 0 0 1
    outer loop
      vertex 9 2 17
      vertex 5 6 17
      vertex 8.60793 2.01926 17
    endloop
  endfacet
  facet normal 0 0 1
    outer loop
      vertex 8.60793 2.01926 17
      vertex 5 6 17
      vertex 8.21964 2.07686 17
    endloop
  endfacet
  facet normal 0 0 1
    outer loop
      vertex 8.21964 2.07686 17
      vertex 5 6 17
      vertex 7.83886 2.17224 17
    endloop
  endfacet
  facet normal 0 0 1
    outer loop
      vertex 7.83886 2.17224 17
      vertex 5 6 17
      vertex 7.46927 2.30448 17
    endloop
  endfacet
  facet normal 0 0 1
    outer loop
      vertex 7.46927 2.30448 17
      vertex 5 6 17
      vertex 7.11441 2.47231 17
    endloop
  endfacet
  facet normal 0 0 1
    outer loop
      vertex 7.11441 2.47231 17
      vertex 5 6 17
      vertex 6.77772 2.67412 17
    endloop
  endfacet
  facet normal 0 0 1
    outer loop
      vertex 6.77772 2.67412 17
      vertex 5 6 17
      vertex 6.46243 2.90796 17
    endloop
  endfacet
  facet normal 0 0 1
    outer loop
      vertex 6.46243 2.90796 17
      vertex 5 6 17
      vertex 6.17157 3.17157 17
    endloop
  endfacet
  facet normal 0 0 1
    outer loop
      vertex 6.17157 3.17157 17
      vertex 5 6 17
      vertex 5.90796 3.46243 17
    endloop
  endfacet
  facet normal 0 0 1
    outer loop
      vertex 5.90796 3.46243 17
      vertex 5 6 17
      vertex 5.67412 3.77772 17
    endloop
  endfacet
  facet normal 0 0 1
    outer loop
      vertex 5.67412 3.77772 17
      vertex 5 6 17
      vertex 5.47231 4.11441 17
    endloop
  endfacet
  facet normal 0 0 1
    outer loop
      vertex 5.30448 4.46927 17
      vertex 5 6 17
      vertex 5.17224 4.83886 17
    endloop
  endfacet
  facet normal 0 0 1
    outer loop
      vertex 5.17224 4.83886 17
      vertex 5 6 17
      vertex 5.07686 5.21964 17
    endloop
  endfacet
  facet normal 0 0 1
    outer loop
      vertex 5.47231 4.11441 17
      vertex 5 6 17
      vertex 5.30448 4.46927 17
    endloop
  endfacet
  facet normal 0 0 1
    outer loop
      vertex 5.07686 5.21964 17
      vertex 5 6 17
      vertex 5.01926 5.60793 17
    endloop
  endfacet
  facet normal 0 0 1
    outer loop
      vertex 25 2 17
      vertex 25.3609 2.7342 17
      vertex 25.2796 2.79446 17
    endloop
  endfacet
  facet normal 0 0 1
    outer loop
      vertex 25 2 17
      vertex 25.2796 2.79446 17
      vertex 25.0251 3.02513 17
    endloop
  endfacet
  facet normal 0 0 1
    outer loop
      vertex 25.3609 2.7342 17
      vertex 25 2 17
      vertex 25.3609 2.01773 17
    endloop
  endfacet
  facet normal 0 0 1
    outer loop
      vertex 24.7945 3.27962 17
      vertex 25 2 17
      vertex 25.0251 3.02513 17
    endloop
  endfacet
  facet normal 0 0 1
    outer loop
      vertex 24.5899 3.5555 17
      vertex 25 2 17
      vertex 24.7945 3.27962 17
    endloop
  endfacet
  facet normal 0 0 1
    outer loop
      vertex 24.4133 3.85011 17
      vertex 25 2 17
      vertex 24.5899 3.5555 17
    endloop
  endfacet
  facet normal 0 0 1
    outer loop
      vertex 24.2664 4.16061 17
      vertex 25 2 17
      vertex 24.4133 3.85011 17
    endloop
  endfacet
  facet normal 0 0 1
    outer loop
      vertex 9 2 17
      vertex 24.2664 4.16061 17
      vertex 24.1507 4.484 17
    endloop
  endfacet
  facet normal 0 0 1
    outer loop
      vertex 24.2664 4.16061 17
      vertex 9 2 17
      vertex 25 2 17
    endloop
  endfacet
  facet normal 0 0 1
    outer loop
      vertex 24.0673 4.81718 17
      vertex 9 2 17
      vertex 24.1507 4.484 17
    endloop
  endfacet
  facet normal 0 0 1
    outer loop
      vertex 24.0169 5.15694 17
      vertex 9 2 17
      vertex 24.0673 4.81718 17
    endloop
  endfacet
  facet normal 0 0 1
    outer loop
      vertex 9 2 17
      vertex 24.0169 5.15694 17
      vertex 24 5.5 17
    endloop
  endfacet
  facet normal 0 0 1
    outer loop
      vertex 30.6391 12.75 17
      vertex 34 16.5 17
      vertex 30.6391 16.5 17
    endloop
  endfacet
  facet normal 0 0 1
    outer loop
      vertex 34 16.5 17
      vertex 30.6391 12.75 17
      vertex 34 9.5 17
    endloop
  endfacet
  facet normal 0 0 1
    outer loop
      vertex 29 9.5 17
      vertex 30.6391 12.75 17
      vertex 29 12.75 17
    endloop
  endfacet
  facet normal 0 0 1
    outer loop
      vertex 30.6391 12.75 17
      vertex 29 9.5 17
      vertex 34 9.5 17
    endloop
  endfacet
  facet normal -0.970019 0.243027 0
    outer loop
      vertex 5.07686 20.7804 10
      vertex 5.17224 21.1611 17
      vertex 5.17224 21.1611 10
    endloop
  endfacet
  facet normal -0.970019 0.243027 0
    outer loop
      vertex 5.17224 21.1611 17
      vertex 5.07686 20.7804 10
      vertex 5.07686 20.7804 17
    endloop
  endfacet
  facet normal 0.146895 -0.989152 0
    outer loop
      vertex 25.3921 2.01926 10
      vertex 25.4624 2.0297 16.908
      vertex 25.3921 2.01926 16.9717
    endloop
  endfacet
  facet normal 0.146731 -0.989176 1.71328e-06
    outer loop
      vertex 25.3921 2.01926 10
      vertex 25.7777 2.07647 16.6741
      vertex 25.4624 2.0297 16.908
    endloop
  endfacet
  facet normal 0.143087 -0.98971 0.000216826
    outer loop
      vertex 25.3921 2.01926 10
      vertex 25.7804 2.07686 16.6725
      vertex 25.7777 2.07647 16.6741
    endloop
  endfacet
  facet normal 0.146733 -0.989176 0
    outer loop
      vertex 25.7804 2.07686 16.6725
      vertex 25.3921 2.01926 10
      vertex 25.7804 2.07686 10
    endloop
  endfacet
  facet normal -0.903995 -0.427542 0
    outer loop
      vertex 5.47231 4.11441 10
      vertex 5.30448 4.46927 17
      vertex 5.30448 4.46927 10
    endloop
  endfacet
  facet normal -0.903995 -0.427542 0
    outer loop
      vertex 5.30448 4.46927 17
      vertex 5.47231 4.11441 10
      vertex 5.47231 4.11441 17
    endloop
  endfacet
  facet normal 0 1 -0
    outer loop
      vertex 25 24 10
      vertex 9 24 17
      vertex 25 24 17
    endloop
  endfacet
  facet normal 0 1 0
    outer loop
      vertex 9 24 17
      vertex 25 24 10
      vertex 9 24 10
    endloop
  endfacet
  facet normal 0.242835 0.970068 -0
    outer loop
      vertex 26.1611 23.8278 10
      vertex 25.7804 23.9231 17
      vertex 26.1611 23.8278 17
    endloop
  endfacet
  facet normal 0.242835 0.970068 0
    outer loop
      vertex 25.7804 23.9231 17
      vertex 26.1611 23.8278 10
      vertex 25.7804 23.9231 10
    endloop
  endfacet
  facet normal 0.0491626 0.998791 -0
    outer loop
      vertex 25.3921 23.9807 10
      vertex 25 24 17
      vertex 25.3921 23.9807 17
    endloop
  endfacet
  facet normal 0.0491626 0.998791 0
    outer loop
      vertex 25 24 17
      vertex 25.3921 23.9807 10
      vertex 25 24 10
    endloop
  endfacet
  facet normal -0.904014 0.427503 0
    outer loop
      vertex 5.30448 21.5307 10
      vertex 5.47231 21.8856 17
      vertex 5.47231 21.8856 10
    endloop
  endfacet
  facet normal -0.904014 0.427503 0
    outer loop
      vertex 5.47231 21.8856 17
      vertex 5.30448 21.5307 10
      vertex 5.30448 21.5307 17
    endloop
  endfacet
  facet normal -0.595806 0.803128 0
    outer loop
      vertex 6.77772 23.3259 10
      vertex 6.46243 23.092 17
      vertex 6.77772 23.3259 17
    endloop
  endfacet
  facet normal -0.595806 0.803128 0
    outer loop
      vertex 6.46243 23.092 17
      vertex 6.77772 23.3259 10
      vertex 6.46243 23.092 10
    endloop
  endfacet
  facet normal -0.671531 0.740977 0
    outer loop
      vertex 6.46243 23.092 10
      vertex 6.17157 22.8284 17
      vertex 6.46243 23.092 17
    endloop
  endfacet
  facet normal -0.671531 0.740977 0
    outer loop
      vertex 6.17157 22.8284 17
      vertex 6.46243 23.092 10
      vertex 6.17157 22.8284 10
    endloop
  endfacet
  facet normal -0.857729 0.514102 0
    outer loop
      vertex 5.47231 21.8856 10
      vertex 5.67412 22.2223 17
      vertex 5.67412 22.2223 10
    endloop
  endfacet
  facet normal -0.857729 0.514102 0
    outer loop
      vertex 5.67412 22.2223 17
      vertex 5.47231 21.8856 10
      vertex 5.47231 21.8856 17
    endloop
  endfacet
  facet normal -0.146737 -0.989176 0
    outer loop
      vertex 8.21964 2.07686 10
      vertex 8.60793 2.01926 17
      vertex 8.21964 2.07686 17
    endloop
  endfacet
  facet normal -0.146737 -0.989176 -0
    outer loop
      vertex 8.60793 2.01926 17
      vertex 8.21964 2.07686 10
      vertex 8.60793 2.01926 10
    endloop
  endfacet
  facet normal -0.0490647 -0.998796 0
    outer loop
      vertex 8.60793 2.01926 10
      vertex 9 2 17
      vertex 8.60793 2.01926 17
    endloop
  endfacet
  facet normal -0.0490647 -0.998796 -0
    outer loop
      vertex 9 2 17
      vertex 8.60793 2.01926 10
      vertex 9 2 10
    endloop
  endfacet
  facet normal 0 -1 0
    outer loop
      vertex 9 2 10
      vertex 25 2 17
      vertex 9 2 17
    endloop
  endfacet
  facet normal 0 -1 -0
    outer loop
      vertex 25 2 17
      vertex 9 2 10
      vertex 25 2 10
    endloop
  endfacet
  facet normal -0.989176 0.146733 0
    outer loop
      vertex 5.01926 20.3921 10
      vertex 5.07686 20.7804 17
      vertex 5.07686 20.7804 10
    endloop
  endfacet
  facet normal -0.989176 0.146733 0
    outer loop
      vertex 5.07686 20.7804 17
      vertex 5.01926 20.3921 10
      vertex 5.01926 20.3921 17
    endloop
  endfacet
  facet normal -0.671545 -0.740964 0
    outer loop
      vertex 6.17157 3.17157 10
      vertex 6.46243 2.90796 17
      vertex 6.17157 3.17157 17
    endloop
  endfacet
  facet normal -0.671545 -0.740964 -0
    outer loop
      vertex 6.46243 2.90796 17
      vertex 6.17157 3.17157 10
      vertex 6.46243 2.90796 10
    endloop
  endfacet
  facet normal -0.740895 0.671621 0
    outer loop
      vertex 5.90796 22.5376 10
      vertex 6.17157 22.8284 17
      vertex 6.17157 22.8284 10
    endloop
  endfacet
  facet normal -0.740895 0.671621 0
    outer loop
      vertex 6.17157 22.8284 17
      vertex 5.90796 22.5376 10
      vertex 5.90796 22.5376 17
    endloop
  endfacet
  facet normal -0.80321 0.595695 0
    outer loop
      vertex 5.67412 22.2223 10
      vertex 5.90796 22.5376 17
      vertex 5.90796 22.5376 10
    endloop
  endfacet
  facet normal -0.80321 0.595695 0
    outer loop
      vertex 5.90796 22.5376 17
      vertex 5.67412 22.2223 10
      vertex 5.67412 22.2223 17
    endloop
  endfacet
  facet normal -0.336887 -0.941545 0
    outer loop
      vertex 7.46927 2.30448 10
      vertex 7.83886 2.17224 17
      vertex 7.46927 2.30448 17
    endloop
  endfacet
  facet normal -0.336887 -0.941545 -0
    outer loop
      vertex 7.83886 2.17224 17
      vertex 7.46927 2.30448 10
      vertex 7.83886 2.17224 10
    endloop
  endfacet
  facet normal -0.941548 0.336879 0
    outer loop
      vertex 5.17224 21.1611 10
      vertex 5.30448 21.5307 17
      vertex 5.30448 21.5307 10
    endloop
  endfacet
  facet normal -0.941548 0.336879 0
    outer loop
      vertex 5.30448 21.5307 17
      vertex 5.17224 21.1611 10
      vertex 5.17224 21.1611 17
    endloop
  endfacet
  facet normal 0.336727 -0.941602 0
    outer loop
      vertex 26.1611 2.17224 10
      vertex 26.2925 2.21923 16.3881
      vertex 26.1611 2.17224 16.4502
    endloop
  endfacet
  facet normal 0.336727 -0.941602 0
    outer loop
      vertex 26.2925 2.21923 16.3881
      vertex 26.1611 2.17224 10
      vertex 26.2925 2.21923 10
    endloop
  endfacet
  facet normal -0.0491664 0.998791 0
    outer loop
      vertex 9 24 10
      vertex 8.60793 23.9807 17
      vertex 9 24 17
    endloop
  endfacet
  facet normal -0.0491664 0.998791 0
    outer loop
      vertex 8.60793 23.9807 17
      vertex 9 24 10
      vertex 8.60793 23.9807 10
    endloop
  endfacet
  facet normal 0.33679 0.94158 -0
    outer loop
      vertex 26.2925 23.7808 10
      vertex 26.1611 23.8278 17
      vertex 26.2925 23.7808 17
    endloop
  endfacet
  facet normal 0.33679 0.94158 0
    outer loop
      vertex 26.1611 23.8278 17
      vertex 26.2925 23.7808 10
      vertex 26.1611 23.8278 10
    endloop
  endfacet
  facet normal 0.243 -0.970026 0
    outer loop
      vertex 25.7804 2.07686 10
      vertex 26.1144 2.16053 16.4723
      vertex 25.7804 2.07686 16.6725
    endloop
  endfacet
  facet normal 0.243215 -0.969973 -1.17504e-05
    outer loop
      vertex 25.7804 2.07686 10
      vertex 26.1611 2.17224 16.4502
      vertex 26.1144 2.16053 16.4723
    endloop
  endfacet
  facet normal 0.243027 -0.970019 0
    outer loop
      vertex 26.1611 2.17224 16.4502
      vertex 25.7804 2.07686 10
      vertex 26.1611 2.17224 10
    endloop
  endfacet
  facet normal -0.337022 0.941497 0
    outer loop
      vertex 7.83886 23.8278 10
      vertex 7.46927 23.6955 17
      vertex 7.83886 23.8278 17
    endloop
  endfacet
  facet normal -0.337022 0.941497 0
    outer loop
      vertex 7.46927 23.6955 17
      vertex 7.83886 23.8278 10
      vertex 7.46927 23.6955 10
    endloop
  endfacet
  facet normal -0.242979 -0.970032 0
    outer loop
      vertex 7.83886 2.17224 10
      vertex 8.21964 2.07686 17
      vertex 7.83886 2.17224 17
    endloop
  endfacet
  facet normal -0.242979 -0.970032 -0
    outer loop
      vertex 8.21964 2.07686 17
      vertex 7.83886 2.17224 10
      vertex 8.21964 2.07686 10
    endloop
  endfacet
  facet normal -0.970032 -0.242979 0
    outer loop
      vertex 5.17224 4.83886 10
      vertex 5.07686 5.21964 17
      vertex 5.07686 5.21964 10
    endloop
  endfacet
  facet normal -0.970032 -0.242979 0
    outer loop
      vertex 5.07686 5.21964 17
      vertex 5.17224 4.83886 10
      vertex 5.17224 4.83886 17
    endloop
  endfacet
  facet normal 0.146733 0.989176 -0
    outer loop
      vertex 25.7804 23.9231 10
      vertex 25.3921 23.9807 17
      vertex 25.7804 23.9231 17
    endloop
  endfacet
  facet normal 0.146733 0.989176 0
    outer loop
      vertex 25.3921 23.9807 17
      vertex 25.7804 23.9231 10
      vertex 25.3921 23.9807 10
    endloop
  endfacet
  facet normal -0.740964 -0.671545 0
    outer loop
      vertex 6.17157 3.17157 10
      vertex 5.90796 3.46243 17
      vertex 5.90796 3.46243 10
    endloop
  endfacet
  facet normal -0.740964 -0.671545 0
    outer loop
      vertex 5.90796 3.46243 17
      vertex 6.17157 3.17157 10
      vertex 6.17157 3.17157 17
    endloop
  endfacet
  facet normal -0.42748 0.904025 0
    outer loop
      vertex 7.46927 23.6955 10
      vertex 7.11441 23.5277 17
      vertex 7.46927 23.6955 17
    endloop
  endfacet
  facet normal -0.42748 0.904025 0
    outer loop
      vertex 7.11441 23.5277 17
      vertex 7.46927 23.6955 10
      vertex 7.11441 23.5277 10
    endloop
  endfacet
  facet normal -0.803201 -0.595708 0
    outer loop
      vertex 5.90796 3.46243 10
      vertex 5.67412 3.77772 17
      vertex 5.67412 3.77772 10
    endloop
  endfacet
  facet normal -0.803201 -0.595708 0
    outer loop
      vertex 5.67412 3.77772 17
      vertex 5.90796 3.46243 10
      vertex 5.90796 3.46243 17
    endloop
  endfacet
  facet normal -0.427542 -0.903995 0
    outer loop
      vertex 7.11441 2.47231 10
      vertex 7.46927 2.30448 17
      vertex 7.11441 2.47231 17
    endloop
  endfacet
  facet normal -0.427542 -0.903995 -0
    outer loop
      vertex 7.46927 2.30448 17
      vertex 7.11441 2.47231 10
      vertex 7.46927 2.30448 10
    endloop
  endfacet
  facet normal -0.514114 -0.857722 0
    outer loop
      vertex 6.77772 2.67412 10
      vertex 7.11441 2.47231 17
      vertex 6.77772 2.67412 17
    endloop
  endfacet
  facet normal -0.514114 -0.857722 -0
    outer loop
      vertex 7.11441 2.47231 17
      vertex 6.77772 2.67412 10
      vertex 7.11441 2.47231 10
    endloop
  endfacet
  facet normal -0.857722 -0.514114 0
    outer loop
      vertex 5.67412 3.77772 10
      vertex 5.47231 4.11441 17
      vertex 5.47231 4.11441 10
    endloop
  endfacet
  facet normal -0.857722 -0.514114 0
    outer loop
      vertex 5.47231 4.11441 17
      vertex 5.67412 3.77772 10
      vertex 5.67412 3.77772 17
    endloop
  endfacet
  facet normal -0.989243 -0.146284 0
    outer loop
      vertex 24.0193 5.14071 20.3921
      vertex 24.0169 5.15694 36
      vertex 24.0169 5.15694 20.3431
    endloop
  endfacet
  facet normal -0.989173 -0.146756 5.02524e-07
    outer loop
      vertex 24.0673 4.81718 20.7156
      vertex 24.0169 5.15694 36
      vertex 24.0193 5.14071 20.3921
    endloop
  endfacet
  facet normal -0.989176 -0.146734 0
    outer loop
      vertex 24.0169 5.15694 36
      vertex 24.0673 4.81718 20.7156
      vertex 24.0673 4.81718 36
    endloop
  endfacet
  facet normal -0.989243 -0.146284 0
    outer loop
      vertex 24.0169 5.15694 17
      vertex 24.0193 5.14071 19.6079
      vertex 24.0169 5.15694 19.6569
    endloop
  endfacet
  facet normal -0.989176 -0.146734 -0
    outer loop
      vertex 24.0673 4.81718 19.2844
      vertex 24.0169 5.15694 17
      vertex 24.0673 4.81718 17
    endloop
  endfacet
  facet normal -0.989173 -0.146754 -2.99204e-06
    outer loop
      vertex 24.0169 5.15694 17
      vertex 24.0673 4.81718 19.2844
      vertex 24.0193 5.14071 19.6079
    endloop
  endfacet
  facet normal 0.595659 -0.803237 0
    outer loop
      vertex 94.4445 2.58986 10
      vertex 94.7204 2.79446 36
      vertex 94.4445 2.58986 36
    endloop
  endfacet
  facet normal 0.595659 -0.803237 0
    outer loop
      vertex 94.7204 2.79446 36
      vertex 94.4445 2.58986 10
      vertex 94.7204 2.79446 10
    endloop
  endfacet
  facet normal -0.998789 -0.0492029 0
    outer loop
      vertex 24.0169 5.15694 20.3431
      vertex 24 5.5 36
      vertex 24 5.5 20
    endloop
  endfacet
  facet normal -0.998789 -0.0492029 0
    outer loop
      vertex 24 5.5 36
      vertex 24.0169 5.15694 20.3431
      vertex 24.0169 5.15694 36
    endloop
  endfacet
  facet normal -0.998789 -0.0492029 -0
    outer loop
      vertex 24.0169 5.15694 19.6569
      vertex 24 5.5 17
      vertex 24.0169 5.15694 17
    endloop
  endfacet
  facet normal -0.998789 -0.0492029 0
    outer loop
      vertex 24 5.5 17
      vertex 24.0169 5.15694 19.6569
      vertex 24 5.5 20
    endloop
  endfacet
  facet normal 0 1 0
    outer loop
      vertex 92.5 9.5 36
      vertex 89 9.5 16
      vertex 89 9.5 36
    endloop
  endfacet
  facet normal 0 1 -0
    outer loop
      vertex 92.5 9.5 10
      vertex 89 9.5 16
      vertex 92.5 9.5 36
    endloop
  endfacet
  facet normal 0 1 0
    outer loop
      vertex 38.5943 9.5 10
      vertex 89 9.5 16
      vertex 92.5 9.5 10
    endloop
  endfacet
  facet normal 0 1 0
    outer loop
      vertex 89 9.5 16
      vertex 38.5943 9.5 10
      vertex 38.5943 9.5 16
    endloop
  endfacet
  facet normal 0 1 0
    outer loop
      vertex 34 9.5 36
      vertex 27.5 9.5 23.4599
      vertex 27.5 9.5 36
    endloop
  endfacet
  facet normal 0 1 0
    outer loop
      vertex 29 9.5 21
      vertex 27.3172 9.5 23.4327
      vertex 27.5 9.5 23.4599
    endloop
  endfacet
  facet normal 0 1 0
    outer loop
      vertex 27.3172 9.5 23.4327
      vertex 29 9.5 21
      vertex 26.984 9.5 23.3493
    endloop
  endfacet
  facet normal 0 1 0
    outer loop
      vertex 26.984 9.5 23.3493
      vertex 29 9.5 21
      vertex 26.6606 9.5 23.2336
    endloop
  endfacet
  facet normal 0 1 0
    outer loop
      vertex 26.6606 9.5 23.2336
      vertex 29 9.5 21
      vertex 26.3501 9.5 23.0867
    endloop
  endfacet
  facet normal 0 1 0
    outer loop
      vertex 26.3501 9.5 23.0867
      vertex 29 9.5 21
      vertex 26.0555 9.5 22.9101
    endloop
  endfacet
  facet normal 0 1 0
    outer loop
      vertex 26.0555 9.5 22.9101
      vertex 29 9.5 21
      vertex 25.7796 9.5 22.7055
    endloop
  endfacet
  facet normal 0 1 0
    outer loop
      vertex 25.7796 9.5 22.7055
      vertex 29 9.5 21
      vertex 25.5251 9.5 22.4749
    endloop
  endfacet
  facet normal 0 1 0
    outer loop
      vertex 25.5251 9.5 22.4749
      vertex 29 9.5 21
      vertex 25.2945 9.5 22.2204
    endloop
  endfacet
  facet normal 0 1 0
    outer loop
      vertex 25.2945 9.5 22.2204
      vertex 29 9.5 21
      vertex 25.0899 9.5 21.9445
    endloop
  endfacet
  facet normal 0 1 0
    outer loop
      vertex 25.0899 9.5 21.9445
      vertex 29 9.5 21
      vertex 24.9133 9.5 21.6499
    endloop
  endfacet
  facet normal 0 1 0
    outer loop
      vertex 24.9133 9.5 21.6499
      vertex 29 9.5 21
      vertex 24.7664 9.5 21.3394
    endloop
  endfacet
  facet normal 0 1 0
    outer loop
      vertex 24.6467 9.5 21
      vertex 24.7664 9.5 21.3394
      vertex 29 9.5 21
    endloop
  endfacet
  facet normal 0 1 0
    outer loop
      vertex 34 9.5 36
      vertex 29 9.5 21
      vertex 27.5 9.5 23.4599
    endloop
  endfacet
  facet normal 0 1 -0
    outer loop
      vertex 34 9.5 17
      vertex 29 9.5 21
      vertex 34 9.5 36
    endloop
  endfacet
  facet normal 0 1 0
    outer loop
      vertex 29 9.5 21
      vertex 34 9.5 17
      vertex 29 9.5 17
    endloop
  endfacet
  facet normal 0 1 0
    outer loop
      vertex 24.7664 9.5 21.3394
      vertex 24.6467 9.5 21
      vertex 24.6507 9.5 21.016
    endloop
  endfacet
  facet normal -0.51411 0.857724 0
    outer loop
      vertex 25.8501 9.08672 22.7578
      vertex 25.5555 8.91014 36
      vertex 25.8501 9.08672 36
    endloop
  endfacet
  facet normal -0.513961 0.857813 4.50699e-06
    outer loop
      vertex 25.7796 9.04448 22.7055
      vertex 25.5555 8.91014 36
      vertex 25.8501 9.08672 22.7578
    endloop
  endfacet
  facet normal -0.514158 0.857695 0
    outer loop
      vertex 25.5555 8.91014 36
      vertex 25.7796 9.04448 22.7055
      vertex 25.5555 8.91014 22.5024
    endloop
  endfacet
  facet normal 0.741033 0.671469 0
    outer loop
      vertex 95.2055 8.22038 36
      vertex 94.9749 8.47487 10
      vertex 94.9749 8.47487 36
    endloop
  endfacet
  facet normal 0.741033 0.671469 0
    outer loop
      vertex 94.9749 8.47487 10
      vertex 95.2055 8.22038 36
      vertex 95.2055 8.22038 10
    endloop
  endfacet
  facet normal -0.0490519 -0.998796 0
    outer loop
      vertex 27.1569 2.01685 36
      vertex 27.5 2 23.9647
      vertex 27.5 2 36
    endloop
  endfacet
  facet normal -0.0490493 -0.998796 7.45641e-08
    outer loop
      vertex 27.1569 2.01685 36
      vertex 27.2196 2.01377 23.9231
      vertex 27.5 2 23.9647
    endloop
  endfacet
  facet normal -0.0490636 -0.998796 0
    outer loop
      vertex 27.2196 2.01377 23.9231
      vertex 27.1569 2.01685 36
      vertex 27.1569 2.01685 23.9074
    endloop
  endfacet
  facet normal -0.0490636 -0.998796 0
    outer loop
      vertex 27.1569 2.01685 10
      vertex 27.2196 2.01377 16.0769
      vertex 27.1569 2.01685 16.0926
    endloop
  endfacet
  facet normal -0.0490493 -0.998796 -1.48072e-07
    outer loop
      vertex 27.1569 2.01685 10
      vertex 27.5 2 16.0353
      vertex 27.2196 2.01377 16.0769
    endloop
  endfacet
  facet normal -0.0490519 -0.998796 -0
    outer loop
      vertex 27.5 2 16.0353
      vertex 27.1569 2.01685 10
      vertex 27.5 2 10
    endloop
  endfacet
  facet normal -1 0 0
    outer loop
      vertex 24 5.5 20
      vertex 24 6 17
      vertex 24 5.5 17
    endloop
  endfacet
  facet normal -1 0 0
    outer loop
      vertex 24 6 17
      vertex 24 5.5 20
      vertex 24 6 36
    endloop
  endfacet
  facet normal -1 -0 0
    outer loop
      vertex 24 6 36
      vertex 24 5.5 20
      vertex 24 5.5 36
    endloop
  endfacet
  facet normal -0.857877 -0.513855 0
    outer loop
      vertex 24.4723 3.75161 21.8856
      vertex 24.4133 3.85011 36
      vertex 24.4133 3.85011 21.7608
    endloop
  endfacet
  facet normal -0.857622 -0.514281 4.03382e-06
    outer loop
      vertex 24.5899 3.5555 22.0817
      vertex 24.4133 3.85011 36
      vertex 24.4723 3.75161 21.8856
    endloop
  endfacet
  facet normal -0.857706 -0.51414 0
    outer loop
      vertex 24.4133 3.85011 36
      vertex 24.5899 3.5555 22.0817
      vertex 24.5899 3.5555 36
    endloop
  endfacet
  facet normal -0.857877 -0.513855 0
    outer loop
      vertex 24.4133 3.85011 17
      vertex 24.4723 3.75161 18.1144
      vertex 24.4133 3.85011 18.2392
    endloop
  endfacet
  facet normal -0.857706 -0.51414 -0
    outer loop
      vertex 24.5899 3.5555 17.9183
      vertex 24.4133 3.85011 17
      vertex 24.5899 3.5555 17
    endloop
  endfacet
  facet normal -0.857641 -0.514249 -4.727e-05
    outer loop
      vertex 24.4133 3.85011 17
      vertex 24.5899 3.5555 17.9183
      vertex 24.4723 3.75161 18.1144
    endloop
  endfacet
  facet normal 0.989176 0.146734 0
    outer loop
      vertex 95.9831 6.34306 36
      vertex 95.9327 6.68282 10
      vertex 95.9327 6.68282 36
    endloop
  endfacet
  facet normal 0.989176 0.146734 0
    outer loop
      vertex 95.9327 6.68282 10
      vertex 95.9831 6.34306 36
      vertex 95.9831 6.34306 10
    endloop
  endfacet
  facet normal -0.242974 0.970033 0
    outer loop
      vertex 26.8172 9.43275 23.2896
      vertex 26.484 9.34929 36
      vertex 26.8172 9.43275 36
    endloop
  endfacet
  facet normal -0.242944 0.97004 8.36247e-07
    outer loop
      vertex 26.6606 9.39353 23.2336
      vertex 26.484 9.34929 36
      vertex 26.8172 9.43275 23.2896
    endloop
  endfacet
  facet normal -0.243001 0.970026 0
    outer loop
      vertex 26.484 9.34929 36
      vertex 26.6606 9.39353 23.2336
      vertex 26.484 9.34929 23.1501
    endloop
  endfacet
  facet normal -0.998789 0.0492029 0
    outer loop
      vertex 24 6 17
      vertex 24.0169 6.34306 36
      vertex 24.0169 6.34306 17
    endloop
  endfacet
  facet normal -0.998789 0.0492029 0
    outer loop
      vertex 24.0169 6.34306 36
      vertex 24 6 17
      vertex 24 6 36
    endloop
  endfacet
  facet normal 0.242974 0.970033 -0
    outer loop
      vertex 93.516 9.34929 10
      vertex 93.1828 9.43275 36
      vertex 93.516 9.34929 36
    endloop
  endfacet
  facet normal 0.242974 0.970033 0
    outer loop
      vertex 93.1828 9.43275 36
      vertex 93.516 9.34929 10
      vertex 93.1828 9.43275 10
    endloop
  endfacet
  facet normal 0 -1 -0
    outer loop
      vertex 27.6079 2 16.0193
      vertex 27.5 2 10
      vertex 28 2 16
    endloop
  endfacet
  facet normal 0 -1 0
    outer loop
      vertex 27.5 2 10
      vertex 27.6079 2 16.0193
      vertex 27.5 2 16.0353
    endloop
  endfacet
  facet normal 0 -1 0
    outer loop
      vertex 28.3921 2 23.9807
      vertex 27.5 2 36
      vertex 28 2 24
    endloop
  endfacet
  facet normal 0 -1 0
    outer loop
      vertex 27.5 2 36
      vertex 27.6079 2 23.9807
      vertex 28 2 24
    endloop
  endfacet
  facet normal -0 -1 0
    outer loop
      vertex 27.6079 2 23.9807
      vertex 27.5 2 36
      vertex 27.5 2 23.9647
    endloop
  endfacet
  facet normal 0 -1 0
    outer loop
      vertex 28.7804 2 23.9231
      vertex 27.5 2 36
      vertex 28.3921 2 23.9807
    endloop
  endfacet
  facet normal 0 -1 0
    outer loop
      vertex 29.1611 2 23.8278
      vertex 27.5 2 36
      vertex 28.7804 2 23.9231
    endloop
  endfacet
  facet normal 0 -1 0
    outer loop
      vertex 29.5307 2 23.6955
      vertex 27.5 2 36
      vertex 29.1611 2 23.8278
    endloop
  endfacet
  facet normal 0 -1 0
    outer loop
      vertex 29.8856 2 23.5277
      vertex 27.5 2 36
      vertex 29.5307 2 23.6955
    endloop
  endfacet
  facet normal 0 -1 0
    outer loop
      vertex 30.2223 2 23.3259
      vertex 27.5 2 36
      vertex 29.8856 2 23.5277
    endloop
  endfacet
  facet normal 0 -1 0
    outer loop
      vertex 30.5376 2 23.092
      vertex 27.5 2 36
      vertex 30.2223 2 23.3259
    endloop
  endfacet
  facet normal 0 -1 0
    outer loop
      vertex 30.8284 2 22.8284
      vertex 27.5 2 36
      vertex 30.5376 2 23.092
    endloop
  endfacet
  facet normal 0 -1 0
    outer loop
      vertex 31.092 2 22.5376
      vertex 27.5 2 36
      vertex 30.8284 2 22.8284
    endloop
  endfacet
  facet normal 0 -1 0
    outer loop
      vertex 31.3259 2 22.2223
      vertex 27.5 2 36
      vertex 31.092 2 22.5376
    endloop
  endfacet
  facet normal 0 -1 0
    outer loop
      vertex 31.5277 2 21.8856
      vertex 27.5 2 36
      vertex 31.3259 2 22.2223
    endloop
  endfacet
  facet normal 0 -1 0
    outer loop
      vertex 27.5 2 36
      vertex 31.5277 2 21.8856
      vertex 92.5 2 36
    endloop
  endfacet
  facet normal 0 -1 0
    outer loop
      vertex 31.6955 2 21.5307
      vertex 92.5 2 36
      vertex 31.5277 2 21.8856
    endloop
  endfacet
  facet normal 0 -1 0
    outer loop
      vertex 31.8278 2 21.1611
      vertex 92.5 2 36
      vertex 31.6955 2 21.5307
    endloop
  endfacet
  facet normal 0 -1 0
    outer loop
      vertex 31.9231 2 20.7804
      vertex 92.5 2 36
      vertex 31.8278 2 21.1611
    endloop
  endfacet
  facet normal 0 -1 0
    outer loop
      vertex 31.9807 2 20.3921
      vertex 92.5 2 36
      vertex 31.9231 2 20.7804
    endloop
  endfacet
  facet normal 0 -1 0
    outer loop
      vertex 92.5 2 10
      vertex 31.9807 2 20.3921
      vertex 32 2 20
    endloop
  endfacet
  facet normal 0 -1 0
    outer loop
      vertex 92.5 2 10
      vertex 32 2 20
      vertex 31.9807 2 19.6079
    endloop
  endfacet
  facet normal 0 -1 0
    outer loop
      vertex 92.5 2 10
      vertex 31.9807 2 19.6079
      vertex 31.9231 2 19.2196
    endloop
  endfacet
  facet normal 0 -1 0
    outer loop
      vertex 92.5 2 10
      vertex 31.9231 2 19.2196
      vertex 31.8278 2 18.8389
    endloop
  endfacet
  facet normal 0 -1 0
    outer loop
      vertex 92.5 2 10
      vertex 31.8278 2 18.8389
      vertex 31.6955 2 18.4693
    endloop
  endfacet
  facet normal 0 -1 0
    outer loop
      vertex 92.5 2 10
      vertex 31.6955 2 18.4693
      vertex 31.5277 2 18.1144
    endloop
  endfacet
  facet normal 0 -1 0
    outer loop
      vertex 92.5 2 10
      vertex 31.5277 2 18.1144
      vertex 31.3259 2 17.7777
    endloop
  endfacet
  facet normal 0 -1 0
    outer loop
      vertex 27.5 2 10
      vertex 31.3259 2 17.7777
      vertex 31.092 2 17.4624
    endloop
  endfacet
  facet normal 0 -1 0
    outer loop
      vertex 27.5 2 10
      vertex 31.092 2 17.4624
      vertex 30.8284 2 17.1716
    endloop
  endfacet
  facet normal 0 -1 0
    outer loop
      vertex 27.5 2 10
      vertex 30.8284 2 17.1716
      vertex 30.5376 2 16.908
    endloop
  endfacet
  facet normal 0 -1 0
    outer loop
      vertex 27.5 2 10
      vertex 30.5376 2 16.908
      vertex 30.2223 2 16.6741
    endloop
  endfacet
  facet normal 0 -1 0
    outer loop
      vertex 27.5 2 10
      vertex 30.2223 2 16.6741
      vertex 29.8856 2 16.4723
    endloop
  endfacet
  facet normal 0 -1 0
    outer loop
      vertex 27.5 2 10
      vertex 29.8856 2 16.4723
      vertex 29.5307 2 16.3045
    endloop
  endfacet
  facet normal 0 -1 0
    outer loop
      vertex 27.5 2 10
      vertex 29.5307 2 16.3045
      vertex 29.1611 2 16.1722
    endloop
  endfacet
  facet normal 0 -1 0
    outer loop
      vertex 27.5 2 10
      vertex 28.3921 2 16.0193
      vertex 28 2 16
    endloop
  endfacet
  facet normal 0 -1 0
    outer loop
      vertex 27.5 2 10
      vertex 28.7804 2 16.0769
      vertex 28.3921 2 16.0193
    endloop
  endfacet
  facet normal 0 -1 0
    outer loop
      vertex 27.5 2 10
      vertex 29.1611 2 16.1722
      vertex 28.7804 2 16.0769
    endloop
  endfacet
  facet normal 0 -1 -0
    outer loop
      vertex 31.3259 2 17.7777
      vertex 27.5 2 10
      vertex 92.5 2 10
    endloop
  endfacet
  facet normal 0 -1 0
    outer loop
      vertex 31.9807 2 20.3921
      vertex 92.5 2 10
      vertex 92.5 2 36
    endloop
  endfacet
  facet normal -0.595659 0.803237 0
    outer loop
      vertex 25.5555 8.91014 22.5024
      vertex 25.2796 8.70554 36
      vertex 25.5555 8.91014 36
    endloop
  endfacet
  facet normal -0.595428 0.803409 7.33021e-06
    outer loop
      vertex 25.5251 8.88761 22.4749
      vertex 25.2796 8.70554 36
      vertex 25.5555 8.91014 22.5024
    endloop
  endfacet
  facet normal -0.595799 0.803134 -3.11598e-06
    outer loop
      vertex 25.2945 8.71654 22.2204
      vertex 25.2796 8.70554 36
      vertex 25.5251 8.88761 22.4749
    endloop
  endfacet
  facet normal -0.593936 0.804513 0
    outer loop
      vertex 25.2796 8.70554 36
      vertex 25.2945 8.71654 22.2204
      vertex 25.2796 8.70554 22.2004
    endloop
  endfacet
  facet normal -0.0490519 0.998796 0
    outer loop
      vertex 27.5 9.5 23.4599
      vertex 27.1569 9.48315 36
      vertex 27.5 9.5 36
    endloop
  endfacet
  facet normal -0.0490655 0.998796 -3.72325e-07
    outer loop
      vertex 27.3172 9.49102 23.4327
      vertex 27.1569 9.48315 36
      vertex 27.5 9.5 23.4599
    endloop
  endfacet
  facet normal -0.0490364 0.998797 0
    outer loop
      vertex 27.1569 9.48315 36
      vertex 27.3172 9.49102 23.4327
      vertex 27.1569 9.48315 23.3926
    endloop
  endfacet
  facet normal -0.989176 0.146734 0
    outer loop
      vertex 24.0169 6.34306 17
      vertex 24.0673 6.68282 36
      vertex 24.0673 6.68282 17
    endloop
  endfacet
  facet normal -0.989176 0.146734 0
    outer loop
      vertex 24.0673 6.68282 36
      vertex 24.0169 6.34306 17
      vertex 24.0169 6.34306 36
    endloop
  endfacet
  facet normal 0.857706 0.51414 0
    outer loop
      vertex 95.5867 7.64989 36
      vertex 95.4101 7.9445 10
      vertex 95.4101 7.9445 36
    endloop
  endfacet
  facet normal 0.857706 0.51414 0
    outer loop
      vertex 95.4101 7.9445 10
      vertex 95.5867 7.64989 36
      vertex 95.5867 7.64989 10
    endloop
  endfacet
  facet normal -0.970071 0.242823 0
    outer loop
      vertex 24.0673 6.68282 17
      vertex 24.1507 7.016 36
      vertex 24.1507 7.016 17
    endloop
  endfacet
  facet normal -0.970071 0.242823 0
    outer loop
      vertex 24.1507 7.016 36
      vertex 24.0673 6.68282 17
      vertex 24.0673 6.68282 36
    endloop
  endfacet
  facet normal -0.903939 0.427661 0
    outer loop
      vertex 24.2664 7.33939 17
      vertex 24.4133 7.64989 36
      vertex 24.4133 7.64989 17
    endloop
  endfacet
  facet normal -0.903939 0.427661 0
    outer loop
      vertex 24.4133 7.64989 36
      vertex 24.2664 7.33939 17
      vertex 24.2664 7.33939 36
    endloop
  endfacet
  facet normal 0.998789 0.0492029 0
    outer loop
      vertex 96 6 36
      vertex 95.9831 6.34306 10
      vertex 95.9831 6.34306 36
    endloop
  endfacet
  facet normal 0.998789 0.0492029 0
    outer loop
      vertex 95.9831 6.34306 10
      vertex 96 6 36
      vertex 96 6 10
    endloop
  endfacet
  facet normal 0.427542 -0.903996 0
    outer loop
      vertex 93.8394 2.26642 10
      vertex 94.1499 2.41327 36
      vertex 93.8394 2.26642 36
    endloop
  endfacet
  facet normal 0.427542 -0.903996 0
    outer loop
      vertex 94.1499 2.41327 36
      vertex 93.8394 2.26642 10
      vertex 94.1499 2.41327 10
    endloop
  endfacet
  facet normal 0.0490519 0.998796 -0
    outer loop
      vertex 92.8431 9.48315 10
      vertex 92.5 9.5 36
      vertex 92.8431 9.48315 36
    endloop
  endfacet
  facet normal 0.0490519 0.998796 0
    outer loop
      vertex 92.5 9.5 36
      vertex 92.8431 9.48315 10
      vertex 92.5 9.5 10
    endloop
  endfacet
  facet normal 0.903939 -0.427661 0
    outer loop
      vertex 95.5867 3.85011 36
      vertex 95.7336 4.16061 10
      vertex 95.7336 4.16061 36
    endloop
  endfacet
  facet normal 0.903939 -0.427661 0
    outer loop
      vertex 95.7336 4.16061 10
      vertex 95.5867 3.85011 36
      vertex 95.5867 3.85011 10
    endloop
  endfacet
  facet normal -0.671566 0.740944 0
    outer loop
      vertex 25.2796 8.70554 22.2004
      vertex 25.0251 8.47487 36
      vertex 25.2796 8.70554 36
    endloop
  endfacet
  facet normal -0.671697 0.740826 -4.39071e-06
    outer loop
      vertex 25.0899 8.53354 21.9445
      vertex 25.0251 8.47487 36
      vertex 25.2796 8.70554 22.2004
    endloop
  endfacet
  facet normal -0.671174 0.7413 0
    outer loop
      vertex 25.0251 8.47487 36
      vertex 25.0899 8.53354 21.9445
      vertex 25.0251 8.47487 21.8365
    endloop
  endfacet
  facet normal 0.857706 -0.51414 0
    outer loop
      vertex 95.4101 3.5555 36
      vertex 95.5867 3.85011 10
      vertex 95.5867 3.85011 36
    endloop
  endfacet
  facet normal 0.857706 -0.51414 0
    outer loop
      vertex 95.5867 3.85011 10
      vertex 95.4101 3.5555 36
      vertex 95.4101 3.5555 10
    endloop
  endfacet
  facet normal -0.803634 0.595124 0
    outer loop
      vertex 24.631 8 20.9374
      vertex 24.5899 7.9445 20.7731
      vertex 24.631 8 21
    endloop
  endfacet
  facet normal -0.802633 0.596473 2.30185e-05
    outer loop
      vertex 24.5899 7.9445 36
      vertex 24.7945 8.22038 21.3987
      vertex 24.7664 8.18257 21.3394
    endloop
  endfacet
  facet normal -0.802849 0.596183 -0.000410621
    outer loop
      vertex 24.631 8 21
      vertex 24.7664 8.18257 21.3394
      vertex 24.6507 8.02654 21.016
    endloop
  endfacet
  facet normal -0.802816 0.596226 -0.000522172
    outer loop
      vertex 24.631 8 21
      vertex 24.6507 8.02654 21.016
      vertex 24.6467 8.02114 21
    endloop
  endfacet
  facet normal -0.803217 0.595687 3.22553e-06
    outer loop
      vertex 24.7664 8.18257 21.3394
      vertex 24.631 8 21
      vertex 24.5899 7.9445 36
    endloop
  endfacet
  facet normal -0.803634 0.595124 0
    outer loop
      vertex 24.5899 7.9445 36
      vertex 24.631 8 21
      vertex 24.5899 7.9445 20.7731
    endloop
  endfacet
  facet normal -0.803217 0.595687 0
    outer loop
      vertex 24.7945 8.22038 21.3987
      vertex 24.5899 7.9445 36
      vertex 24.7945 8.22038 36
    endloop
  endfacet
  facet normal -0.803634 0.595124 0
    outer loop
      vertex 24.5899 7.9445 17
      vertex 24.631 8 19.0626
      vertex 24.631 8 17
    endloop
  endfacet
  facet normal -0.803634 0.595124 0
    outer loop
      vertex 24.631 8 19.0626
      vertex 24.5899 7.9445 17
      vertex 24.5899 7.9445 19.2269
    endloop
  endfacet
  facet normal -0.427566 0.903984 0
    outer loop
      vertex 26.1606 9.23358 22.9731
      vertex 25.8501 9.08672 36
      vertex 26.1606 9.23358 36
    endloop
  endfacet
  facet normal -0.427565 0.903985 2.01798e-08
    outer loop
      vertex 26.0555 9.18387 22.9101
      vertex 25.8501 9.08672 36
      vertex 26.1606 9.23358 22.9731
    endloop
  endfacet
  facet normal -0.427566 0.903984 0
    outer loop
      vertex 25.8501 9.08672 36
      vertex 26.0555 9.18387 22.9101
      vertex 25.8501 9.08672 22.7578
    endloop
  endfacet
  facet normal -0.857706 0.51414 0
    outer loop
      vertex 24.4133 7.64989 17
      vertex 24.5899 7.9445 19.2269
      vertex 24.5899 7.9445 17
    endloop
  endfacet
  facet normal -0.857788 0.514004 2.45543e-05
    outer loop
      vertex 24.5899 7.9445 19.2269
      vertex 24.4133 7.64989 17
      vertex 24.5673 7.90678 19.3172
    endloop
  endfacet
  facet normal -0.857703 0.514145 3.23506e-06
    outer loop
      vertex 24.5673 7.90678 19.3172
      vertex 24.4133 7.64989 17
      vertex 24.5169 7.8227 19.6569
    endloop
  endfacet
  facet normal -0.857366 0.514707 -4.64311e-05
    outer loop
      vertex 24.5169 7.8227 19.6569
      vertex 24.4133 7.64989 17
      vertex 24.5 7.79458 20
    endloop
  endfacet
  facet normal -0.857809 0.513969 -4.51913e-06
    outer loop
      vertex 24.4133 7.64989 36
      vertex 24.5899 7.9445 20.7731
      vertex 24.5673 7.90678 20.6828
    endloop
  endfacet
  facet normal -0.857708 0.514138 -6.63644e-07
    outer loop
      vertex 24.4133 7.64989 36
      vertex 24.5673 7.90678 20.6828
      vertex 24.5169 7.8227 20.3431
    endloop
  endfacet
  facet normal -0.857183 0.515012 1.2452e-05
    outer loop
      vertex 24.4133 7.64989 36
      vertex 24.5169 7.8227 20.3431
      vertex 24.5 7.79458 20
    endloop
  endfacet
  facet normal -0.857791 0.513999 0
    outer loop
      vertex 24.4133 7.64989 36
      vertex 24.5 7.79458 20
      vertex 24.4133 7.64989 17
    endloop
  endfacet
  facet normal -0.857706 0.51414 0
    outer loop
      vertex 24.5899 7.9445 20.7731
      vertex 24.4133 7.64989 36
      vertex 24.5899 7.9445 36
    endloop
  endfacet
  facet normal 0.998789 -0.0492029 0
    outer loop
      vertex 95.9831 5.15694 36
      vertex 96 5.5 10
      vertex 96 5.5 36
    endloop
  endfacet
  facet normal 0.998789 -0.0492029 0
    outer loop
      vertex 96 5.5 10
      vertex 95.9831 5.15694 36
      vertex 95.9831 5.15694 10
    endloop
  endfacet
  facet normal 0.671566 -0.740944 0
    outer loop
      vertex 94.7204 2.79446 10
      vertex 94.9749 3.02513 36
      vertex 94.7204 2.79446 36
    endloop
  endfacet
  facet normal 0.671566 -0.740944 0
    outer loop
      vertex 94.9749 3.02513 36
      vertex 94.7204 2.79446 10
      vertex 94.9749 3.02513 10
    endloop
  endfacet
  facet normal 0.671566 0.740944 -0
    outer loop
      vertex 94.9749 8.47487 10
      vertex 94.7204 8.70554 36
      vertex 94.9749 8.47487 36
    endloop
  endfacet
  facet normal 0.671566 0.740944 0
    outer loop
      vertex 94.7204 8.70554 36
      vertex 94.9749 8.47487 10
      vertex 94.7204 8.70554 10
    endloop
  endfacet
  facet normal 0.941554 -0.336862 0
    outer loop
      vertex 95.7336 4.16061 36
      vertex 95.8493 4.484 10
      vertex 95.8493 4.484 36
    endloop
  endfacet
  facet normal 0.941554 -0.336862 0
    outer loop
      vertex 95.8493 4.484 10
      vertex 95.7336 4.16061 36
      vertex 95.7336 4.16061 10
    endloop
  endfacet
  facet normal 0.989176 -0.146734 0
    outer loop
      vertex 95.9327 4.81718 36
      vertex 95.9831 5.15694 10
      vertex 95.9831 5.15694 36
    endloop
  endfacet
  facet normal 0.989176 -0.146734 0
    outer loop
      vertex 95.9831 5.15694 10
      vertex 95.9327 4.81718 36
      vertex 95.9327 4.81718 10
    endloop
  endfacet
  facet normal 0.242974 -0.970033 0
    outer loop
      vertex 93.1828 2.06725 10
      vertex 93.516 2.15071 36
      vertex 93.1828 2.06725 36
    endloop
  endfacet
  facet normal 0.242974 -0.970033 0
    outer loop
      vertex 93.516 2.15071 36
      vertex 93.1828 2.06725 10
      vertex 93.516 2.15071 10
    endloop
  endfacet
  facet normal 0.970071 0.242823 0
    outer loop
      vertex 95.9327 6.68282 36
      vertex 95.8493 7.016 10
      vertex 95.8493 7.016 36
    endloop
  endfacet
  facet normal 0.970071 0.242823 0
    outer loop
      vertex 95.8493 7.016 10
      vertex 95.9327 6.68282 36
      vertex 95.9327 6.68282 10
    endloop
  endfacet
  facet normal -0.803407 -0.59543 0
    outer loop
      vertex 24.6741 3.44189 22.2223
      vertex 24.5899 3.5555 36
      vertex 24.5899 3.5555 22.0817
    endloop
  endfacet
  facet normal -0.803086 -0.595863 5.52579e-06
    outer loop
      vertex 24.7945 3.27962 22.3845
      vertex 24.5899 3.5555 36
      vertex 24.6741 3.44189 22.2223
    endloop
  endfacet
  facet normal -0.803217 -0.595687 0
    outer loop
      vertex 24.5899 3.5555 36
      vertex 24.7945 3.27962 22.3845
      vertex 24.7945 3.27962 36
    endloop
  endfacet
  facet normal -0.803407 -0.59543 0
    outer loop
      vertex 24.5899 3.5555 17
      vertex 24.6741 3.44189 17.7777
      vertex 24.5899 3.5555 17.9183
    endloop
  endfacet
  facet normal -0.803217 -0.595687 -0
    outer loop
      vertex 24.7945 3.27962 17.6155
      vertex 24.5899 3.5555 17
      vertex 24.7945 3.27962 17
    endloop
  endfacet
  facet normal -0.803125 -0.595811 -8.61294e-05
    outer loop
      vertex 24.5899 3.5555 17
      vertex 24.7945 3.27962 17.6155
      vertex 24.6741 3.44189 17.7777
    endloop
  endfacet
  facet normal 0.336879 -0.941548 0
    outer loop
      vertex 93.516 2.15071 10
      vertex 93.8394 2.26642 36
      vertex 93.516 2.15071 36
    endloop
  endfacet
  facet normal 0.336879 -0.941548 0
    outer loop
      vertex 93.8394 2.26642 36
      vertex 93.516 2.15071 10
      vertex 93.8394 2.26642 10
    endloop
  endfacet
  facet normal 0.0490519 -0.998796 0
    outer loop
      vertex 92.5 2 10
      vertex 92.8431 2.01685 36
      vertex 92.5 2 36
    endloop
  endfacet
  facet normal 0.0490519 -0.998796 0
    outer loop
      vertex 92.8431 2.01685 36
      vertex 92.5 2 10
      vertex 92.8431 2.01685 10
    endloop
  endfacet
  facet normal 0.14676 -0.989172 0
    outer loop
      vertex 92.8431 2.01685 10
      vertex 93.1828 2.06725 36
      vertex 92.8431 2.01685 36
    endloop
  endfacet
  facet normal 0.14676 -0.989172 0
    outer loop
      vertex 93.1828 2.06725 36
      vertex 92.8431 2.01685 10
      vertex 93.1828 2.06725 10
    endloop
  endfacet
  facet normal 0.741033 -0.671469 0
    outer loop
      vertex 94.9749 3.02513 36
      vertex 95.2055 3.27962 10
      vertex 95.2055 3.27962 36
    endloop
  endfacet
  facet normal 0.741033 -0.671469 0
    outer loop
      vertex 95.2055 3.27962 10
      vertex 94.9749 3.02513 36
      vertex 94.9749 3.02513 10
    endloop
  endfacet
  facet normal 0.803217 0.595687 0
    outer loop
      vertex 95.4101 7.9445 36
      vertex 95.2055 8.22038 10
      vertex 95.2055 8.22038 36
    endloop
  endfacet
  facet normal 0.803217 0.595687 0
    outer loop
      vertex 95.2055 8.22038 10
      vertex 95.4101 7.9445 36
      vertex 95.4101 7.9445 10
    endloop
  endfacet
  facet normal 0.803217 -0.595687 0
    outer loop
      vertex 95.2055 3.27962 36
      vertex 95.4101 3.5555 10
      vertex 95.4101 3.5555 36
    endloop
  endfacet
  facet normal 0.803217 -0.595687 0
    outer loop
      vertex 95.4101 3.5555 10
      vertex 95.2055 3.27962 36
      vertex 95.2055 3.27962 10
    endloop
  endfacet
  facet normal -0.14676 0.989172 0
    outer loop
      vertex 27.1569 9.48315 23.3926
      vertex 26.8172 9.43275 36
      vertex 27.1569 9.48315 36
    endloop
  endfacet
  facet normal -0.146801 0.989166 -1.14579e-06
    outer loop
      vertex 26.984 9.45749 23.3493
      vertex 26.8172 9.43275 36
      vertex 27.1569 9.48315 23.3926
    endloop
  endfacet
  facet normal -0.146716 0.989179 0
    outer loop
      vertex 26.8172 9.43275 36
      vertex 26.984 9.45749 23.3493
      vertex 26.8172 9.43275 23.2896
    endloop
  endfacet
  facet normal -0.336879 0.941548 0
    outer loop
      vertex 26.484 9.34929 23.1501
      vertex 26.1606 9.23358 36
      vertex 26.484 9.34929 36
    endloop
  endfacet
  facet normal -0.336889 0.941545 -2.83906e-07
    outer loop
      vertex 26.3501 9.30138 23.0867
      vertex 26.1606 9.23358 36
      vertex 26.484 9.34929 23.1501
    endloop
  endfacet
  facet normal -0.336871 0.941551 0
    outer loop
      vertex 26.1606 9.23358 36
      vertex 26.3501 9.30138 23.0867
      vertex 26.1606 9.23358 22.9731
    endloop
  endfacet
  facet normal 0.595659 0.803237 -0
    outer loop
      vertex 94.7204 8.70554 10
      vertex 94.4445 8.91014 36
      vertex 94.7204 8.70554 36
    endloop
  endfacet
  facet normal 0.595659 0.803237 0
    outer loop
      vertex 94.4445 8.91014 36
      vertex 94.7204 8.70554 10
      vertex 94.4445 8.91014 10
    endloop
  endfacet
  facet normal 0.514132 -0.857711 0
    outer loop
      vertex 94.1499 2.41327 10
      vertex 94.4445 2.58986 36
      vertex 94.1499 2.41327 36
    endloop
  endfacet
  facet normal 0.514132 -0.857711 0
    outer loop
      vertex 94.4445 2.58986 36
      vertex 94.1499 2.41327 10
      vertex 94.4445 2.58986 10
    endloop
  endfacet
  facet normal 0.51411 0.857724 -0
    outer loop
      vertex 94.4445 8.91014 10
      vertex 94.1499 9.08672 36
      vertex 94.4445 8.91014 36
    endloop
  endfacet
  facet normal 0.51411 0.857724 0
    outer loop
      vertex 94.1499 9.08672 36
      vertex 94.4445 8.91014 10
      vertex 94.1499 9.08672 10
    endloop
  endfacet
  facet normal -0.941554 0.336862 0
    outer loop
      vertex 24.1507 7.016 17
      vertex 24.2664 7.33939 36
      vertex 24.2664 7.33939 17
    endloop
  endfacet
  facet normal -0.941554 0.336862 0
    outer loop
      vertex 24.2664 7.33939 36
      vertex 24.1507 7.016 17
      vertex 24.1507 7.016 36
    endloop
  endfacet
  facet normal 0.336879 0.941548 -0
    outer loop
      vertex 93.8394 9.23358 10
      vertex 93.516 9.34929 36
      vertex 93.8394 9.23358 36
    endloop
  endfacet
  facet normal 0.336879 0.941548 0
    outer loop
      vertex 93.516 9.34929 36
      vertex 93.8394 9.23358 10
      vertex 93.516 9.34929 10
    endloop
  endfacet
  facet normal 0.970071 -0.242823 0
    outer loop
      vertex 95.8493 4.484 36
      vertex 95.9327 4.81718 10
      vertex 95.9327 4.81718 36
    endloop
  endfacet
  facet normal 0.970071 -0.242823 0
    outer loop
      vertex 95.9327 4.81718 10
      vertex 95.8493 4.484 36
      vertex 95.8493 4.484 10
    endloop
  endfacet
  facet normal 0.903939 0.427661 0
    outer loop
      vertex 95.7336 7.33939 36
      vertex 95.5867 7.64989 10
      vertex 95.5867 7.64989 36
    endloop
  endfacet
  facet normal 0.903939 0.427661 0
    outer loop
      vertex 95.5867 7.64989 10
      vertex 95.7336 7.33939 36
      vertex 95.7336 7.33939 10
    endloop
  endfacet
  facet normal -0.741079 0.671418 -1.67513e-06
    outer loop
      vertex 24.7945 8.22038 36
      vertex 25.0251 8.47487 21.8365
      vertex 24.9133 8.35147 21.6499
    endloop
  endfacet
  facet normal -0.740988 0.671518 0
    outer loop
      vertex 24.7945 8.22038 36
      vertex 24.9133 8.35147 21.6499
      vertex 24.7945 8.22038 21.3987
    endloop
  endfacet
  facet normal -0.741033 0.671469 0
    outer loop
      vertex 25.0251 8.47487 21.8365
      vertex 24.7945 8.22038 36
      vertex 25.0251 8.47487 36
    endloop
  endfacet
  facet normal 0.941554 0.336862 0
    outer loop
      vertex 95.8493 7.016 36
      vertex 95.7336 7.33939 10
      vertex 95.7336 7.33939 36
    endloop
  endfacet
  facet normal 0.941554 0.336862 0
    outer loop
      vertex 95.7336 7.33939 10
      vertex 95.8493 7.016 36
      vertex 95.8493 7.016 10
    endloop
  endfacet
  facet normal 0.427566 0.903984 -0
    outer loop
      vertex 94.1499 9.08672 10
      vertex 93.8394 9.23358 36
      vertex 94.1499 9.08672 36
    endloop
  endfacet
  facet normal 0.427566 0.903984 0
    outer loop
      vertex 93.8394 9.23358 36
      vertex 94.1499 9.08672 10
      vertex 93.8394 9.23358 10
    endloop
  endfacet
  facet normal 1 -0 0
    outer loop
      vertex 96 5.5 36
      vertex 96 6 10
      vertex 96 6 36
    endloop
  endfacet
  facet normal 1 0 0
    outer loop
      vertex 96 6 10
      vertex 96 5.5 36
      vertex 96 5.5 10
    endloop
  endfacet
  facet normal -0.427542 -0.903996 0
    outer loop
      vertex 25.8501 2.41327 36
      vertex 26.1606 2.26642 23.5495
      vertex 26.1606 2.26642 36
    endloop
  endfacet
  facet normal -0.42754 -0.903997 6.98988e-08
    outer loop
      vertex 25.8501 2.41327 36
      vertex 26.1144 2.28827 23.5277
      vertex 26.1606 2.26642 23.5495
    endloop
  endfacet
  facet normal -0.427542 -0.903995 0
    outer loop
      vertex 26.1144 2.28827 23.5277
      vertex 25.8501 2.41327 36
      vertex 25.8501 2.41327 23.3693
    endloop
  endfacet
  facet normal 0.14676 0.989172 -0
    outer loop
      vertex 93.1828 9.43275 10
      vertex 92.8431 9.48315 36
      vertex 93.1828 9.43275 36
    endloop
  endfacet
  facet normal 0.14676 0.989172 0
    outer loop
      vertex 92.8431 9.48315 36
      vertex 93.1828 9.43275 10
      vertex 92.8431 9.48315 10
    endloop
  endfacet
  facet normal -0.14676 -0.989172 0
    outer loop
      vertex 26.8172 2.06725 36
      vertex 27.1569 2.01685 23.9074
      vertex 27.1569 2.01685 36
    endloop
  endfacet
  facet normal -0.146789 -0.989168 -8.28375e-07
    outer loop
      vertex 26.8172 2.06725 36
      vertex 26.8389 2.06404 23.8278
      vertex 27.1569 2.01685 23.9074
    endloop
  endfacet
  facet normal -0.146334 -0.989235 0
    outer loop
      vertex 26.8389 2.06404 23.8278
      vertex 26.8172 2.06725 36
      vertex 26.8172 2.06725 23.82
    endloop
  endfacet
  facet normal -0.146334 -0.989235 0
    outer loop
      vertex 26.8172 2.06725 10
      vertex 26.8389 2.06404 16.1722
      vertex 26.8172 2.06725 16.18
    endloop
  endfacet
  facet normal -0.146788 -0.989168 1.63293e-06
    outer loop
      vertex 26.8172 2.06725 10
      vertex 27.1569 2.01685 16.0926
      vertex 26.8389 2.06404 16.1722
    endloop
  endfacet
  facet normal -0.14676 -0.989172 -0
    outer loop
      vertex 27.1569 2.01685 16.0926
      vertex 26.8172 2.06725 10
      vertex 27.1569 2.01685 10
    endloop
  endfacet
  facet normal -0.671566 -0.740944 0
    outer loop
      vertex 25.0251 3.02513 36
      vertex 25.2796 2.79446 22.9264
      vertex 25.2796 2.79446 36
    endloop
  endfacet
  facet normal -0.671724 -0.740802 -5.58093e-06
    outer loop
      vertex 25.0251 3.02513 36
      vertex 25.1716 2.89239 22.8284
      vertex 25.2796 2.79446 22.9264
    endloop
  endfacet
  facet normal -0.671448 -0.741051 0
    outer loop
      vertex 25.1716 2.89239 22.8284
      vertex 25.0251 3.02513 36
      vertex 25.0251 3.02513 22.6668
    endloop
  endfacet
  facet normal -0.671448 -0.741051 0
    outer loop
      vertex 25.0251 3.02513 17
      vertex 25.1716 2.89239 17.1716
      vertex 25.0251 3.02513 17.3332
    endloop
  endfacet
  facet normal -0.671605 -0.740909 0.000243855
    outer loop
      vertex 25.0251 3.02513 17
      vertex 25.2796 2.79446 17.0736
      vertex 25.1716 2.89239 17.1716
    endloop
  endfacet
  facet normal -0.671566 -0.740944 -0
    outer loop
      vertex 25.2796 2.79446 17.0736
      vertex 25.0251 3.02513 17
      vertex 25.2796 2.79446 17
    endloop
  endfacet
  facet normal -0.903813 -0.427927 0
    outer loop
      vertex 24.3045 4.08014 21.5307
      vertex 24.2664 4.16061 36
      vertex 24.2664 4.16061 21.4244
    endloop
  endfacet
  facet normal -0.903982 -0.42757 -2.43276e-06
    outer loop
      vertex 24.4133 3.85011 21.7608
      vertex 24.2664 4.16061 36
      vertex 24.3045 4.08014 21.5307
    endloop
  endfacet
  facet normal -0.903939 -0.427661 0
    outer loop
      vertex 24.2664 4.16061 36
      vertex 24.4133 3.85011 21.7608
      vertex 24.4133 3.85011 36
    endloop
  endfacet
  facet normal -0.903813 -0.427927 0
    outer loop
      vertex 24.2664 4.16061 17
      vertex 24.3045 4.08014 18.4693
      vertex 24.2664 4.16061 18.5756
    endloop
  endfacet
  facet normal -0.903939 -0.427661 -0
    outer loop
      vertex 24.4133 3.85011 18.2392
      vertex 24.2664 4.16061 17
      vertex 24.4133 3.85011 17
    endloop
  endfacet
  facet normal -0.903975 -0.427586 2.2839e-05
    outer loop
      vertex 24.2664 4.16061 17
      vertex 24.4133 3.85011 18.2392
      vertex 24.3045 4.08014 18.4693
    endloop
  endfacet
  facet normal -0.514132 -0.857711 0
    outer loop
      vertex 25.5555 2.58986 36
      vertex 25.8501 2.41327 23.3693
      vertex 25.8501 2.41327 36
    endloop
  endfacet
  facet normal -0.514147 -0.857702 -4.84699e-07
    outer loop
      vertex 25.5555 2.58986 36
      vertex 25.7777 2.45667 23.3259
      vertex 25.8501 2.41327 23.3693
    endloop
  endfacet
  facet normal -0.514127 -0.857714 0
    outer loop
      vertex 25.7777 2.45667 23.3259
      vertex 25.5555 2.58986 36
      vertex 25.5555 2.58986 23.1611
    endloop
  endfacet
  facet normal -0.595659 -0.803237 0
    outer loop
      vertex 25.2796 2.79446 36
      vertex 25.5555 2.58986 23.1611
      vertex 25.5555 2.58986 36
    endloop
  endfacet
  facet normal -0.595602 -0.80328 1.90705e-06
    outer loop
      vertex 25.2796 2.79446 36
      vertex 25.4624 2.65889 23.092
      vertex 25.5555 2.58986 23.1611
    endloop
  endfacet
  facet normal -0.595689 -0.803215 0
    outer loop
      vertex 25.4624 2.65889 23.092
      vertex 25.2796 2.79446 36
      vertex 25.2796 2.79446 22.9264
    endloop
  endfacet
  facet normal -0.595469 -0.803379 -0
    outer loop
      vertex 25.2796 2.79446 17.0736
      vertex 25.2796 2.79446 17
      vertex 25.3609 2.7342 17
    endloop
  endfacet
  facet normal -0.970068 -0.242833 0
    outer loop
      vertex 24.0769 4.77883 20.7804
      vertex 24.0673 4.81718 36
      vertex 24.0673 4.81718 20.7156
    endloop
  endfacet
  facet normal -0.970071 -0.242822 -2.97588e-08
    outer loop
      vertex 24.1507 4.484 21.0752
      vertex 24.0673 4.81718 36
      vertex 24.0769 4.77883 20.7804
    endloop
  endfacet
  facet normal -0.970071 -0.242823 0
    outer loop
      vertex 24.0673 4.81718 36
      vertex 24.1507 4.484 21.0752
      vertex 24.1507 4.484 36
    endloop
  endfacet
  facet normal -0.970068 -0.242833 0
    outer loop
      vertex 24.0673 4.81718 17
      vertex 24.0769 4.77883 19.2196
      vertex 24.0673 4.81718 19.2844
    endloop
  endfacet
  facet normal -0.970071 -0.242823 -0
    outer loop
      vertex 24.1507 4.484 18.9248
      vertex 24.0673 4.81718 17
      vertex 24.1507 4.484 17
    endloop
  endfacet
  facet normal -0.970071 -0.242822 2.01093e-07
    outer loop
      vertex 24.0673 4.81718 17
      vertex 24.1507 4.484 18.9248
      vertex 24.0769 4.77883 19.2196
    endloop
  endfacet
  facet normal 0 0 1
    outer loop
      vertex 34 9.5 36
      vertex 27.5 9.5 36
      vertex 34 7.5 36
    endloop
  endfacet
  facet normal 0 0 1
    outer loop
      vertex 92.5 9.5 36
      vertex 96 6 36
      vertex 95.9831 6.34306 36
    endloop
  endfacet
  facet normal -0 0 1
    outer loop
      vertex 89 7.5 36
      vertex 96 6 36
      vertex 92.5 9.5 36
    endloop
  endfacet
  facet normal 0 0 1
    outer loop
      vertex 92.5 9.5 36
      vertex 95.9831 6.34306 36
      vertex 95.9327 6.68282 36
    endloop
  endfacet
  facet normal 0 0 1
    outer loop
      vertex 96 6 36
      vertex 89 7.5 36
      vertex 96 5.5 36
    endloop
  endfacet
  facet normal 0 0 1
    outer loop
      vertex 92.5 9.5 36
      vertex 95.9327 6.68282 36
      vertex 95.8493 7.016 36
    endloop
  endfacet
  facet normal 0 -0 1
    outer loop
      vertex 92.5 2 36
      vertex 96 5.5 36
      vertex 89 7.5 36
    endloop
  endfacet
  facet normal 0 0 1
    outer loop
      vertex 92.5 9.5 36
      vertex 95.8493 7.016 36
      vertex 95.7336 7.33939 36
    endloop
  endfacet
  facet normal 0 0 1
    outer loop
      vertex 95.9831 5.15694 36
      vertex 92.5 2 36
      vertex 95.9327 4.81718 36
    endloop
  endfacet
  facet normal 0 0 1
    outer loop
      vertex 92.5 9.5 36
      vertex 95.7336 7.33939 36
      vertex 95.5867 7.64989 36
    endloop
  endfacet
  facet normal 0 0 1
    outer loop
      vertex 95.9327 4.81718 36
      vertex 92.5 2 36
      vertex 95.8493 4.484 36
    endloop
  endfacet
  facet normal 0 0 1
    outer loop
      vertex 95.2055 8.22038 36
      vertex 95.5867 7.64989 36
      vertex 95.4101 7.9445 36
    endloop
  endfacet
  facet normal 0 0 1
    outer loop
      vertex 94.9749 8.47487 36
      vertex 95.5867 7.64989 36
      vertex 95.2055 8.22038 36
    endloop
  endfacet
  facet normal 0 0 1
    outer loop
      vertex 94.7204 8.70554 36
      vertex 95.5867 7.64989 36
      vertex 94.9749 8.47487 36
    endloop
  endfacet
  facet normal 0 0 1
    outer loop
      vertex 95.5867 3.85011 36
      vertex 95.2055 3.27962 36
      vertex 95.4101 3.5555 36
    endloop
  endfacet
  facet normal 0 0 1
    outer loop
      vertex 94.4445 8.91014 36
      vertex 95.5867 7.64989 36
      vertex 94.7204 8.70554 36
    endloop
  endfacet
  facet normal 0 0 1
    outer loop
      vertex 95.5867 3.85011 36
      vertex 94.9749 3.02513 36
      vertex 95.2055 3.27962 36
    endloop
  endfacet
  facet normal 0 0 1
    outer loop
      vertex 94.1499 9.08672 36
      vertex 95.5867 7.64989 36
      vertex 94.4445 8.91014 36
    endloop
  endfacet
  facet normal 0 0 1
    outer loop
      vertex 95.5867 3.85011 36
      vertex 94.7204 2.79446 36
      vertex 94.9749 3.02513 36
    endloop
  endfacet
  facet normal 0 0 1
    outer loop
      vertex 93.8394 9.23358 36
      vertex 95.5867 7.64989 36
      vertex 94.1499 9.08672 36
    endloop
  endfacet
  facet normal 0 0 1
    outer loop
      vertex 95.5867 3.85011 36
      vertex 94.4445 2.58986 36
      vertex 94.7204 2.79446 36
    endloop
  endfacet
  facet normal 0 0 1
    outer loop
      vertex 93.516 9.34929 36
      vertex 95.5867 7.64989 36
      vertex 93.8394 9.23358 36
    endloop
  endfacet
  facet normal 0 0 1
    outer loop
      vertex 95.5867 3.85011 36
      vertex 94.1499 2.41327 36
      vertex 94.4445 2.58986 36
    endloop
  endfacet
  facet normal 0 0 1
    outer loop
      vertex 93.1828 9.43275 36
      vertex 95.5867 7.64989 36
      vertex 93.516 9.34929 36
    endloop
  endfacet
  facet normal 0 0 1
    outer loop
      vertex 95.5867 3.85011 36
      vertex 93.8394 2.26642 36
      vertex 94.1499 2.41327 36
    endloop
  endfacet
  facet normal 0 0 1
    outer loop
      vertex 92.8431 9.48315 36
      vertex 95.5867 7.64989 36
      vertex 93.1828 9.43275 36
    endloop
  endfacet
  facet normal 0 0 1
    outer loop
      vertex 95.5867 3.85011 36
      vertex 93.516 2.15071 36
      vertex 93.8394 2.26642 36
    endloop
  endfacet
  facet normal 0 0 1
    outer loop
      vertex 92.5 9.5 36
      vertex 95.5867 7.64989 36
      vertex 92.8431 9.48315 36
    endloop
  endfacet
  facet normal 0 0 1
    outer loop
      vertex 95.5867 3.85011 36
      vertex 93.1828 2.06725 36
      vertex 93.516 2.15071 36
    endloop
  endfacet
  facet normal 0 0 1
    outer loop
      vertex 95.8493 4.484 36
      vertex 92.5 2 36
      vertex 95.7336 4.16061 36
    endloop
  endfacet
  facet normal 0 0 1
    outer loop
      vertex 95.5867 3.85011 36
      vertex 92.8431 2.01685 36
      vertex 93.1828 2.06725 36
    endloop
  endfacet
  facet normal 0 0 1
    outer loop
      vertex 95.7336 4.16061 36
      vertex 92.5 2 36
      vertex 95.5867 3.85011 36
    endloop
  endfacet
  facet normal 0 0 1
    outer loop
      vertex 95.5867 3.85011 36
      vertex 92.5 2 36
      vertex 92.8431 2.01685 36
    endloop
  endfacet
  facet normal 0 0 1
    outer loop
      vertex 89 7.5 36
      vertex 92.5 9.5 36
      vertex 89 9.5 36
    endloop
  endfacet
  facet normal 0 0 1
    outer loop
      vertex 96 5.5 36
      vertex 92.5 2 36
      vertex 95.9831 5.15694 36
    endloop
  endfacet
  facet normal -0 0 1
    outer loop
      vertex 34 7.5 36
      vertex 92.5 2 36
      vertex 89 7.5 36
    endloop
  endfacet
  facet normal 0 0 1
    outer loop
      vertex 34 7.5 36
      vertex 27.5 2 36
      vertex 92.5 2 36
    endloop
  endfacet
  facet normal 0 0 1
    outer loop
      vertex 27.5 9.5 36
      vertex 27.5 2 36
      vertex 34 7.5 36
    endloop
  endfacet
  facet normal 0 0 1
    outer loop
      vertex 24 6 36
      vertex 27.5 9.5 36
      vertex 27.1569 9.48315 36
    endloop
  endfacet
  facet normal 0 0 1
    outer loop
      vertex 27.5 9.5 36
      vertex 24 6 36
      vertex 27.5 2 36
    endloop
  endfacet
  facet normal 0 0 1
    outer loop
      vertex 24 6 36
      vertex 27.1569 9.48315 36
      vertex 26.8172 9.43275 36
    endloop
  endfacet
  facet normal -0 0 1
    outer loop
      vertex 24 5.5 36
      vertex 27.5 2 36
      vertex 24 6 36
    endloop
  endfacet
  facet normal 0 0 1
    outer loop
      vertex 24 6 36
      vertex 26.8172 9.43275 36
      vertex 26.484 9.34929 36
    endloop
  endfacet
  facet normal 0 0 1
    outer loop
      vertex 27.5 2 36
      vertex 24 5.5 36
      vertex 27.1569 2.01685 36
    endloop
  endfacet
  facet normal 0 0 1
    outer loop
      vertex 24 6 36
      vertex 26.484 9.34929 36
      vertex 26.1606 9.23358 36
    endloop
  endfacet
  facet normal 0 0 1
    outer loop
      vertex 27.1569 2.01685 36
      vertex 24 5.5 36
      vertex 26.8172 2.06725 36
    endloop
  endfacet
  facet normal 0 0 1
    outer loop
      vertex 24 6 36
      vertex 26.1606 9.23358 36
      vertex 25.8501 9.08672 36
    endloop
  endfacet
  facet normal 0 0 1
    outer loop
      vertex 26.8172 2.06725 36
      vertex 24 5.5 36
      vertex 26.484 2.15071 36
    endloop
  endfacet
  facet normal 0 0 1
    outer loop
      vertex 24 6 36
      vertex 25.8501 9.08672 36
      vertex 25.5555 8.91014 36
    endloop
  endfacet
  facet normal 0 0 1
    outer loop
      vertex 26.484 2.15071 36
      vertex 24 5.5 36
      vertex 26.1606 2.26642 36
    endloop
  endfacet
  facet normal 0 0 1
    outer loop
      vertex 24 6 36
      vertex 25.5555 8.91014 36
      vertex 25.2796 8.70554 36
    endloop
  endfacet
  facet normal 0 0 1
    outer loop
      vertex 26.1606 2.26642 36
      vertex 24 5.5 36
      vertex 25.8501 2.41327 36
    endloop
  endfacet
  facet normal 0 0 1
    outer loop
      vertex 24 6 36
      vertex 25.2796 8.70554 36
      vertex 25.0251 8.47487 36
    endloop
  endfacet
  facet normal 0 0 1
    outer loop
      vertex 25.8501 2.41327 36
      vertex 24 5.5 36
      vertex 25.5555 2.58986 36
    endloop
  endfacet
  facet normal 0 0 1
    outer loop
      vertex 24 6 36
      vertex 25.0251 8.47487 36
      vertex 24.7945 8.22038 36
    endloop
  endfacet
  facet normal 0 0 1
    outer loop
      vertex 25.5555 2.58986 36
      vertex 24 5.5 36
      vertex 25.2796 2.79446 36
    endloop
  endfacet
  facet normal 0 0 1
    outer loop
      vertex 24 6 36
      vertex 24.7945 8.22038 36
      vertex 24.5899 7.9445 36
    endloop
  endfacet
  facet normal 0 0 1
    outer loop
      vertex 25.2796 2.79446 36
      vertex 24 5.5 36
      vertex 25.0251 3.02513 36
    endloop
  endfacet
  facet normal 0 0 1
    outer loop
      vertex 24 6 36
      vertex 24.5899 7.9445 36
      vertex 24.4133 7.64989 36
    endloop
  endfacet
  facet normal 0 0 1
    outer loop
      vertex 25.0251 3.02513 36
      vertex 24 5.5 36
      vertex 24.7945 3.27962 36
    endloop
  endfacet
  facet normal 0 0 1
    outer loop
      vertex 24 6 36
      vertex 24.4133 7.64989 36
      vertex 24.2664 7.33939 36
    endloop
  endfacet
  facet normal 0 0 1
    outer loop
      vertex 24.7945 3.27962 36
      vertex 24 5.5 36
      vertex 24.5899 3.5555 36
    endloop
  endfacet
  facet normal 0 0 1
    outer loop
      vertex 24 6 36
      vertex 24.2664 7.33939 36
      vertex 24.1507 7.016 36
    endloop
  endfacet
  facet normal 0 0 1
    outer loop
      vertex 24.5899 3.5555 36
      vertex 24 5.5 36
      vertex 24.4133 3.85011 36
    endloop
  endfacet
  facet normal 0 0 1
    outer loop
      vertex 24 6 36
      vertex 24.1507 7.016 36
      vertex 24.0673 6.68282 36
    endloop
  endfacet
  facet normal 0 0 1
    outer loop
      vertex 24.4133 3.85011 36
      vertex 24 5.5 36
      vertex 24.2664 4.16061 36
    endloop
  endfacet
  facet normal 0 0 1
    outer loop
      vertex 24 6 36
      vertex 24.0673 6.68282 36
      vertex 24.0169 6.34306 36
    endloop
  endfacet
  facet normal 0 0 1
    outer loop
      vertex 24.2664 4.16061 36
      vertex 24 5.5 36
      vertex 24.1507 4.484 36
    endloop
  endfacet
  facet normal 0 0 1
    outer loop
      vertex 24.1507 4.484 36
      vertex 24 5.5 36
      vertex 24.0673 4.81718 36
    endloop
  endfacet
  facet normal 0 0 1
    outer loop
      vertex 24.0673 4.81718 36
      vertex 24 5.5 36
      vertex 24.0169 5.15694 36
    endloop
  endfacet
  facet normal -0.242974 -0.970033 0
    outer loop
      vertex 26.484 2.15071 36
      vertex 26.8172 2.06725 23.82
      vertex 26.8172 2.06725 36
    endloop
  endfacet
  facet normal -0.242974 -0.970033 0
    outer loop
      vertex 26.8172 2.06725 23.82
      vertex 26.484 2.15071 36
      vertex 26.484 2.15071 23.7008
    endloop
  endfacet
  facet normal -0.242974 -0.970033 0
    outer loop
      vertex 26.484 2.15071 10
      vertex 26.8172 2.06725 16.18
      vertex 26.484 2.15071 16.2992
    endloop
  endfacet
  facet normal -0.242974 -0.970033 -0
    outer loop
      vertex 26.8172 2.06725 16.18
      vertex 26.484 2.15071 10
      vertex 26.8172 2.06725 10
    endloop
  endfacet
  facet normal -0.74093 -0.671582 0
    outer loop
      vertex 24.908 3.1544 22.5376
      vertex 24.7945 3.27962 36
      vertex 24.7945 3.27962 22.3845
    endloop
  endfacet
  facet normal -0.74113 -0.671361 -3.74814e-06
    outer loop
      vertex 25.0251 3.02513 22.6668
      vertex 24.7945 3.27962 36
      vertex 24.908 3.1544 22.5376
    endloop
  endfacet
  facet normal -0.741033 -0.671469 0
    outer loop
      vertex 24.7945 3.27962 36
      vertex 25.0251 3.02513 22.6668
      vertex 25.0251 3.02513 36
    endloop
  endfacet
  facet normal -0.74093 -0.671582 0
    outer loop
      vertex 24.7945 3.27962 17
      vertex 24.908 3.1544 17.4624
      vertex 24.7945 3.27962 17.6155
    endloop
  endfacet
  facet normal -0.741033 -0.671469 -0
    outer loop
      vertex 25.0251 3.02513 17.3332
      vertex 24.7945 3.27962 17
      vertex 25.0251 3.02513 17
    endloop
  endfacet
  facet normal -0.741089 -0.671407 8.66734e-05
    outer loop
      vertex 24.7945 3.27962 17
      vertex 25.0251 3.02513 17.3332
      vertex 24.908 3.1544 17.4624
    endloop
  endfacet
  facet normal -0.336842 -0.941561 0
    outer loop
      vertex 26.2925 2.21923 10
      vertex 26.4693 2.15598 16.3045
      vertex 26.2925 2.21923 16.3881
    endloop
  endfacet
  facet normal -0.337466 -0.941338 1.97191e-05
    outer loop
      vertex 26.2925 2.21923 10
      vertex 26.484 2.15071 16.2992
      vertex 26.4693 2.15598 16.3045
    endloop
  endfacet
  facet normal -0.336891 -0.941544 -0
    outer loop
      vertex 26.484 2.15071 16.2992
      vertex 26.2925 2.21923 10
      vertex 26.484 2.15071 10
    endloop
  endfacet
  facet normal -0.336879 -0.941548 0
    outer loop
      vertex 26.1606 2.26642 36
      vertex 26.484 2.15071 23.7008
      vertex 26.484 2.15071 36
    endloop
  endfacet
  facet normal -0.337466 -0.941338 -1.74381e-05
    outer loop
      vertex 26.1606 2.26642 36
      vertex 26.4693 2.15598 23.6955
      vertex 26.484 2.15071 23.7008
    endloop
  endfacet
  facet normal -0.33685 -0.941558 0
    outer loop
      vertex 26.4693 2.15598 23.6955
      vertex 26.1606 2.26642 36
      vertex 26.1606 2.26642 23.5495
    endloop
  endfacet
  facet normal -0.941689 -0.336485 0
    outer loop
      vertex 24.1722 4.42383 21.1611
      vertex 24.1507 4.484 36
      vertex 24.1507 4.484 21.0752
    endloop
  endfacet
  facet normal -0.941524 -0.336946 2.10885e-06
    outer loop
      vertex 24.2664 4.16061 21.4244
      vertex 24.1507 4.484 36
      vertex 24.1722 4.42383 21.1611
    endloop
  endfacet
  facet normal -0.941554 -0.336862 0
    outer loop
      vertex 24.1507 4.484 36
      vertex 24.2664 4.16061 21.4244
      vertex 24.2664 4.16061 36
    endloop
  endfacet
  facet normal -0.941689 -0.336485 0
    outer loop
      vertex 24.1507 4.484 17
      vertex 24.1722 4.42383 18.8389
      vertex 24.1507 4.484 18.9248
    endloop
  endfacet
  facet normal -0.941554 -0.336862 -0
    outer loop
      vertex 24.2664 4.16061 18.5756
      vertex 24.1507 4.484 17
      vertex 24.2664 4.16061 17
    endloop
  endfacet
  facet normal -0.941528 -0.336933 -1.65448e-05
    outer loop
      vertex 24.1507 4.484 17
      vertex 24.2664 4.16061 18.5756
      vertex 24.1722 4.42383 18.8389
    endloop
  endfacet
  facet normal -0.989203 -0.146549 0
    outer loop
      vertex 24.0193 19.6407 20.3921
      vertex 24.0169 19.6569 36
      vertex 24.0169 19.6569 20.3431
    endloop
  endfacet
  facet normal -0.989171 -0.14677 2.34846e-07
    outer loop
      vertex 24.0673 19.3172 20.7156
      vertex 24.0169 19.6569 36
      vertex 24.0193 19.6407 20.3921
    endloop
  endfacet
  facet normal -0.989172 -0.14676 0
    outer loop
      vertex 24.0169 19.6569 36
      vertex 24.0673 19.3172 20.7156
      vertex 24.0673 19.3172 36
    endloop
  endfacet
  facet normal -0.989203 -0.146549 0
    outer loop
      vertex 24.0169 19.6569 17
      vertex 24.0193 19.6407 19.6079
      vertex 24.0169 19.6569 19.6569
    endloop
  endfacet
  facet normal -0.989172 -0.14676 -0
    outer loop
      vertex 24.0673 19.3172 19.2844
      vertex 24.0169 19.6569 17
      vertex 24.0673 19.3172 17
    endloop
  endfacet
  facet normal -0.989171 -0.146769 -1.39829e-06
    outer loop
      vertex 24.0169 19.6569 17
      vertex 24.0673 19.3172 19.2844
      vertex 24.0193 19.6407 19.6079
    endloop
  endfacet
  facet normal 0.595659 -0.803237 0
    outer loop
      vertex 94.4445 17.0899 10
      vertex 94.7204 17.2945 36
      vertex 94.4445 17.0899 36
    endloop
  endfacet
  facet normal 0.595659 -0.803237 0
    outer loop
      vertex 94.7204 17.2945 36
      vertex 94.4445 17.0899 10
      vertex 94.7204 17.2945 10
    endloop
  endfacet
  facet normal -0.998789 -0.0491971 0
    outer loop
      vertex 24.0169 19.6569 20.3431
      vertex 24 20 36
      vertex 24 20 20
    endloop
  endfacet
  facet normal -0.998789 -0.0491971 0
    outer loop
      vertex 24 20 36
      vertex 24.0169 19.6569 20.3431
      vertex 24.0169 19.6569 36
    endloop
  endfacet
  facet normal -0.998789 -0.0491971 -0
    outer loop
      vertex 24.0169 19.6569 19.6569
      vertex 24 20 17
      vertex 24.0169 19.6569 17
    endloop
  endfacet
  facet normal -0.998789 -0.0491971 0
    outer loop
      vertex 24 20 17
      vertex 24.0169 19.6569 19.6569
      vertex 24 20 20
    endloop
  endfacet
  facet normal 0 1 -0
    outer loop
      vertex 92.5 24 10
      vertex 27.5 24 36
      vertex 92.5 24 36
    endloop
  endfacet
  facet normal 0 1 0
    outer loop
      vertex 27.5 24 36
      vertex 92.5 24 10
      vertex 27.5 24 10
    endloop
  endfacet
  facet normal -0.514153 0.857698 0
    outer loop
      vertex 25.8501 23.5867 17
      vertex 25.5555 23.4101 36
      vertex 25.8501 23.5867 36
    endloop
  endfacet
  facet normal -0.514153 0.857698 0
    outer loop
      vertex 25.5555 23.4101 36
      vertex 25.8501 23.5867 17
      vertex 25.5555 23.4101 17
    endloop
  endfacet
  facet normal 0.741046 0.671454 0
    outer loop
      vertex 95.2055 22.7204 36
      vertex 94.9749 22.9749 10
      vertex 94.9749 22.9749 36
    endloop
  endfacet
  facet normal 0.741046 0.671454 0
    outer loop
      vertex 94.9749 22.9749 10
      vertex 95.2055 22.7204 36
      vertex 95.2055 22.7204 10
    endloop
  endfacet
  facet normal -0.0491971 -0.998789 0
    outer loop
      vertex 27.1569 16.5169 36
      vertex 27.5 16.5 23.9647
      vertex 27.5 16.5 36
    endloop
  endfacet
  facet normal -0.0491561 -0.998791 1.17298e-06
    outer loop
      vertex 27.1569 16.5169 36
      vertex 27.2196 16.5138 23.9231
      vertex 27.5 16.5 23.9647
    endloop
  endfacet
  facet normal -0.0493815 -0.99878 0
    outer loop
      vertex 27.2196 16.5138 23.9231
      vertex 27.1569 16.5169 36
      vertex 27.1569 16.5169 23.9074
    endloop
  endfacet
  facet normal -1 0 0
    outer loop
      vertex 24 20 20
      vertex 24 20.5 17
      vertex 24 20 17
    endloop
  endfacet
  facet normal -1 0 0
    outer loop
      vertex 24 20.5 17
      vertex 24 20 20
      vertex 24 20.5 36
    endloop
  endfacet
  facet normal -1 -0 0
    outer loop
      vertex 24 20.5 36
      vertex 24 20 20
      vertex 24 20 36
    endloop
  endfacet
  facet normal 0.989172 0.14676 0
    outer loop
      vertex 95.9831 20.8431 36
      vertex 95.9327 21.1828 10
      vertex 95.9327 21.1828 36
    endloop
  endfacet
  facet normal 0.989172 0.14676 0
    outer loop
      vertex 95.9327 21.1828 10
      vertex 95.9831 20.8431 36
      vertex 95.9831 20.8431 10
    endloop
  endfacet
  facet normal -0.24281 0.970074 0
    outer loop
      vertex 26.8172 23.9327 10
      vertex 26.484 23.8493 36
      vertex 26.8172 23.9327 36
    endloop
  endfacet
  facet normal -0.24281 0.970074 0
    outer loop
      vertex 26.484 23.8493 36
      vertex 26.8172 23.9327 10
      vertex 26.484 23.8493 10
    endloop
  endfacet
  facet normal -0.998789 0.0491971 0
    outer loop
      vertex 24 20.5 17
      vertex 24.0169 20.8431 36
      vertex 24.0169 20.8431 17
    endloop
  endfacet
  facet normal -0.998789 0.0491971 0
    outer loop
      vertex 24.0169 20.8431 36
      vertex 24 20.5 17
      vertex 24 20.5 36
    endloop
  endfacet
  facet normal 0.24281 0.970074 -0
    outer loop
      vertex 93.516 23.8493 10
      vertex 93.1828 23.9327 36
      vertex 93.516 23.8493 36
    endloop
  endfacet
  facet normal 0.24281 0.970074 0
    outer loop
      vertex 93.1828 23.9327 36
      vertex 93.516 23.8493 10
      vertex 93.1828 23.9327 10
    endloop
  endfacet
  facet normal 0 -1 0
    outer loop
      vertex 28.3921 16.5 23.9807
      vertex 27.5 16.5 36
      vertex 28 16.5 24
    endloop
  endfacet
  facet normal 0 -1 0
    outer loop
      vertex 27.5 16.5 36
      vertex 27.6079 16.5 23.9807
      vertex 28 16.5 24
    endloop
  endfacet
  facet normal -0 -1 0
    outer loop
      vertex 27.6079 16.5 23.9807
      vertex 27.5 16.5 36
      vertex 27.5 16.5 23.9647
    endloop
  endfacet
  facet normal 0 -1 0
    outer loop
      vertex 28.7804 16.5 23.9231
      vertex 27.5 16.5 36
      vertex 28.3921 16.5 23.9807
    endloop
  endfacet
  facet normal 0 -1 0
    outer loop
      vertex 29.1611 16.5 23.8278
      vertex 27.5 16.5 36
      vertex 28.7804 16.5 23.9231
    endloop
  endfacet
  facet normal 0 -1 0
    outer loop
      vertex 27.5 16.5 36
      vertex 29.1611 16.5 23.8278
      vertex 34 16.5 36
    endloop
  endfacet
  facet normal 0 -1 0
    outer loop
      vertex 29.5307 16.5 23.6955
      vertex 34 16.5 36
      vertex 29.1611 16.5 23.8278
    endloop
  endfacet
  facet normal 0 -1 0
    outer loop
      vertex 29.8856 16.5 23.5277
      vertex 34 16.5 36
      vertex 29.5307 16.5 23.6955
    endloop
  endfacet
  facet normal 0 -1 0
    outer loop
      vertex 30.2223 16.5 23.3259
      vertex 34 16.5 36
      vertex 29.8856 16.5 23.5277
    endloop
  endfacet
  facet normal 0 -1 0
    outer loop
      vertex 30.5376 16.5 23.092
      vertex 34 16.5 36
      vertex 30.2223 16.5 23.3259
    endloop
  endfacet
  facet normal 0 -1 0
    outer loop
      vertex 30.8284 16.5 22.8284
      vertex 34 16.5 36
      vertex 30.5376 16.5 23.092
    endloop
  endfacet
  facet normal 0 -1 0
    outer loop
      vertex 31.092 16.5 22.5376
      vertex 34 16.5 36
      vertex 30.8284 16.5 22.8284
    endloop
  endfacet
  facet normal 0 -1 0
    outer loop
      vertex 31.3259 16.5 22.2223
      vertex 34 16.5 36
      vertex 31.092 16.5 22.5376
    endloop
  endfacet
  facet normal 0 -1 0
    outer loop
      vertex 31.5277 16.5 21.8856
      vertex 34 16.5 36
      vertex 31.3259 16.5 22.2223
    endloop
  endfacet
  facet normal 0 -1 0
    outer loop
      vertex 31.6955 16.5 21.5307
      vertex 34 16.5 36
      vertex 31.5277 16.5 21.8856
    endloop
  endfacet
  facet normal 0 -1 0
    outer loop
      vertex 31.8278 16.5 21.1611
      vertex 34 16.5 36
      vertex 31.6955 16.5 21.5307
    endloop
  endfacet
  facet normal 0 -1 0
    outer loop
      vertex 34 16.5 17
      vertex 31.8278 16.5 21.1611
      vertex 31.9231 16.5 20.7804
    endloop
  endfacet
  facet normal 0 -1 0
    outer loop
      vertex 34 16.5 17
      vertex 31.9231 16.5 20.7804
      vertex 31.9807 16.5 20.3921
    endloop
  endfacet
  facet normal 0 -1 0
    outer loop
      vertex 34 16.5 17
      vertex 31.9807 16.5 20.3921
      vertex 32 16.5 20
    endloop
  endfacet
  facet normal 0 -1 0
    outer loop
      vertex 34 16.5 17
      vertex 32 16.5 20
      vertex 31.9807 16.5 19.6079
    endloop
  endfacet
  facet normal 0 -1 0
    outer loop
      vertex 31.8278 16.5 21.1611
      vertex 34 16.5 17
      vertex 34 16.5 36
    endloop
  endfacet
  facet normal 0 -1 0
    outer loop
      vertex 31.9231 16.5 19.2196
      vertex 34 16.5 17
      vertex 31.9807 16.5 19.6079
    endloop
  endfacet
  facet normal 0 -1 0
    outer loop
      vertex 31.8278 16.5 18.8389
      vertex 34 16.5 17
      vertex 31.9231 16.5 19.2196
    endloop
  endfacet
  facet normal 0 -1 0
    outer loop
      vertex 31.6955 16.5 18.4693
      vertex 34 16.5 17
      vertex 31.8278 16.5 18.8389
    endloop
  endfacet
  facet normal 0 -1 0
    outer loop
      vertex 31.5277 16.5 18.1144
      vertex 34 16.5 17
      vertex 31.6955 16.5 18.4693
    endloop
  endfacet
  facet normal 0 -1 0
    outer loop
      vertex 31.3259 16.5 17.7777
      vertex 34 16.5 17
      vertex 31.5277 16.5 18.1144
    endloop
  endfacet
  facet normal 0 -1 0
    outer loop
      vertex 31.092 16.5 17.4624
      vertex 34 16.5 17
      vertex 31.3259 16.5 17.7777
    endloop
  endfacet
  facet normal 0 -1 0
    outer loop
      vertex 30.8284 16.5 17.1716
      vertex 34 16.5 17
      vertex 31.092 16.5 17.4624
    endloop
  endfacet
  facet normal 0 -1 0
    outer loop
      vertex 34 16.5 17
      vertex 30.8284 16.5 17.1716
      vertex 30.6391 16.5 17
    endloop
  endfacet
  facet normal 0 -1 0
    outer loop
      vertex 38.5943 16.5 16
      vertex 38.5943 16.5 10
      vertex 89 16.5 16
    endloop
  endfacet
  facet normal 0 -1 0
    outer loop
      vertex 89 16.5 16
      vertex 92.5 16.5 36
      vertex 89 16.5 36
    endloop
  endfacet
  facet normal 0 -1 0
    outer loop
      vertex 89 16.5 16
      vertex 92.5 16.5 10
      vertex 92.5 16.5 36
    endloop
  endfacet
  facet normal 0 -1 0
    outer loop
      vertex 92.5 16.5 10
      vertex 89 16.5 16
      vertex 38.5943 16.5 10
    endloop
  endfacet
  facet normal -0.595659 0.803237 0
    outer loop
      vertex 25.5555 23.4101 17
      vertex 25.2796 23.2055 36
      vertex 25.5555 23.4101 36
    endloop
  endfacet
  facet normal -0.595659 0.803237 0
    outer loop
      vertex 25.2796 23.2055 36
      vertex 25.5555 23.4101 17
      vertex 25.2796 23.2055 17
    endloop
  endfacet
  facet normal -0.0491971 0.998789 0
    outer loop
      vertex 27.5 24 10
      vertex 27.1569 23.9831 36
      vertex 27.5 24 36
    endloop
  endfacet
  facet normal -0.0491971 0.998789 0
    outer loop
      vertex 27.1569 23.9831 36
      vertex 27.5 24 10
      vertex 27.1569 23.9831 10
    endloop
  endfacet
  facet normal -0.989172 0.14676 0
    outer loop
      vertex 24.0169 20.8431 17
      vertex 24.0673 21.1828 36
      vertex 24.0673 21.1828 17
    endloop
  endfacet
  facet normal -0.989172 0.14676 0
    outer loop
      vertex 24.0673 21.1828 36
      vertex 24.0169 20.8431 17
      vertex 24.0169 20.8431 36
    endloop
  endfacet
  facet normal 0.857698 0.514153 0
    outer loop
      vertex 95.5867 22.1499 36
      vertex 95.4101 22.4445 10
      vertex 95.4101 22.4445 36
    endloop
  endfacet
  facet normal 0.857698 0.514153 0
    outer loop
      vertex 95.4101 22.4445 10
      vertex 95.5867 22.1499 36
      vertex 95.5867 22.1499 10
    endloop
  endfacet
  facet normal -0.970074 0.24281 0
    outer loop
      vertex 24.0673 21.1828 17
      vertex 24.1507 21.516 36
      vertex 24.1507 21.516 17
    endloop
  endfacet
  facet normal -0.970074 0.24281 0
    outer loop
      vertex 24.1507 21.516 36
      vertex 24.0673 21.1828 17
      vertex 24.0673 21.1828 36
    endloop
  endfacet
  facet normal -0.903939 0.427661 0
    outer loop
      vertex 24.2664 21.8394 17
      vertex 24.4133 22.1499 36
      vertex 24.4133 22.1499 17
    endloop
  endfacet
  facet normal -0.903939 0.427661 0
    outer loop
      vertex 24.4133 22.1499 36
      vertex 24.2664 21.8394 17
      vertex 24.2664 21.8394 36
    endloop
  endfacet
  facet normal 0.998789 0.0491971 0
    outer loop
      vertex 96 20.5 36
      vertex 95.9831 20.8431 10
      vertex 95.9831 20.8431 36
    endloop
  endfacet
  facet normal 0.998789 0.0491971 0
    outer loop
      vertex 95.9831 20.8431 10
      vertex 96 20.5 36
      vertex 96 20.5 10
    endloop
  endfacet
  facet normal 0.427661 -0.903939 0
    outer loop
      vertex 93.8394 16.7664 10
      vertex 94.1499 16.9133 36
      vertex 93.8394 16.7664 36
    endloop
  endfacet
  facet normal 0.427661 -0.903939 0
    outer loop
      vertex 94.1499 16.9133 36
      vertex 93.8394 16.7664 10
      vertex 94.1499 16.9133 10
    endloop
  endfacet
  facet normal 0.0491971 0.998789 -0
    outer loop
      vertex 92.8431 23.9831 10
      vertex 92.5 24 36
      vertex 92.8431 23.9831 36
    endloop
  endfacet
  facet normal 0.0491971 0.998789 0
    outer loop
      vertex 92.5 24 36
      vertex 92.8431 23.9831 10
      vertex 92.5 24 10
    endloop
  endfacet
  facet normal 0.903939 -0.427661 0
    outer loop
      vertex 95.5867 18.3501 36
      vertex 95.7336 18.6606 10
      vertex 95.7336 18.6606 36
    endloop
  endfacet
  facet normal 0.903939 -0.427661 0
    outer loop
      vertex 95.7336 18.6606 10
      vertex 95.5867 18.3501 36
      vertex 95.5867 18.3501 10
    endloop
  endfacet
  facet normal -0.671454 0.741046 0
    outer loop
      vertex 25.2796 23.2055 17
      vertex 25.0251 22.9749 36
      vertex 25.2796 23.2055 36
    endloop
  endfacet
  facet normal -0.671454 0.741046 0
    outer loop
      vertex 25.0251 22.9749 36
      vertex 25.2796 23.2055 17
      vertex 25.0251 22.9749 17
    endloop
  endfacet
  facet normal 0.857698 -0.514153 0
    outer loop
      vertex 95.4101 18.0555 36
      vertex 95.5867 18.3501 10
      vertex 95.5867 18.3501 36
    endloop
  endfacet
  facet normal 0.857698 -0.514153 0
    outer loop
      vertex 95.5867 18.3501 10
      vertex 95.4101 18.0555 36
      vertex 95.4101 18.0555 10
    endloop
  endfacet
  facet normal -0.803237 0.595659 0
    outer loop
      vertex 24.5899 22.4445 17
      vertex 24.7945 22.7204 36
      vertex 24.7945 22.7204 17
    endloop
  endfacet
  facet normal -0.803237 0.595659 0
    outer loop
      vertex 24.7945 22.7204 36
      vertex 24.5899 22.4445 17
      vertex 24.5899 22.4445 36
    endloop
  endfacet
  facet normal -0.427661 0.903939 0
    outer loop
      vertex 26.1606 23.7336 17
      vertex 25.8501 23.5867 36
      vertex 26.1606 23.7336 36
    endloop
  endfacet
  facet normal -0.427661 0.903939 0
    outer loop
      vertex 25.8501 23.5867 36
      vertex 26.1606 23.7336 17
      vertex 25.8501 23.5867 17
    endloop
  endfacet
  facet normal -0.857698 0.514153 0
    outer loop
      vertex 24.4133 22.1499 17
      vertex 24.5899 22.4445 36
      vertex 24.5899 22.4445 17
    endloop
  endfacet
  facet normal -0.857698 0.514153 0
    outer loop
      vertex 24.5899 22.4445 36
      vertex 24.4133 22.1499 17
      vertex 24.4133 22.1499 36
    endloop
  endfacet
  facet normal 0.998789 -0.0491971 0
    outer loop
      vertex 95.9831 19.6569 36
      vertex 96 20 10
      vertex 96 20 36
    endloop
  endfacet
  facet normal 0.998789 -0.0491971 0
    outer loop
      vertex 96 20 10
      vertex 95.9831 19.6569 36
      vertex 95.9831 19.6569 10
    endloop
  endfacet
  facet normal 0.671454 -0.741046 0
    outer loop
      vertex 94.7204 17.2945 10
      vertex 94.9749 17.5251 36
      vertex 94.7204 17.2945 36
    endloop
  endfacet
  facet normal 0.671454 -0.741046 0
    outer loop
      vertex 94.9749 17.5251 36
      vertex 94.7204 17.2945 10
      vertex 94.9749 17.5251 10
    endloop
  endfacet
  facet normal 0.671454 0.741046 -0
    outer loop
      vertex 94.9749 22.9749 10
      vertex 94.7204 23.2055 36
      vertex 94.9749 22.9749 36
    endloop
  endfacet
  facet normal 0.671454 0.741046 0
    outer loop
      vertex 94.7204 23.2055 36
      vertex 94.9749 22.9749 10
      vertex 94.7204 23.2055 10
    endloop
  endfacet
  facet normal 0.941557 -0.336853 0
    outer loop
      vertex 95.7336 18.6606 36
      vertex 95.8493 18.984 10
      vertex 95.8493 18.984 36
    endloop
  endfacet
  facet normal 0.941557 -0.336853 0
    outer loop
      vertex 95.8493 18.984 10
      vertex 95.7336 18.6606 36
      vertex 95.7336 18.6606 10
    endloop
  endfacet
  facet normal 0.989172 -0.14676 0
    outer loop
      vertex 95.9327 19.3172 36
      vertex 95.9831 19.6569 10
      vertex 95.9831 19.6569 36
    endloop
  endfacet
  facet normal 0.989172 -0.14676 0
    outer loop
      vertex 95.9831 19.6569 10
      vertex 95.9327 19.3172 36
      vertex 95.9327 19.3172 10
    endloop
  endfacet
  facet normal 0.24281 -0.970074 0
    outer loop
      vertex 93.1828 16.5673 10
      vertex 93.516 16.6507 36
      vertex 93.1828 16.5673 36
    endloop
  endfacet
  facet normal 0.24281 -0.970074 0
    outer loop
      vertex 93.516 16.6507 36
      vertex 93.1828 16.5673 10
      vertex 93.516 16.6507 10
    endloop
  endfacet
  facet normal 0.970074 0.24281 0
    outer loop
      vertex 95.9327 21.1828 36
      vertex 95.8493 21.516 10
      vertex 95.8493 21.516 36
    endloop
  endfacet
  facet normal 0.970074 0.24281 0
    outer loop
      vertex 95.8493 21.516 10
      vertex 95.9327 21.1828 36
      vertex 95.9327 21.1828 10
    endloop
  endfacet
  facet normal 0.514153 0.857698 -0
    outer loop
      vertex 94.4445 23.4101 10
      vertex 94.1499 23.5867 36
      vertex 94.4445 23.4101 36
    endloop
  endfacet
  facet normal 0.514153 0.857698 0
    outer loop
      vertex 94.1499 23.5867 36
      vertex 94.4445 23.4101 10
      vertex 94.1499 23.5867 10
    endloop
  endfacet
  facet normal -0.803382 -0.595464 0
    outer loop
      vertex 24.6741 17.9419 22.2223
      vertex 24.5899 18.0555 36
      vertex 24.5899 18.0555 22.0817
    endloop
  endfacet
  facet normal -0.803138 -0.595793 4.1964e-06
    outer loop
      vertex 24.7945 17.7796 22.3845
      vertex 24.5899 18.0555 36
      vertex 24.6741 17.9419 22.2223
    endloop
  endfacet
  facet normal -0.803237 -0.595659 0
    outer loop
      vertex 24.5899 18.0555 36
      vertex 24.7945 17.7796 22.3845
      vertex 24.7945 17.7796 36
    endloop
  endfacet
  facet normal -0.803634 -0.595124 -0
    outer loop
      vertex 24.631 18 17.8496
      vertex 24.5899 18.0555 17
      vertex 24.631 18 17
    endloop
  endfacet
  facet normal -0.803634 -0.595124 0
    outer loop
      vertex 24.5899 18.0555 17
      vertex 24.631 18 17.8496
      vertex 24.5899 18.0555 17.9183
    endloop
  endfacet
  facet normal -0.741046 0.671454 0
    outer loop
      vertex 24.7945 22.7204 17
      vertex 25.0251 22.9749 36
      vertex 25.0251 22.9749 17
    endloop
  endfacet
  facet normal -0.741046 0.671454 0
    outer loop
      vertex 25.0251 22.9749 36
      vertex 24.7945 22.7204 17
      vertex 24.7945 22.7204 36
    endloop
  endfacet
  facet normal 0.336853 -0.941557 0
    outer loop
      vertex 93.516 16.6507 10
      vertex 93.8394 16.7664 36
      vertex 93.516 16.6507 36
    endloop
  endfacet
  facet normal 0.336853 -0.941557 0
    outer loop
      vertex 93.8394 16.7664 36
      vertex 93.516 16.6507 10
      vertex 93.8394 16.7664 10
    endloop
  endfacet
  facet normal 0.0491971 -0.998789 0
    outer loop
      vertex 92.5 16.5 10
      vertex 92.8431 16.5169 36
      vertex 92.5 16.5 36
    endloop
  endfacet
  facet normal 0.0491971 -0.998789 0
    outer loop
      vertex 92.8431 16.5169 36
      vertex 92.5 16.5 10
      vertex 92.8431 16.5169 10
    endloop
  endfacet
  facet normal 0.14676 -0.989172 0
    outer loop
      vertex 92.8431 16.5169 10
      vertex 93.1828 16.5673 36
      vertex 92.8431 16.5169 36
    endloop
  endfacet
  facet normal 0.14676 -0.989172 0
    outer loop
      vertex 93.1828 16.5673 36
      vertex 92.8431 16.5169 10
      vertex 93.1828 16.5673 10
    endloop
  endfacet
  facet normal 0.741046 -0.671454 0
    outer loop
      vertex 94.9749 17.5251 36
      vertex 95.2055 17.7796 10
      vertex 95.2055 17.7796 36
    endloop
  endfacet
  facet normal 0.741046 -0.671454 0
    outer loop
      vertex 95.2055 17.7796 10
      vertex 94.9749 17.5251 36
      vertex 94.9749 17.5251 10
    endloop
  endfacet
  facet normal 0.803237 0.595659 0
    outer loop
      vertex 95.4101 22.4445 36
      vertex 95.2055 22.7204 10
      vertex 95.2055 22.7204 36
    endloop
  endfacet
  facet normal 0.803237 0.595659 0
    outer loop
      vertex 95.2055 22.7204 10
      vertex 95.4101 22.4445 36
      vertex 95.4101 22.4445 10
    endloop
  endfacet
  facet normal 0.803237 -0.595659 0
    outer loop
      vertex 95.2055 17.7796 36
      vertex 95.4101 18.0555 10
      vertex 95.4101 18.0555 36
    endloop
  endfacet
  facet normal 0.803237 -0.595659 0
    outer loop
      vertex 95.4101 18.0555 10
      vertex 95.2055 17.7796 36
      vertex 95.2055 17.7796 10
    endloop
  endfacet
  facet normal -0.14676 0.989172 0
    outer loop
      vertex 27.1569 23.9831 10
      vertex 26.8172 23.9327 36
      vertex 27.1569 23.9831 36
    endloop
  endfacet
  facet normal -0.14676 0.989172 0
    outer loop
      vertex 26.8172 23.9327 36
      vertex 27.1569 23.9831 10
      vertex 26.8172 23.9327 10
    endloop
  endfacet
  facet normal -0.336853 0.941557 5.59302e-07
    outer loop
      vertex 26.484 23.8493 36
      vertex 26.2925 23.7808 17
      vertex 26.1606 23.7336 36
    endloop
  endfacet
  facet normal -0.336804 0.941575 0
    outer loop
      vertex 26.484 23.8493 10
      vertex 26.2925 23.7808 17
      vertex 26.484 23.8493 36
    endloop
  endfacet
  facet normal -0.336804 0.941575 0
    outer loop
      vertex 26.2925 23.7808 17
      vertex 26.484 23.8493 10
      vertex 26.2925 23.7808 10
    endloop
  endfacet
  facet normal -0.336924 0.941532 0
    outer loop
      vertex 26.1606 23.7336 36
      vertex 26.2925 23.7808 17
      vertex 26.1606 23.7336 17
    endloop
  endfacet
  facet normal 0.595659 0.803237 -0
    outer loop
      vertex 94.7204 23.2055 10
      vertex 94.4445 23.4101 36
      vertex 94.7204 23.2055 36
    endloop
  endfacet
  facet normal 0.595659 0.803237 0
    outer loop
      vertex 94.4445 23.4101 36
      vertex 94.7204 23.2055 10
      vertex 94.4445 23.4101 10
    endloop
  endfacet
  facet normal 0.514153 -0.857698 0
    outer loop
      vertex 94.1499 16.9133 10
      vertex 94.4445 17.0899 36
      vertex 94.1499 16.9133 36
    endloop
  endfacet
  facet normal 0.514153 -0.857698 0
    outer loop
      vertex 94.4445 17.0899 36
      vertex 94.1499 16.9133 10
      vertex 94.4445 17.0899 10
    endloop
  endfacet
  facet normal -0.941557 0.336853 0
    outer loop
      vertex 24.1507 21.516 17
      vertex 24.2664 21.8394 36
      vertex 24.2664 21.8394 17
    endloop
  endfacet
  facet normal -0.941557 0.336853 0
    outer loop
      vertex 24.2664 21.8394 36
      vertex 24.1507 21.516 17
      vertex 24.1507 21.516 36
    endloop
  endfacet
  facet normal 0.336853 0.941557 -0
    outer loop
      vertex 93.8394 23.7336 10
      vertex 93.516 23.8493 36
      vertex 93.8394 23.7336 36
    endloop
  endfacet
  facet normal 0.336853 0.941557 0
    outer loop
      vertex 93.516 23.8493 36
      vertex 93.8394 23.7336 10
      vertex 93.516 23.8493 10
    endloop
  endfacet
  facet normal 0.970074 -0.24281 0
    outer loop
      vertex 95.8493 18.984 36
      vertex 95.9327 19.3172 10
      vertex 95.9327 19.3172 36
    endloop
  endfacet
  facet normal 0.970074 -0.24281 0
    outer loop
      vertex 95.9327 19.3172 10
      vertex 95.8493 18.984 36
      vertex 95.8493 18.984 10
    endloop
  endfacet
  facet normal 0.903939 0.427661 0
    outer loop
      vertex 95.7336 21.8394 36
      vertex 95.5867 22.1499 10
      vertex 95.5867 22.1499 36
    endloop
  endfacet
  facet normal 0.903939 0.427661 0
    outer loop
      vertex 95.5867 22.1499 10
      vertex 95.7336 21.8394 36
      vertex 95.7336 21.8394 10
    endloop
  endfacet
  facet normal 0.941557 0.336853 0
    outer loop
      vertex 95.8493 21.516 36
      vertex 95.7336 21.8394 10
      vertex 95.7336 21.8394 36
    endloop
  endfacet
  facet normal 0.941557 0.336853 0
    outer loop
      vertex 95.7336 21.8394 10
      vertex 95.8493 21.516 36
      vertex 95.8493 21.516 10
    endloop
  endfacet
  facet normal 0.427661 0.903939 -0
    outer loop
      vertex 94.1499 23.5867 10
      vertex 93.8394 23.7336 36
      vertex 94.1499 23.5867 36
    endloop
  endfacet
  facet normal 0.427661 0.903939 0
    outer loop
      vertex 93.8394 23.7336 36
      vertex 94.1499 23.5867 10
      vertex 93.8394 23.7336 10
    endloop
  endfacet
  facet normal 1 -0 0
    outer loop
      vertex 96 20 36
      vertex 96 20.5 10
      vertex 96 20.5 36
    endloop
  endfacet
  facet normal 1 0 0
    outer loop
      vertex 96 20.5 10
      vertex 96 20 36
      vertex 96 20 10
    endloop
  endfacet
  facet normal -0.427661 -0.903939 0
    outer loop
      vertex 25.8501 16.9133 36
      vertex 26.1606 16.7664 23.5495
      vertex 26.1606 16.7664 36
    endloop
  endfacet
  facet normal -0.428331 -0.903622 -2.04486e-05
    outer loop
      vertex 25.8501 16.9133 36
      vertex 26.1144 16.7883 23.5277
      vertex 26.1606 16.7664 23.5495
    endloop
  endfacet
  facet normal -0.427542 -0.903995 0
    outer loop
      vertex 26.1144 16.7883 23.5277
      vertex 25.8501 16.9133 36
      vertex 25.8501 16.9133 23.3693
    endloop
  endfacet
  facet normal 0.14676 0.989172 -0
    outer loop
      vertex 93.1828 23.9327 10
      vertex 92.8431 23.9831 36
      vertex 93.1828 23.9327 36
    endloop
  endfacet
  facet normal 0.14676 0.989172 0
    outer loop
      vertex 92.8431 23.9831 36
      vertex 93.1828 23.9327 10
      vertex 92.8431 23.9831 10
    endloop
  endfacet
  facet normal -0.24281 -0.970074 0
    outer loop
      vertex 26.484 16.6507 36
      vertex 26.8172 16.5673 23.82
      vertex 26.8172 16.5673 36
    endloop
  endfacet
  facet normal -0.24281 -0.970074 0
    outer loop
      vertex 26.8172 16.5673 23.82
      vertex 26.484 16.6507 36
      vertex 26.484 16.6507 23.7008
    endloop
  endfacet
  facet normal -0.14676 -0.989172 0
    outer loop
      vertex 26.8172 16.5673 36
      vertex 27.1569 16.5169 23.9074
      vertex 27.1569 16.5169 36
    endloop
  endfacet
  facet normal -0.146517 -0.989208 6.98132e-06
    outer loop
      vertex 26.8172 16.5673 36
      vertex 26.8389 16.564 23.8278
      vertex 27.1569 16.5169 23.9074
    endloop
  endfacet
  facet normal -0.150345 -0.988634 0
    outer loop
      vertex 26.8389 16.564 23.8278
      vertex 26.8172 16.5673 36
      vertex 26.8172 16.5673 23.82
    endloop
  endfacet
  facet normal -0.740877 -0.671641 0
    outer loop
      vertex 24.908 17.6544 22.5376
      vertex 24.7945 17.7796 36
      vertex 24.7945 17.7796 22.3845
    endloop
  endfacet
  facet normal -0.741207 -0.671277 -6.17228e-06
    outer loop
      vertex 25.0251 17.5251 22.6668
      vertex 24.7945 17.7796 36
      vertex 24.908 17.6544 22.5376
    endloop
  endfacet
  facet normal -0.741046 -0.671454 0
    outer loop
      vertex 24.7945 17.7796 36
      vertex 25.0251 17.5251 22.6668
      vertex 25.0251 17.5251 36
    endloop
  endfacet
  facet normal -0.671454 -0.741046 0
    outer loop
      vertex 25.0251 17.5251 36
      vertex 25.2796 17.2945 22.9264
      vertex 25.2796 17.2945 36
    endloop
  endfacet
  facet normal -0.671611 -0.740904 -5.54303e-06
    outer loop
      vertex 25.0251 17.5251 36
      vertex 25.1716 17.3924 22.8284
      vertex 25.2796 17.2945 22.9264
    endloop
  endfacet
  facet normal -0.671337 -0.741152 0
    outer loop
      vertex 25.1716 17.3924 22.8284
      vertex 25.0251 17.5251 36
      vertex 25.0251 17.5251 22.6668
    endloop
  endfacet
  facet normal -0.336853 -0.941557 0
    outer loop
      vertex 26.1606 16.7664 36
      vertex 26.484 16.6507 23.7008
      vertex 26.484 16.6507 36
    endloop
  endfacet
  facet normal -0.339151 -0.940732 -6.8192e-05
    outer loop
      vertex 26.1606 16.7664 36
      vertex 26.4693 16.656 23.6955
      vertex 26.484 16.6507 23.7008
    endloop
  endfacet
  facet normal -0.336742 -0.941597 0
    outer loop
      vertex 26.4693 16.656 23.6955
      vertex 26.1606 16.7664 36
      vertex 26.1606 16.7664 23.5495
    endloop
  endfacet
  facet normal -0.903875 -0.427797 0
    outer loop
      vertex 24.3045 18.5801 21.5307
      vertex 24.2664 18.6606 36
      vertex 24.2664 18.6606 21.4244
    endloop
  endfacet
  facet normal -0.903961 -0.427614 -1.24257e-06
    outer loop
      vertex 24.4133 18.3501 21.7608
      vertex 24.2664 18.6606 36
      vertex 24.3045 18.5801 21.5307
    endloop
  endfacet
  facet normal -0.903939 -0.427661 0
    outer loop
      vertex 24.2664 18.6606 36
      vertex 24.4133 18.3501 21.7608
      vertex 24.4133 18.3501 36
    endloop
  endfacet
  facet normal -0.903875 -0.427797 0
    outer loop
      vertex 24.2664 18.6606 17
      vertex 24.3045 18.5801 18.4693
      vertex 24.2664 18.6606 18.5756
    endloop
  endfacet
  facet normal -0.903939 -0.427661 -0
    outer loop
      vertex 24.4133 18.3501 18.2392
      vertex 24.2664 18.6606 17
      vertex 24.4133 18.3501 17
    endloop
  endfacet
  facet normal -0.903957 -0.427623 1.16652e-05
    outer loop
      vertex 24.2664 18.6606 17
      vertex 24.4133 18.3501 18.2392
      vertex 24.3045 18.5801 18.4693
    endloop
  endfacet
  facet normal -0.514153 -0.857698 0
    outer loop
      vertex 25.5555 17.0899 36
      vertex 25.8501 16.9133 23.3693
      vertex 25.8501 16.9133 36
    endloop
  endfacet
  facet normal -0.514147 -0.857702 1.84999e-07
    outer loop
      vertex 25.5555 17.0899 36
      vertex 25.7777 16.9567 23.3259
      vertex 25.8501 16.9133 23.3693
    endloop
  endfacet
  facet normal -0.514155 -0.857697 0
    outer loop
      vertex 25.7777 16.9567 23.3259
      vertex 25.5555 17.0899 36
      vertex 25.5555 17.0899 23.1611
    endloop
  endfacet
  facet normal -0.595659 -0.803237 0
    outer loop
      vertex 25.2796 17.2945 36
      vertex 25.5555 17.0899 23.1611
      vertex 25.5555 17.0899 36
    endloop
  endfacet
  facet normal -0.595437 -0.803402 7.38324e-06
    outer loop
      vertex 25.2796 17.2945 36
      vertex 25.4624 17.1589 23.092
      vertex 25.5555 17.0899 23.1611
    endloop
  endfacet
  facet normal -0.595774 -0.803152 0
    outer loop
      vertex 25.4624 17.1589 23.092
      vertex 25.2796 17.2945 36
      vertex 25.2796 17.2945 22.9264
    endloop
  endfacet
  facet normal -0.970143 -0.242536 0
    outer loop
      vertex 24.0769 19.2788 20.7804
      vertex 24.0673 19.3172 36
      vertex 24.0673 19.3172 20.7156
    endloop
  endfacet
  facet normal -0.970065 -0.242845 8.28146e-07
    outer loop
      vertex 24.1507 18.984 21.0752
      vertex 24.0673 19.3172 36
      vertex 24.0769 19.2788 20.7804
    endloop
  endfacet
  facet normal -0.970074 -0.24281 0
    outer loop
      vertex 24.0673 19.3172 36
      vertex 24.1507 18.984 21.0752
      vertex 24.1507 18.984 36
    endloop
  endfacet
  facet normal -0.970143 -0.242536 0
    outer loop
      vertex 24.0673 19.3172 17
      vertex 24.0769 19.2788 19.2196
      vertex 24.0673 19.3172 19.2844
    endloop
  endfacet
  facet normal -0.970074 -0.24281 -0
    outer loop
      vertex 24.1507 18.984 18.9248
      vertex 24.0673 19.3172 17
      vertex 24.1507 18.984 17
    endloop
  endfacet
  facet normal -0.970066 -0.24284 -5.59605e-06
    outer loop
      vertex 24.0673 19.3172 17
      vertex 24.1507 18.984 18.9248
      vertex 24.0769 19.2788 19.2196
    endloop
  endfacet
  facet normal 0 0 1
    outer loop
      vertex 92.5 24 36
      vertex 96 20.5 36
      vertex 95.9831 20.8431 36
    endloop
  endfacet
  facet normal 0 0 1
    outer loop
      vertex 96 20.5 36
      vertex 92.5 24 36
      vertex 96 20 36
    endloop
  endfacet
  facet normal 0 0 1
    outer loop
      vertex 92.5 24 36
      vertex 95.9831 20.8431 36
      vertex 95.9327 21.1828 36
    endloop
  endfacet
  facet normal 0 0 1
    outer loop
      vertex 89 18.5 36
      vertex 96 20 36
      vertex 92.5 24 36
    endloop
  endfacet
  facet normal 0 0 1
    outer loop
      vertex 92.5 24 36
      vertex 95.9327 21.1828 36
      vertex 95.8493 21.516 36
    endloop
  endfacet
  facet normal 0 -0 1
    outer loop
      vertex 92.5 16.5 36
      vertex 96 20 36
      vertex 89 18.5 36
    endloop
  endfacet
  facet normal 0 0 1
    outer loop
      vertex 92.5 24 36
      vertex 95.8493 21.516 36
      vertex 95.7336 21.8394 36
    endloop
  endfacet
  facet normal 0 0 1
    outer loop
      vertex 95.9831 19.6569 36
      vertex 92.5 16.5 36
      vertex 95.9327 19.3172 36
    endloop
  endfacet
  facet normal 0 0 1
    outer loop
      vertex 92.5 24 36
      vertex 95.7336 21.8394 36
      vertex 95.5867 22.1499 36
    endloop
  endfacet
  facet normal 0 0 1
    outer loop
      vertex 95.9327 19.3172 36
      vertex 92.5 16.5 36
      vertex 95.8493 18.984 36
    endloop
  endfacet
  facet normal 0 0 1
    outer loop
      vertex 95.2055 22.7204 36
      vertex 95.5867 22.1499 36
      vertex 95.4101 22.4445 36
    endloop
  endfacet
  facet normal 0 0 1
    outer loop
      vertex 94.9749 22.9749 36
      vertex 95.5867 22.1499 36
      vertex 95.2055 22.7204 36
    endloop
  endfacet
  facet normal 0 0 1
    outer loop
      vertex 94.7204 23.2055 36
      vertex 95.5867 22.1499 36
      vertex 94.9749 22.9749 36
    endloop
  endfacet
  facet normal 0 0 1
    outer loop
      vertex 95.5867 18.3501 36
      vertex 95.2055 17.7796 36
      vertex 95.4101 18.0555 36
    endloop
  endfacet
  facet normal 0 0 1
    outer loop
      vertex 94.4445 23.4101 36
      vertex 95.5867 22.1499 36
      vertex 94.7204 23.2055 36
    endloop
  endfacet
  facet normal 0 0 1
    outer loop
      vertex 95.5867 18.3501 36
      vertex 94.9749 17.5251 36
      vertex 95.2055 17.7796 36
    endloop
  endfacet
  facet normal 0 0 1
    outer loop
      vertex 94.1499 23.5867 36
      vertex 95.5867 22.1499 36
      vertex 94.4445 23.4101 36
    endloop
  endfacet
  facet normal 0 0 1
    outer loop
      vertex 95.5867 18.3501 36
      vertex 94.7204 17.2945 36
      vertex 94.9749 17.5251 36
    endloop
  endfacet
  facet normal 0 0 1
    outer loop
      vertex 93.8394 23.7336 36
      vertex 95.5867 22.1499 36
      vertex 94.1499 23.5867 36
    endloop
  endfacet
  facet normal 0 0 1
    outer loop
      vertex 95.5867 18.3501 36
      vertex 94.4445 17.0899 36
      vertex 94.7204 17.2945 36
    endloop
  endfacet
  facet normal 0 0 1
    outer loop
      vertex 93.516 23.8493 36
      vertex 95.5867 22.1499 36
      vertex 93.8394 23.7336 36
    endloop
  endfacet
  facet normal 0 0 1
    outer loop
      vertex 95.5867 18.3501 36
      vertex 94.1499 16.9133 36
      vertex 94.4445 17.0899 36
    endloop
  endfacet
  facet normal 0 0 1
    outer loop
      vertex 93.1828 23.9327 36
      vertex 95.5867 22.1499 36
      vertex 93.516 23.8493 36
    endloop
  endfacet
  facet normal 0 0 1
    outer loop
      vertex 95.5867 18.3501 36
      vertex 93.8394 16.7664 36
      vertex 94.1499 16.9133 36
    endloop
  endfacet
  facet normal 0 0 1
    outer loop
      vertex 92.8431 23.9831 36
      vertex 95.5867 22.1499 36
      vertex 93.1828 23.9327 36
    endloop
  endfacet
  facet normal 0 0 1
    outer loop
      vertex 95.5867 18.3501 36
      vertex 93.516 16.6507 36
      vertex 93.8394 16.7664 36
    endloop
  endfacet
  facet normal 0 0 1
    outer loop
      vertex 92.5 24 36
      vertex 95.5867 22.1499 36
      vertex 92.8431 23.9831 36
    endloop
  endfacet
  facet normal 0 0 1
    outer loop
      vertex 95.5867 18.3501 36
      vertex 93.1828 16.5673 36
      vertex 93.516 16.6507 36
    endloop
  endfacet
  facet normal 0 0 1
    outer loop
      vertex 95.8493 18.984 36
      vertex 92.5 16.5 36
      vertex 95.7336 18.6606 36
    endloop
  endfacet
  facet normal 0 0 1
    outer loop
      vertex 95.5867 18.3501 36
      vertex 92.8431 16.5169 36
      vertex 93.1828 16.5673 36
    endloop
  endfacet
  facet normal 0 0 1
    outer loop
      vertex 95.7336 18.6606 36
      vertex 92.5 16.5 36
      vertex 95.5867 18.3501 36
    endloop
  endfacet
  facet normal 0 0 1
    outer loop
      vertex 95.5867 18.3501 36
      vertex 92.5 16.5 36
      vertex 92.8431 16.5169 36
    endloop
  endfacet
  facet normal 0 0 1
    outer loop
      vertex 96 20 36
      vertex 92.5 16.5 36
      vertex 95.9831 19.6569 36
    endloop
  endfacet
  facet normal 0 0 1
    outer loop
      vertex 92.5 24 36
      vertex 34 18.5 36
      vertex 89 18.5 36
    endloop
  endfacet
  facet normal -0 0 1
    outer loop
      vertex 27.5 24 36
      vertex 34 18.5 36
      vertex 92.5 24 36
    endloop
  endfacet
  facet normal 0 0 1
    outer loop
      vertex 27.5 16.5 36
      vertex 34 18.5 36
      vertex 27.5 24 36
    endloop
  endfacet
  facet normal 0 0 1
    outer loop
      vertex 34 18.5 36
      vertex 27.5 16.5 36
      vertex 34 16.5 36
    endloop
  endfacet
  facet normal 0 0 1
    outer loop
      vertex 24 20.5 36
      vertex 27.5 24 36
      vertex 27.1569 23.9831 36
    endloop
  endfacet
  facet normal 0 0 1
    outer loop
      vertex 27.5 24 36
      vertex 24 20.5 36
      vertex 27.5 16.5 36
    endloop
  endfacet
  facet normal 0 0 1
    outer loop
      vertex 24 20.5 36
      vertex 27.1569 23.9831 36
      vertex 26.8172 23.9327 36
    endloop
  endfacet
  facet normal -0 0 1
    outer loop
      vertex 24 20 36
      vertex 27.5 16.5 36
      vertex 24 20.5 36
    endloop
  endfacet
  facet normal 0 0 1
    outer loop
      vertex 24 20.5 36
      vertex 26.8172 23.9327 36
      vertex 26.484 23.8493 36
    endloop
  endfacet
  facet normal 0 0 1
    outer loop
      vertex 27.5 16.5 36
      vertex 24 20 36
      vertex 27.1569 16.5169 36
    endloop
  endfacet
  facet normal 0 0 1
    outer loop
      vertex 24 20.5 36
      vertex 26.484 23.8493 36
      vertex 26.1606 23.7336 36
    endloop
  endfacet
  facet normal 0 0 1
    outer loop
      vertex 27.1569 16.5169 36
      vertex 24 20 36
      vertex 26.8172 16.5673 36
    endloop
  endfacet
  facet normal 0 0 1
    outer loop
      vertex 24 20.5 36
      vertex 26.1606 23.7336 36
      vertex 25.8501 23.5867 36
    endloop
  endfacet
  facet normal 0 0 1
    outer loop
      vertex 26.8172 16.5673 36
      vertex 24 20 36
      vertex 26.484 16.6507 36
    endloop
  endfacet
  facet normal 0 0 1
    outer loop
      vertex 24 20.5 36
      vertex 25.8501 23.5867 36
      vertex 25.5555 23.4101 36
    endloop
  endfacet
  facet normal 0 0 1
    outer loop
      vertex 26.484 16.6507 36
      vertex 24 20 36
      vertex 26.1606 16.7664 36
    endloop
  endfacet
  facet normal 0 0 1
    outer loop
      vertex 24 20.5 36
      vertex 25.5555 23.4101 36
      vertex 25.2796 23.2055 36
    endloop
  endfacet
  facet normal 0 0 1
    outer loop
      vertex 26.1606 16.7664 36
      vertex 24 20 36
      vertex 25.8501 16.9133 36
    endloop
  endfacet
  facet normal 0 0 1
    outer loop
      vertex 24 20.5 36
      vertex 25.2796 23.2055 36
      vertex 25.0251 22.9749 36
    endloop
  endfacet
  facet normal 0 0 1
    outer loop
      vertex 25.8501 16.9133 36
      vertex 24 20 36
      vertex 25.5555 17.0899 36
    endloop
  endfacet
  facet normal 0 0 1
    outer loop
      vertex 24 20.5 36
      vertex 25.0251 22.9749 36
      vertex 24.7945 22.7204 36
    endloop
  endfacet
  facet normal 0 0 1
    outer loop
      vertex 25.5555 17.0899 36
      vertex 24 20 36
      vertex 25.2796 17.2945 36
    endloop
  endfacet
  facet normal 0 0 1
    outer loop
      vertex 24 20.5 36
      vertex 24.7945 22.7204 36
      vertex 24.5899 22.4445 36
    endloop
  endfacet
  facet normal 0 0 1
    outer loop
      vertex 25.2796 17.2945 36
      vertex 24 20 36
      vertex 25.0251 17.5251 36
    endloop
  endfacet
  facet normal 0 0 1
    outer loop
      vertex 24 20.5 36
      vertex 24.5899 22.4445 36
      vertex 24.4133 22.1499 36
    endloop
  endfacet
  facet normal 0 0 1
    outer loop
      vertex 25.0251 17.5251 36
      vertex 24 20 36
      vertex 24.7945 17.7796 36
    endloop
  endfacet
  facet normal 0 0 1
    outer loop
      vertex 24 20.5 36
      vertex 24.4133 22.1499 36
      vertex 24.2664 21.8394 36
    endloop
  endfacet
  facet normal 0 0 1
    outer loop
      vertex 24.7945 17.7796 36
      vertex 24 20 36
      vertex 24.5899 18.0555 36
    endloop
  endfacet
  facet normal 0 0 1
    outer loop
      vertex 24 20.5 36
      vertex 24.2664 21.8394 36
      vertex 24.1507 21.516 36
    endloop
  endfacet
  facet normal 0 0 1
    outer loop
      vertex 24.5899 18.0555 36
      vertex 24 20 36
      vertex 24.4133 18.3501 36
    endloop
  endfacet
  facet normal 0 0 1
    outer loop
      vertex 24 20.5 36
      vertex 24.1507 21.516 36
      vertex 24.0673 21.1828 36
    endloop
  endfacet
  facet normal 0 0 1
    outer loop
      vertex 24.4133 18.3501 36
      vertex 24 20 36
      vertex 24.2664 18.6606 36
    endloop
  endfacet
  facet normal 0 0 1
    outer loop
      vertex 24 20.5 36
      vertex 24.0673 21.1828 36
      vertex 24.0169 20.8431 36
    endloop
  endfacet
  facet normal 0 0 1
    outer loop
      vertex 24.2664 18.6606 36
      vertex 24 20 36
      vertex 24.1507 18.984 36
    endloop
  endfacet
  facet normal 0 0 1
    outer loop
      vertex 24.1507 18.984 36
      vertex 24 20 36
      vertex 24.0673 19.3172 36
    endloop
  endfacet
  facet normal 0 0 1
    outer loop
      vertex 24.0673 19.3172 36
      vertex 24 20 36
      vertex 24.0169 19.6569 36
    endloop
  endfacet
  facet normal 0 0 1
    outer loop
      vertex 92.5 16.5 36
      vertex 89 18.5 36
      vertex 89 16.5 36
    endloop
  endfacet
  facet normal -0.857877 -0.513855 0
    outer loop
      vertex 24.4723 18.2516 21.8856
      vertex 24.4133 18.3501 36
      vertex 24.4133 18.3501 21.7608
    endloop
  endfacet
  facet normal -0.857611 -0.5143 4.21551e-06
    outer loop
      vertex 24.5899 18.0555 22.0817
      vertex 24.4133 18.3501 36
      vertex 24.4723 18.2516 21.8856
    endloop
  endfacet
  facet normal -0.857698 -0.514153 0
    outer loop
      vertex 24.4133 18.3501 36
      vertex 24.5899 18.0555 22.0817
      vertex 24.5899 18.0555 36
    endloop
  endfacet
  facet normal -0.857877 -0.513855 0
    outer loop
      vertex 24.4133 18.3501 17
      vertex 24.4723 18.2516 18.1144
      vertex 24.4133 18.3501 18.2392
    endloop
  endfacet
  facet normal -0.857698 -0.514153 -0
    outer loop
      vertex 24.5899 18.0555 17.9183
      vertex 24.4133 18.3501 17
      vertex 24.5899 18.0555 17
    endloop
  endfacet
  facet normal -0.85763 -0.514266 -4.9399e-05
    outer loop
      vertex 24.4133 18.3501 17
      vertex 24.5899 18.0555 17.9183
      vertex 24.4723 18.2516 18.1144
    endloop
  endfacet
  facet normal -0.941742 -0.336336 0
    outer loop
      vertex 24.1722 18.9238 21.1611
      vertex 24.1507 18.984 36
      vertex 24.1507 18.984 21.0752
    endloop
  endfacet
  facet normal -0.941516 -0.336968 2.89073e-06
    outer loop
      vertex 24.2664 18.6606 21.4244
      vertex 24.1507 18.984 36
      vertex 24.1722 18.9238 21.1611
    endloop
  endfacet
  facet normal -0.941557 -0.336853 0
    outer loop
      vertex 24.1507 18.984 36
      vertex 24.2664 18.6606 21.4244
      vertex 24.2664 18.6606 36
    endloop
  endfacet
  facet normal -0.941742 -0.336336 0
    outer loop
      vertex 24.1507 18.984 17
      vertex 24.1722 18.9238 18.8389
      vertex 24.1507 18.984 18.9248
    endloop
  endfacet
  facet normal -0.941557 -0.336853 -0
    outer loop
      vertex 24.2664 18.6606 18.5756
      vertex 24.1507 18.984 17
      vertex 24.2664 18.6606 17
    endloop
  endfacet
  facet normal -0.941522 -0.336951 -2.26787e-05
    outer loop
      vertex 24.1507 18.984 17
      vertex 24.2664 18.6606 18.5756
      vertex 24.1722 18.9238 18.8389
    endloop
  endfacet
  facet normal 0.989174 -0.146746 0
    outer loop
      vertex 38.9424 10.4147 16
      vertex 38.9856 10.7059 11
      vertex 38.9856 10.7059 16
    endloop
  endfacet
  facet normal 0.989174 -0.146746 0
    outer loop
      vertex 38.9856 10.7059 11
      vertex 38.9424 10.4147 16
      vertex 38.9424 10.4147 11
    endloop
  endfacet
  facet normal 0.969982 -0.243175 0
    outer loop
      vertex 38.8708 10.1291 16
      vertex 38.9424 10.4147 11
      vertex 38.9424 10.4147 16
    endloop
  endfacet
  facet normal 0.969982 -0.243175 0
    outer loop
      vertex 38.9424 10.4147 11
      vertex 38.8708 10.1291 16
      vertex 38.8708 10.1291 11
    endloop
  endfacet
  facet normal 0.857405 0.514643 0
    outer loop
      vertex 38.6458 16.4142 16
      vertex 38.5943 16.5 10
      vertex 38.5943 16.5 16
    endloop
  endfacet
  facet normal 0.857405 0.514643 0
    outer loop
      vertex 38.5943 16.5 10
      vertex 38.6458 16.4142 16
      vertex 38.6458 16.4142 10
    endloop
  endfacet
  facet normal 0.998803 0.0489044 0
    outer loop
      vertex 39 15 16
      vertex 38.9856 15.2941 11
      vertex 38.9856 15.2941 16
    endloop
  endfacet
  facet normal 0.998803 0.0489044 0
    outer loop
      vertex 38.9856 15.2941 11
      vertex 39 15 16
      vertex 39 15 11
    endloop
  endfacet
  facet normal 0.998803 -0.0489044 0
    outer loop
      vertex 38.9856 10.7059 16
      vertex 39 11 11
      vertex 39 11 16
    endloop
  endfacet
  facet normal 0.998803 -0.0489044 0
    outer loop
      vertex 39 11 11
      vertex 38.9856 10.7059 16
      vertex 38.9856 10.7059 11
    endloop
  endfacet
  facet normal 0.904125 0.427269 0
    outer loop
      vertex 38.7716 16.148 16
      vertex 38.6458 16.4142 10
      vertex 38.6458 16.4142 16
    endloop
  endfacet
  facet normal 0.904125 0.427269 0
    outer loop
      vertex 38.6458 16.4142 10
      vertex 38.7716 16.148 16
      vertex 38.7716 16.148 10
    endloop
  endfacet
  facet normal 0.857431 -0.514599 0
    outer loop
      vertex 38.5943 9.5 16
      vertex 38.6458 9.58581 10
      vertex 38.6458 9.58581 16
    endloop
  endfacet
  facet normal 0.857431 -0.514599 0
    outer loop
      vertex 38.6458 9.58581 10
      vertex 38.5943 9.5 16
      vertex 38.5943 9.5 10
    endloop
  endfacet
  facet normal 0.969982 0.243175 0
    outer loop
      vertex 38.9424 15.5853 16
      vertex 38.8708 15.8709 11
      vertex 38.8708 15.8709 16
    endloop
  endfacet
  facet normal 0.969982 0.243175 0
    outer loop
      vertex 38.8708 15.8709 11
      vertex 38.9424 15.5853 16
      vertex 38.9424 15.5853 11
    endloop
  endfacet
  facet normal 0.989174 0.146746 0
    outer loop
      vertex 38.9856 15.2941 16
      vertex 38.9424 15.5853 11
      vertex 38.9424 15.5853 16
    endloop
  endfacet
  facet normal 0.989174 0.146746 0
    outer loop
      vertex 38.9424 15.5853 11
      vertex 38.9856 15.2941 16
      vertex 38.9856 15.2941 11
    endloop
  endfacet
  facet normal 1 -0 0
    outer loop
      vertex 39 11 16
      vertex 39 15 11
      vertex 39 15 16
    endloop
  endfacet
  facet normal 1 0 0
    outer loop
      vertex 39 15 11
      vertex 39 11 16
      vertex 39 11 11
    endloop
  endfacet
  facet normal 0.941454 0.337142 0
    outer loop
      vertex 38.7716 16.148 16
      vertex 38.8246 16 11
      vertex 38.7716 16.148 10
    endloop
  endfacet
  facet normal 0.941488 0.337047 3.19379e-06
    outer loop
      vertex 38.8708 15.8709 16
      vertex 38.8246 16 11
      vertex 38.7716 16.148 16
    endloop
  endfacet
  facet normal 0.941527 0.336937 0
    outer loop
      vertex 38.8246 16 11
      vertex 38.8708 15.8709 16
      vertex 38.8708 15.8709 11
    endloop
  endfacet
  facet normal 0.941454 0.337142 0
    outer loop
      vertex 38.7716 16.148 10
      vertex 38.8246 16 11
      vertex 38.8246 16 10
    endloop
  endfacet
  facet normal 0.904088 -0.427347 0
    outer loop
      vertex 38.6458 9.58581 16
      vertex 38.7716 9.85195 10
      vertex 38.7716 9.85195 16
    endloop
  endfacet
  facet normal 0.904088 -0.427347 0
    outer loop
      vertex 38.7716 9.85195 10
      vertex 38.6458 9.58581 16
      vertex 38.6458 9.58581 10
    endloop
  endfacet
  facet normal 0.941527 -0.336937 0
    outer loop
      vertex 38.8708 10.1291 16
      vertex 38.8246 10 11
      vertex 38.8708 10.1291 11
    endloop
  endfacet
  facet normal 0.941507 -0.336993 1.62382e-06
    outer loop
      vertex 38.7716 9.85195 16
      vertex 38.8246 10 11
      vertex 38.8708 10.1291 16
    endloop
  endfacet
  facet normal 0.94149 -0.337041 0
    outer loop
      vertex 38.7716 9.85195 10
      vertex 38.8246 10 11
      vertex 38.7716 9.85195 16
    endloop
  endfacet
  facet normal 0.94149 -0.337041 0
    outer loop
      vertex 38.8246 10 11
      vertex 38.7716 9.85195 10
      vertex 38.8246 10 10
    endloop
  endfacet
  facet normal 0.989176 -0 0.146733
    outer loop
      vertex 31.9231 -1.75 20.7804
      vertex 31.9807 2 20.3921
      vertex 31.9231 2 20.7804
    endloop
  endfacet
  facet normal 0.989176 0 0.146733
    outer loop
      vertex 31.9807 2 20.3921
      vertex 31.9231 -1.75 20.7804
      vertex 31.9807 -1.75 20.3921
    endloop
  endfacet
  facet normal 0.998791 -0 0.0491626
    outer loop
      vertex 31.9807 -1.75 20.3921
      vertex 32 2 20
      vertex 31.9807 2 20.3921
    endloop
  endfacet
  facet normal 0.998791 0 0.0491626
    outer loop
      vertex 32 2 20
      vertex 31.9807 -1.75 20.3921
      vertex 32 -1.75 20
    endloop
  endfacet
  facet normal -0.989176 0 -0.146733
    outer loop
      vertex 24.0193 -1.75 19.6079
      vertex 24.0769 4.77883 19.2196
      vertex 24.0769 -1.75 19.2196
    endloop
  endfacet
  facet normal -0.989203 1.08416e-05 -0.146555
    outer loop
      vertex 24.0769 4.77883 19.2196
      vertex 24.0193 -1.75 19.6079
      vertex 24.0673 4.81718 19.2844
    endloop
  endfacet
  facet normal -0.989171 0 -0.14677
    outer loop
      vertex 24.0673 4.81718 19.2844
      vertex 24.0193 -1.75 19.6079
      vertex 24.0193 5.14071 19.6079
    endloop
  endfacet
  facet normal 0.970068 -0 0.242835
    outer loop
      vertex 31.8278 -1.75 21.1611
      vertex 31.9231 2 20.7804
      vertex 31.8278 2 21.1611
    endloop
  endfacet
  facet normal 0.970068 0 0.242835
    outer loop
      vertex 31.9231 2 20.7804
      vertex 31.8278 -1.75 21.1611
      vertex 31.9231 -1.75 20.7804
    endloop
  endfacet
  facet normal 0.514084 0 -0.85774
    outer loop
      vertex 29.8856 -1.75 16.4723
      vertex 30.2223 2 16.6741
      vertex 30.2223 -1.75 16.6741
    endloop
  endfacet
  facet normal 0.514084 0 -0.85774
    outer loop
      vertex 30.2223 2 16.6741
      vertex 29.8856 -1.75 16.4723
      vertex 29.8856 2 16.4723
    endloop
  endfacet
  facet normal -0.671465 0 -0.741036
    outer loop
      vertex 25.4624 -1.75 16.908
      vertex 25.3921 2.01926 16.9717
      vertex 25.4624 2.0297 16.908
    endloop
  endfacet
  facet normal -0.671845 -1.28998e-05 -0.740692
    outer loop
      vertex 25.4624 -1.75 16.908
      vertex 25.3609 2.01773 17
      vertex 25.3921 2.01926 16.9717
    endloop
  endfacet
  facet normal -0.671128 0 -0.741341
    outer loop
      vertex 25.3609 2.01773 17
      vertex 25.2796 2.79446 17.0736
      vertex 25.3609 2.7342 17
    endloop
  endfacet
  facet normal -0.671607 -1.2172e-06 -0.740908
    outer loop
      vertex 25.1716 -1.75 17.1716
      vertex 25.3609 2.01773 17
      vertex 25.4624 -1.75 16.908
    endloop
  endfacet
  facet normal -0.67162 -0 -0.740896
    outer loop
      vertex 25.1716 2.89239 17.1716
      vertex 25.3609 2.01773 17
      vertex 25.1716 -1.75 17.1716
    endloop
  endfacet
  facet normal -0.67208 -0.000181401 -0.740478
    outer loop
      vertex 25.3609 2.01773 17
      vertex 25.1716 2.89239 17.1716
      vertex 25.2796 2.79446 17.0736
    endloop
  endfacet
  facet normal 0.337014 0 -0.9415
    outer loop
      vertex 29.1611 -1.75 16.1722
      vertex 29.5307 2 16.3045
      vertex 29.5307 -1.75 16.3045
    endloop
  endfacet
  facet normal 0.337014 0 -0.9415
    outer loop
      vertex 29.5307 2 16.3045
      vertex 29.1611 -1.75 16.1722
      vertex 29.1611 2 16.1722
    endloop
  endfacet
  facet normal -0.595715 -9.1609e-06 0.803196
    outer loop
      vertex 25.4624 -1.75 23.092
      vertex 25.7777 2.45667 23.3259
      vertex 25.5555 2.58986 23.1611
    endloop
  endfacet
  facet normal -0.59599 0 0.802992
    outer loop
      vertex 25.4624 -1.75 23.092
      vertex 25.5555 2.58986 23.1611
      vertex 25.4624 2.65889 23.092
    endloop
  endfacet
  facet normal -0.595794 0 0.803137
    outer loop
      vertex 25.7777 2.45667 23.3259
      vertex 25.4624 -1.75 23.092
      vertex 25.7777 -1.75 23.3259
    endloop
  endfacet
  facet normal 0.9415 -0 0.337014
    outer loop
      vertex 31.6955 -1.75 21.5307
      vertex 31.8278 2 21.1611
      vertex 31.6955 2 21.5307
    endloop
  endfacet
  facet normal 0.9415 0 0.337014
    outer loop
      vertex 31.8278 2 21.1611
      vertex 31.6955 -1.75 21.5307
      vertex 31.8278 -1.75 21.1611
    endloop
  endfacet
  facet normal 0.337014 0 0.9415
    outer loop
      vertex 29.1611 2 23.8278
      vertex 29.5307 -1.75 23.6955
      vertex 29.5307 2 23.6955
    endloop
  endfacet
  facet normal 0.337014 0 0.9415
    outer loop
      vertex 29.5307 -1.75 23.6955
      vertex 29.1611 2 23.8278
      vertex 29.1611 -1.75 23.8278
    endloop
  endfacet
  facet normal -0.0491626 0 -0.998791
    outer loop
      vertex 27.6079 -1.75 16.0193
      vertex 28 2 16
      vertex 28 -1.75 16
    endloop
  endfacet
  facet normal -0.0491626 0 -0.998791
    outer loop
      vertex 28 2 16
      vertex 27.6079 -1.75 16.0193
      vertex 27.6079 2 16.0193
    endloop
  endfacet
  facet normal 0.9415 0 -0.337014
    outer loop
      vertex 31.8278 -1.75 18.8389
      vertex 31.6955 2 18.4693
      vertex 31.8278 2 18.8389
    endloop
  endfacet
  facet normal 0.9415 0 -0.337014
    outer loop
      vertex 31.6955 2 18.4693
      vertex 31.8278 -1.75 18.8389
      vertex 31.6955 -1.75 18.4693
    endloop
  endfacet
  facet normal 0.671607 0 0.740908
    outer loop
      vertex 30.5376 2 23.092
      vertex 30.8284 -1.75 22.8284
      vertex 30.8284 2 22.8284
    endloop
  endfacet
  facet normal 0.671607 0 0.740908
    outer loop
      vertex 30.8284 -1.75 22.8284
      vertex 30.5376 2 23.092
      vertex 30.5376 -1.75 23.092
    endloop
  endfacet
  facet normal -0.427542 1.12839e-05 0.903996
    outer loop
      vertex 26.1144 -1.75 23.5277
      vertex 26.4693 2.15598 23.6955
      vertex 26.1606 2.26642 23.5495
    endloop
  endfacet
  facet normal -0.42674 0 0.904375
    outer loop
      vertex 26.1144 -1.75 23.5277
      vertex 26.1606 2.26642 23.5495
      vertex 26.1144 2.28827 23.5277
    endloop
  endfacet
  facet normal -0.42744 0 0.904044
    outer loop
      vertex 26.4693 2.15598 23.6955
      vertex 26.1144 -1.75 23.5277
      vertex 26.4693 -1.75 23.6955
    endloop
  endfacet
  facet normal -0.671391 -2.59492e-05 0.741103
    outer loop
      vertex 25.1716 -1.75 22.8284
      vertex 25.4624 2.65889 23.092
      vertex 25.2796 2.79446 22.9264
    endloop
  endfacet
  facet normal -0.67199 0 0.74056
    outer loop
      vertex 25.1716 -1.75 22.8284
      vertex 25.2796 2.79446 22.9264
      vertex 25.1716 2.89239 22.8284
    endloop
  endfacet
  facet normal -0.671607 0 0.740908
    outer loop
      vertex 25.4624 2.65889 23.092
      vertex 25.1716 -1.75 22.8284
      vertex 25.4624 -1.75 23.092
    endloop
  endfacet
  facet normal 0.146733 0 0.989176
    outer loop
      vertex 28.3921 2 23.9807
      vertex 28.7804 -1.75 23.9231
      vertex 28.7804 2 23.9231
    endloop
  endfacet
  facet normal 0.146733 0 0.989176
    outer loop
      vertex 28.7804 -1.75 23.9231
      vertex 28.3921 2 23.9807
      vertex 28.3921 -1.75 23.9807
    endloop
  endfacet
  facet normal -0.970065 0 0.242845
    outer loop
      vertex 24.0769 -1.75 20.7804
      vertex 24.1507 4.484 21.0752
      vertex 24.0769 4.77883 20.7804
    endloop
  endfacet
  facet normal -0.970076 2.13921e-06 0.242803
    outer loop
      vertex 24.0769 -1.75 20.7804
      vertex 24.1722 4.42383 21.1611
      vertex 24.1507 4.484 21.0752
    endloop
  endfacet
  facet normal -0.970068 0 0.242835
    outer loop
      vertex 24.1722 4.42383 21.1611
      vertex 24.0769 -1.75 20.7804
      vertex 24.1722 -1.75 21.1611
    endloop
  endfacet
  facet normal -0.904044 0 -0.42744
    outer loop
      vertex 24.3045 -1.75 18.4693
      vertex 24.4723 3.75161 18.1144
      vertex 24.4723 -1.75 18.1144
    endloop
  endfacet
  facet normal -0.904061 2.93185e-06 -0.427403
    outer loop
      vertex 24.4723 3.75161 18.1144
      vertex 24.3045 -1.75 18.4693
      vertex 24.4133 3.85011 18.2392
    endloop
  endfacet
  facet normal -0.904034 0 -0.427461
    outer loop
      vertex 24.4133 3.85011 18.2392
      vertex 24.3045 -1.75 18.4693
      vertex 24.3045 4.08014 18.4693
    endloop
  endfacet
  facet normal 0.803137 0 -0.595794
    outer loop
      vertex 31.3259 -1.75 17.7777
      vertex 31.092 2 17.4624
      vertex 31.3259 2 17.7777
    endloop
  endfacet
  facet normal 0.803137 0 -0.595794
    outer loop
      vertex 31.092 2 17.4624
      vertex 31.3259 -1.75 17.7777
      vertex 31.092 -1.75 17.4624
    endloop
  endfacet
  facet normal 0.242835 0 0.970068
    outer loop
      vertex 28.7804 2 23.9231
      vertex 29.1611 -1.75 23.8278
      vertex 29.1611 2 23.8278
    endloop
  endfacet
  facet normal 0.242835 0 0.970068
    outer loop
      vertex 29.1611 -1.75 23.8278
      vertex 28.7804 2 23.9231
      vertex 28.7804 -1.75 23.9231
    endloop
  endfacet
  facet normal -0.595794 -0 -0.803137
    outer loop
      vertex 25.4624 2.0297 16.908
      vertex 25.7777 -1.75 16.6741
      vertex 25.4624 -1.75 16.908
    endloop
  endfacet
  facet normal -0.595794 0 -0.803137
    outer loop
      vertex 25.7777 -1.75 16.6741
      vertex 25.4624 2.0297 16.908
      vertex 25.7777 2.07647 16.6741
    endloop
  endfacet
  facet normal 0.242835 0 -0.970068
    outer loop
      vertex 28.7804 -1.75 16.0769
      vertex 29.1611 2 16.1722
      vertex 29.1611 -1.75 16.1722
    endloop
  endfacet
  facet normal 0.242835 0 -0.970068
    outer loop
      vertex 29.1611 2 16.1722
      vertex 28.7804 -1.75 16.0769
      vertex 28.7804 2 16.0769
    endloop
  endfacet
  facet normal 0.989176 0 -0.146733
    outer loop
      vertex 31.9807 -1.75 19.6079
      vertex 31.9231 2 19.2196
      vertex 31.9807 2 19.6079
    endloop
  endfacet
  facet normal 0.989176 0 -0.146733
    outer loop
      vertex 31.9231 2 19.2196
      vertex 31.9807 -1.75 19.6079
      vertex 31.9231 -1.75 19.2196
    endloop
  endfacet
  facet normal 0.85774 0 -0.514084
    outer loop
      vertex 31.5277 -1.75 18.1144
      vertex 31.3259 2 17.7777
      vertex 31.5277 2 18.1144
    endloop
  endfacet
  facet normal 0.85774 0 -0.514084
    outer loop
      vertex 31.3259 2 17.7777
      vertex 31.5277 -1.75 18.1144
      vertex 31.3259 -1.75 17.7777
    endloop
  endfacet
  facet normal 0.0491626 0 0.998791
    outer loop
      vertex 28 2 24
      vertex 28.3921 -1.75 23.9807
      vertex 28.3921 2 23.9807
    endloop
  endfacet
  facet normal 0.0491626 0 0.998791
    outer loop
      vertex 28.3921 -1.75 23.9807
      vertex 28 2 24
      vertex 28 -1.75 24
    endloop
  endfacet
  facet normal 0.42744 0 0.904044
    outer loop
      vertex 29.5307 2 23.6955
      vertex 29.8856 -1.75 23.5277
      vertex 29.8856 2 23.5277
    endloop
  endfacet
  facet normal 0.42744 0 0.904044
    outer loop
      vertex 29.8856 -1.75 23.5277
      vertex 29.5307 2 23.6955
      vertex 29.5307 -1.75 23.6955
    endloop
  endfacet
  facet normal -0.85774 0 -0.514084
    outer loop
      vertex 24.4723 -1.75 18.1144
      vertex 24.6741 3.44189 17.7777
      vertex 24.6741 -1.75 17.7777
    endloop
  endfacet
  facet normal -0.857914 2.5618e-05 -0.513793
    outer loop
      vertex 24.6741 3.44189 17.7777
      vertex 24.4723 -1.75 18.1144
      vertex 24.5899 3.5555 17.9183
    endloop
  endfacet
  facet normal -0.857609 0 -0.514303
    outer loop
      vertex 24.5899 3.5555 17.9183
      vertex 24.4723 -1.75 18.1144
      vertex 24.4723 3.75161 18.1144
    endloop
  endfacet
  facet normal 0.671607 0 -0.740908
    outer loop
      vertex 30.5376 -1.75 16.908
      vertex 30.8284 2 17.1716
      vertex 30.8284 -1.75 17.1716
    endloop
  endfacet
  facet normal 0.671607 0 -0.740908
    outer loop
      vertex 30.8284 2 17.1716
      vertex 30.5376 -1.75 16.908
      vertex 30.5376 2 16.908
    endloop
  endfacet
  facet normal -0.9415 0 -0.337014
    outer loop
      vertex 24.1722 -1.75 18.8389
      vertex 24.3045 4.08014 18.4693
      vertex 24.3045 -1.75 18.4693
    endloop
  endfacet
  facet normal -0.941367 -2.64806e-05 -0.337384
    outer loop
      vertex 24.3045 4.08014 18.4693
      vertex 24.1722 -1.75 18.8389
      vertex 24.2664 4.16061 18.5756
    endloop
  endfacet
  facet normal -0.941556 0 -0.336857
    outer loop
      vertex 24.2664 4.16061 18.5756
      vertex 24.1722 -1.75 18.8389
      vertex 24.1722 4.42383 18.8389
    endloop
  endfacet
  facet normal -0.2429 0 0.970051
    outer loop
      vertex 27.1569 2.01685 23.9074
      vertex 27.2196 -1.75 23.9231
      vertex 27.2196 2.01377 23.9231
    endloop
  endfacet
  facet normal -0.242823 0 0.970071
    outer loop
      vertex 26.8389 -1.75 23.8278
      vertex 27.1569 2.01685 23.9074
      vertex 26.8389 2.06404 23.8278
    endloop
  endfacet
  facet normal -0.242835 1.13645e-06 0.970068
    outer loop
      vertex 27.1569 2.01685 23.9074
      vertex 26.8389 -1.75 23.8278
      vertex 27.2196 -1.75 23.9231
    endloop
  endfacet
  facet normal 0.803137 -0 0.595794
    outer loop
      vertex 31.092 -1.75 22.5376
      vertex 31.3259 2 22.2223
      vertex 31.092 2 22.5376
    endloop
  endfacet
  facet normal 0.803137 0 0.595794
    outer loop
      vertex 31.3259 2 22.2223
      vertex 31.092 -1.75 22.5376
      vertex 31.3259 -1.75 22.2223
    endloop
  endfacet
  facet normal -0.338241 0.000134179 0.941059
    outer loop
      vertex 26.4693 -1.75 23.6955
      vertex 26.8389 2.06404 23.8278
      vertex 26.8172 2.06725 23.82
    endloop
  endfacet
  facet normal -0.33684 -9.92989e-06 0.941562
    outer loop
      vertex 26.4693 -1.75 23.6955
      vertex 26.8172 2.06725 23.82
      vertex 26.484 2.15071 23.7008
    endloop
  endfacet
  facet normal -0.339173 0 0.940724
    outer loop
      vertex 26.4693 -1.75 23.6955
      vertex 26.484 2.15071 23.7008
      vertex 26.4693 2.15598 23.6955
    endloop
  endfacet
  facet normal -0.337014 0 0.9415
    outer loop
      vertex 26.8389 2.06404 23.8278
      vertex 26.4693 -1.75 23.6955
      vertex 26.8389 -1.75 23.8278
    endloop
  endfacet
  facet normal -0.970068 0 -0.242835
    outer loop
      vertex 24.0769 -1.75 19.2196
      vertex 24.1722 4.42383 18.8389
      vertex 24.1722 -1.75 18.8389
    endloop
  endfacet
  facet normal -0.970076 2.13921e-06 -0.242803
    outer loop
      vertex 24.1722 4.42383 18.8389
      vertex 24.0769 -1.75 19.2196
      vertex 24.1507 4.484 18.9248
    endloop
  endfacet
  facet normal -0.970065 0 -0.242845
    outer loop
      vertex 24.1507 4.484 18.9248
      vertex 24.0769 -1.75 19.2196
      vertex 24.0769 4.77883 19.2196
    endloop
  endfacet
  facet normal -0.146682 0 0.989184
    outer loop
      vertex 27.5 2 23.9647
      vertex 27.6079 -1.75 23.9807
      vertex 27.6079 2 23.9807
    endloop
  endfacet
  facet normal -0.146753 0 0.989173
    outer loop
      vertex 27.2196 -1.75 23.9231
      vertex 27.5 2 23.9647
      vertex 27.2196 2.01377 23.9231
    endloop
  endfacet
  facet normal -0.146733 -1.52168e-06 0.989176
    outer loop
      vertex 27.5 2 23.9647
      vertex 27.2196 -1.75 23.9231
      vertex 27.6079 -1.75 23.9807
    endloop
  endfacet
  facet normal 0.998791 0 -0.0491626
    outer loop
      vertex 32 -1.75 20
      vertex 31.9807 2 19.6079
      vertex 32 2 20
    endloop
  endfacet
  facet normal 0.998791 0 -0.0491626
    outer loop
      vertex 31.9807 2 19.6079
      vertex 32 -1.75 20
      vertex 31.9807 -1.75 19.6079
    endloop
  endfacet
  facet normal 0.85774 -0 0.514084
    outer loop
      vertex 31.3259 -1.75 22.2223
      vertex 31.5277 2 21.8856
      vertex 31.3259 2 22.2223
    endloop
  endfacet
  facet normal 0.85774 0 0.514084
    outer loop
      vertex 31.5277 2 21.8856
      vertex 31.3259 -1.75 22.2223
      vertex 31.5277 -1.75 21.8856
    endloop
  endfacet
  facet normal 0.514084 0 0.85774
    outer loop
      vertex 29.8856 2 23.5277
      vertex 30.2223 -1.75 23.3259
      vertex 30.2223 2 23.3259
    endloop
  endfacet
  facet normal 0.514084 0 0.85774
    outer loop
      vertex 30.2223 -1.75 23.3259
      vertex 29.8856 2 23.5277
      vertex 29.8856 -1.75 23.5277
    endloop
  endfacet
  facet normal 0.595794 0 0.803137
    outer loop
      vertex 30.2223 2 23.3259
      vertex 30.5376 -1.75 23.092
      vertex 30.5376 2 23.092
    endloop
  endfacet
  facet normal 0.595794 0 0.803137
    outer loop
      vertex 30.5376 -1.75 23.092
      vertex 30.2223 2 23.3259
      vertex 30.2223 -1.75 23.3259
    endloop
  endfacet
  facet normal 0.146733 0 -0.989176
    outer loop
      vertex 28.3921 -1.75 16.0193
      vertex 28.7804 2 16.0769
      vertex 28.7804 -1.75 16.0769
    endloop
  endfacet
  facet normal 0.146733 0 -0.989176
    outer loop
      vertex 28.7804 2 16.0769
      vertex 28.3921 -1.75 16.0193
      vertex 28.3921 2 16.0193
    endloop
  endfacet
  facet normal 0.970068 0 -0.242835
    outer loop
      vertex 31.9231 -1.75 19.2196
      vertex 31.8278 2 18.8389
      vertex 31.9231 2 19.2196
    endloop
  endfacet
  facet normal 0.970068 0 -0.242835
    outer loop
      vertex 31.8278 2 18.8389
      vertex 31.9231 -1.75 19.2196
      vertex 31.8278 -1.75 18.8389
    endloop
  endfacet
  facet normal -0.998791 0 -0.0491626
    outer loop
      vertex 24 -1.75 20
      vertex 24.0193 5.14071 19.6079
      vertex 24.0193 -1.75 19.6079
    endloop
  endfacet
  facet normal -0.998802 1.353e-05 -0.0489254
    outer loop
      vertex 24.0193 5.14071 19.6079
      vertex 24 -1.75 20
      vertex 24.0169 5.15694 19.6569
    endloop
  endfacet
  facet normal -0.998789 0 -0.0491971
    outer loop
      vertex 24.0169 5.15694 19.6569
      vertex 24 -1.75 20
      vertex 24 5.5 20
    endloop
  endfacet
  facet normal -0.998789 0 0.0491971
    outer loop
      vertex 24 -1.75 20
      vertex 24.0169 5.15694 20.3431
      vertex 24 5.5 20
    endloop
  endfacet
  facet normal -0.998802 1.353e-05 0.0489254
    outer loop
      vertex 24 -1.75 20
      vertex 24.0193 5.14071 20.3921
      vertex 24.0169 5.15694 20.3431
    endloop
  endfacet
  facet normal -0.998791 0 0.0491626
    outer loop
      vertex 24.0193 5.14071 20.3921
      vertex 24 -1.75 20
      vertex 24.0193 -1.75 20.3921
    endloop
  endfacet
  facet normal -0.514067 -1.90198e-06 0.85775
    outer loop
      vertex 25.7777 -1.75 23.3259
      vertex 26.1144 2.28827 23.5277
      vertex 25.8501 2.41327 23.3693
    endloop
  endfacet
  facet normal -0.514147 0 0.857702
    outer loop
      vertex 25.7777 -1.75 23.3259
      vertex 25.8501 2.41327 23.3693
      vertex 25.7777 2.45667 23.3259
    endloop
  endfacet
  facet normal -0.514084 0 0.85774
    outer loop
      vertex 26.1144 2.28827 23.5277
      vertex 25.7777 -1.75 23.3259
      vertex 26.1144 -1.75 23.5277
    endloop
  endfacet
  facet normal -0.2429 0 -0.970051
    outer loop
      vertex 27.2196 -1.75 16.0769
      vertex 27.1569 2.01685 16.0926
      vertex 27.2196 2.01377 16.0769
    endloop
  endfacet
  facet normal -0.242835 1.13645e-06 -0.970068
    outer loop
      vertex 26.8389 -1.75 16.1722
      vertex 27.1569 2.01685 16.0926
      vertex 27.2196 -1.75 16.0769
    endloop
  endfacet
  facet normal -0.242823 0 -0.970071
    outer loop
      vertex 27.1569 2.01685 16.0926
      vertex 26.8389 -1.75 16.1722
      vertex 26.8389 2.06404 16.1722
    endloop
  endfacet
  facet normal 0.904044 -0 0.42744
    outer loop
      vertex 31.5277 -1.75 21.8856
      vertex 31.6955 2 21.5307
      vertex 31.5277 2 21.8856
    endloop
  endfacet
  facet normal 0.904044 0 0.42744
    outer loop
      vertex 31.6955 2 21.5307
      vertex 31.5277 -1.75 21.8856
      vertex 31.6955 -1.75 21.5307
    endloop
  endfacet
  facet normal -0.740951 0 0.671559
    outer loop
      vertex 24.908 -1.75 22.5376
      vertex 25.0251 3.02513 22.6668
      vertex 24.908 3.1544 22.5376
    endloop
  endfacet
  facet normal -0.740875 -4.17018e-06 0.671643
    outer loop
      vertex 24.908 -1.75 22.5376
      vertex 25.1716 2.89239 22.8284
      vertex 25.0251 3.02513 22.6668
    endloop
  endfacet
  facet normal -0.740908 0 0.671607
    outer loop
      vertex 25.1716 2.89239 22.8284
      vertex 24.908 -1.75 22.5376
      vertex 25.1716 -1.75 22.8284
    endloop
  endfacet
  facet normal -0.803137 0 -0.595794
    outer loop
      vertex 24.6741 -1.75 17.7777
      vertex 24.908 3.1544 17.4624
      vertex 24.908 -1.75 17.4624
    endloop
  endfacet
  facet normal -0.803315 2.39263e-05 -0.595554
    outer loop
      vertex 24.908 3.1544 17.4624
      vertex 24.6741 -1.75 17.7777
      vertex 24.7945 3.27962 17.6155
    endloop
  endfacet
  facet normal -0.80296 0 -0.596032
    outer loop
      vertex 24.7945 3.27962 17.6155
      vertex 24.6741 -1.75 17.7777
      vertex 24.6741 3.44189 17.7777
    endloop
  endfacet
  facet normal -0.514118 0 -0.857719
    outer loop
      vertex 26.1144 -1.75 16.4723
      vertex 25.7804 2.07686 16.6725
      vertex 26.1144 2.16053 16.4723
    endloop
  endfacet
  facet normal -0.514084 -0 -0.85774
    outer loop
      vertex 25.7777 2.07647 16.6741
      vertex 26.1144 -1.75 16.4723
      vertex 25.7777 -1.75 16.6741
    endloop
  endfacet
  facet normal -0.509856 0.000504836 -0.860259
    outer loop
      vertex 26.1144 -1.75 16.4723
      vertex 25.7777 2.07647 16.6741
      vertex 25.7804 2.07686 16.6725
    endloop
  endfacet
  facet normal -0.904034 0 0.427461
    outer loop
      vertex 24.3045 -1.75 21.5307
      vertex 24.4133 3.85011 21.7608
      vertex 24.3045 4.08014 21.5307
    endloop
  endfacet
  facet normal -0.904061 2.93185e-06 0.427403
    outer loop
      vertex 24.3045 -1.75 21.5307
      vertex 24.4723 3.75161 21.8856
      vertex 24.4133 3.85011 21.7608
    endloop
  endfacet
  facet normal -0.904044 0 0.42744
    outer loop
      vertex 24.4723 3.75161 21.8856
      vertex 24.3045 -1.75 21.5307
      vertex 24.4723 -1.75 21.8856
    endloop
  endfacet
  facet normal -0.941556 0 0.336857
    outer loop
      vertex 24.1722 -1.75 21.1611
      vertex 24.2664 4.16061 21.4244
      vertex 24.1722 4.42383 21.1611
    endloop
  endfacet
  facet normal -0.941367 -2.64806e-05 0.337384
    outer loop
      vertex 24.1722 -1.75 21.1611
      vertex 24.3045 4.08014 21.5307
      vertex 24.2664 4.16061 21.4244
    endloop
  endfacet
  facet normal -0.9415 0 0.337014
    outer loop
      vertex 24.3045 4.08014 21.5307
      vertex 24.1722 -1.75 21.1611
      vertex 24.3045 -1.75 21.5307
    endloop
  endfacet
  facet normal 0 -1 0
    outer loop
      vertex 28 -1.75 22.1
      vertex 28 -1.75 24
      vertex 27.6079 -1.75 23.9807
    endloop
  endfacet
  facet normal 0 -1 0
    outer loop
      vertex 27.7942 -1.75 22.0899
      vertex 27.6079 -1.75 23.9807
      vertex 27.2196 -1.75 23.9231
    endloop
  endfacet
  facet normal 0 -1 0
    outer loop
      vertex 28 -1.75 24
      vertex 28 -1.75 22.1
      vertex 28.3921 -1.75 23.9807
    endloop
  endfacet
  facet normal 0 -1 0
    outer loop
      vertex 27.5903 -1.75 22.0596
      vertex 27.2196 -1.75 23.9231
      vertex 26.8389 -1.75 23.8278
    endloop
  endfacet
  facet normal 0 -1 0
    outer loop
      vertex 28.2058 -1.75 22.0899
      vertex 28.3921 -1.75 23.9807
      vertex 28 -1.75 22.1
    endloop
  endfacet
  facet normal 0 -1 0
    outer loop
      vertex 27.3904 -1.75 22.0096
      vertex 26.8389 -1.75 23.8278
      vertex 26.4693 -1.75 23.6955
    endloop
  endfacet
  facet normal 0 -1 -0
    outer loop
      vertex 28.3921 -1.75 23.9807
      vertex 28.2058 -1.75 22.0899
      vertex 28.7804 -1.75 23.9231
    endloop
  endfacet
  facet normal 0 -1 0
    outer loop
      vertex 27.1964 -1.75 21.9401
      vertex 26.4693 -1.75 23.6955
      vertex 26.1144 -1.75 23.5277
    endloop
  endfacet
  facet normal 0 -1 0
    outer loop
      vertex 28.4097 -1.75 22.0596
      vertex 28.7804 -1.75 23.9231
      vertex 28.2058 -1.75 22.0899
    endloop
  endfacet
  facet normal 0 -1 0
    outer loop
      vertex 27.0101 -1.75 21.852
      vertex 26.1144 -1.75 23.5277
      vertex 25.7777 -1.75 23.3259
    endloop
  endfacet
  facet normal 0 -1 -0
    outer loop
      vertex 28.7804 -1.75 23.9231
      vertex 28.4097 -1.75 22.0596
      vertex 29.1611 -1.75 23.8278
    endloop
  endfacet
  facet normal 0 -1 0
    outer loop
      vertex 26.8333 -1.75 21.7461
      vertex 25.7777 -1.75 23.3259
      vertex 25.4624 -1.75 23.092
    endloop
  endfacet
  facet normal 0 -1 0
    outer loop
      vertex 28.6096 -1.75 22.0096
      vertex 29.1611 -1.75 23.8278
      vertex 28.4097 -1.75 22.0596
    endloop
  endfacet
  facet normal 0 -1 0
    outer loop
      vertex 26.6678 -1.75 21.6233
      vertex 25.4624 -1.75 23.092
      vertex 25.1716 -1.75 22.8284
    endloop
  endfacet
  facet normal 0 -1 -0
    outer loop
      vertex 29.1611 -1.75 23.8278
      vertex 28.6096 -1.75 22.0096
      vertex 29.5307 -1.75 23.6955
    endloop
  endfacet
  facet normal 0 -1 0
    outer loop
      vertex 26.5151 -1.75 21.4849
      vertex 25.1716 -1.75 22.8284
      vertex 24.908 -1.75 22.5376
    endloop
  endfacet
  facet normal 0 -1 0
    outer loop
      vertex 28.8036 -1.75 21.9401
      vertex 29.5307 -1.75 23.6955
      vertex 28.6096 -1.75 22.0096
    endloop
  endfacet
  facet normal 0 -1 0
    outer loop
      vertex 26.3767 -1.75 21.3322
      vertex 24.908 -1.75 22.5376
      vertex 24.6741 -1.75 22.2223
    endloop
  endfacet
  facet normal 0 -1 -0
    outer loop
      vertex 29.5307 -1.75 23.6955
      vertex 28.8036 -1.75 21.9401
      vertex 29.8856 -1.75 23.5277
    endloop
  endfacet
  facet normal 0 -1 0
    outer loop
      vertex 28.9899 -1.75 21.852
      vertex 29.8856 -1.75 23.5277
      vertex 28.8036 -1.75 21.9401
    endloop
  endfacet
  facet normal 0 -1 0
    outer loop
      vertex 27.6079 -1.75 23.9807
      vertex 27.7942 -1.75 22.0899
      vertex 28 -1.75 22.1
    endloop
  endfacet
  facet normal 0 -1 0
    outer loop
      vertex 27.2196 -1.75 23.9231
      vertex 27.5903 -1.75 22.0596
      vertex 27.7942 -1.75 22.0899
    endloop
  endfacet
  facet normal 0 -1 0
    outer loop
      vertex 26.8389 -1.75 23.8278
      vertex 27.3904 -1.75 22.0096
      vertex 27.5903 -1.75 22.0596
    endloop
  endfacet
  facet normal 0 -1 0
    outer loop
      vertex 26.4693 -1.75 23.6955
      vertex 27.1964 -1.75 21.9401
      vertex 27.3904 -1.75 22.0096
    endloop
  endfacet
  facet normal 0 -1 0
    outer loop
      vertex 26.2539 -1.75 21.1667
      vertex 24.6741 -1.75 22.2223
      vertex 24.4723 -1.75 21.8856
    endloop
  endfacet
  facet normal 0 -1 0
    outer loop
      vertex 26.1144 -1.75 23.5277
      vertex 27.0101 -1.75 21.852
      vertex 27.1964 -1.75 21.9401
    endloop
  endfacet
  facet normal 0 -1 0
    outer loop
      vertex 25.7777 -1.75 23.3259
      vertex 26.8333 -1.75 21.7461
      vertex 27.0101 -1.75 21.852
    endloop
  endfacet
  facet normal 0 -1 0
    outer loop
      vertex 25.4624 -1.75 23.092
      vertex 26.6678 -1.75 21.6233
      vertex 26.8333 -1.75 21.7461
    endloop
  endfacet
  facet normal 0 -1 0
    outer loop
      vertex 26.148 -1.75 20.9899
      vertex 24.4723 -1.75 21.8856
      vertex 24.3045 -1.75 21.5307
    endloop
  endfacet
  facet normal 0 -1 0
    outer loop
      vertex 25.1716 -1.75 22.8284
      vertex 26.5151 -1.75 21.4849
      vertex 26.6678 -1.75 21.6233
    endloop
  endfacet
  facet normal 0 -1 0
    outer loop
      vertex 24.908 -1.75 22.5376
      vertex 26.3767 -1.75 21.3322
      vertex 26.5151 -1.75 21.4849
    endloop
  endfacet
  facet normal 0 -1 0
    outer loop
      vertex 24.6741 -1.75 22.2223
      vertex 26.2539 -1.75 21.1667
      vertex 26.3767 -1.75 21.3322
    endloop
  endfacet
  facet normal 0 -1 0
    outer loop
      vertex 26.0599 -1.75 20.8036
      vertex 24.3045 -1.75 21.5307
      vertex 24.1722 -1.75 21.1611
    endloop
  endfacet
  facet normal 0 -1 0
    outer loop
      vertex 24.4723 -1.75 21.8856
      vertex 26.148 -1.75 20.9899
      vertex 26.2539 -1.75 21.1667
    endloop
  endfacet
  facet normal 0 -1 0
    outer loop
      vertex 24.3045 -1.75 21.5307
      vertex 26.0599 -1.75 20.8036
      vertex 26.148 -1.75 20.9899
    endloop
  endfacet
  facet normal 0 -1 0
    outer loop
      vertex 25.9904 -1.75 20.6096
      vertex 24.1722 -1.75 21.1611
      vertex 24.0769 -1.75 20.7804
    endloop
  endfacet
  facet normal 0 -1 0
    outer loop
      vertex 24.1722 -1.75 21.1611
      vertex 25.9904 -1.75 20.6096
      vertex 26.0599 -1.75 20.8036
    endloop
  endfacet
  facet normal 0 -1 0
    outer loop
      vertex 24.0769 -1.75 20.7804
      vertex 25.9403 -1.75 20.4097
      vertex 25.9904 -1.75 20.6096
    endloop
  endfacet
  facet normal 0 -1 0
    outer loop
      vertex 24.0193 -1.75 20.3921
      vertex 25.9403 -1.75 20.4097
      vertex 24.0769 -1.75 20.7804
    endloop
  endfacet
  facet normal 0 -1 0
    outer loop
      vertex 24.0193 -1.75 20.3921
      vertex 25.9101 -1.75 20.2058
      vertex 25.9403 -1.75 20.4097
    endloop
  endfacet
  facet normal 0 -1 0
    outer loop
      vertex 24 -1.75 20
      vertex 25.9101 -1.75 20.2058
      vertex 24.0193 -1.75 20.3921
    endloop
  endfacet
  facet normal 0 -1 0
    outer loop
      vertex 24 -1.75 20
      vertex 25.9 -1.75 20
      vertex 25.9101 -1.75 20.2058
    endloop
  endfacet
  facet normal 0 -1 0
    outer loop
      vertex 24 -1.75 20
      vertex 25.9101 -1.75 19.7942
      vertex 25.9 -1.75 20
    endloop
  endfacet
  facet normal 0 -1 0
    outer loop
      vertex 24.0193 -1.75 19.6079
      vertex 25.9101 -1.75 19.7942
      vertex 24 -1.75 20
    endloop
  endfacet
  facet normal 0 -1 0
    outer loop
      vertex 24.0193 -1.75 19.6079
      vertex 25.9403 -1.75 19.5903
      vertex 25.9101 -1.75 19.7942
    endloop
  endfacet
  facet normal 0 -1 0
    outer loop
      vertex 24.0769 -1.75 19.2196
      vertex 25.9403 -1.75 19.5903
      vertex 24.0193 -1.75 19.6079
    endloop
  endfacet
  facet normal 0 -1 -0
    outer loop
      vertex 25.9403 -1.75 19.5903
      vertex 24.0769 -1.75 19.2196
      vertex 25.9904 -1.75 19.3904
    endloop
  endfacet
  facet normal 0 -1 0
    outer loop
      vertex 24.1722 -1.75 18.8389
      vertex 25.9904 -1.75 19.3904
      vertex 24.0769 -1.75 19.2196
    endloop
  endfacet
  facet normal 0 -1 -0
    outer loop
      vertex 25.9904 -1.75 19.3904
      vertex 24.1722 -1.75 18.8389
      vertex 26.0599 -1.75 19.1964
    endloop
  endfacet
  facet normal 0 -1 0
    outer loop
      vertex 24.3045 -1.75 18.4693
      vertex 26.0599 -1.75 19.1964
      vertex 24.1722 -1.75 18.8389
    endloop
  endfacet
  facet normal 0 -1 -0
    outer loop
      vertex 26.0599 -1.75 19.1964
      vertex 24.3045 -1.75 18.4693
      vertex 26.148 -1.75 19.0101
    endloop
  endfacet
  facet normal 0 -1 0
    outer loop
      vertex 24.4723 -1.75 18.1144
      vertex 26.148 -1.75 19.0101
      vertex 24.3045 -1.75 18.4693
    endloop
  endfacet
  facet normal 0 -1 -0
    outer loop
      vertex 26.148 -1.75 19.0101
      vertex 24.4723 -1.75 18.1144
      vertex 26.2539 -1.75 18.8333
    endloop
  endfacet
  facet normal 0 -1 0
    outer loop
      vertex 24.6741 -1.75 17.7777
      vertex 26.2539 -1.75 18.8333
      vertex 24.4723 -1.75 18.1144
    endloop
  endfacet
  facet normal 0 -1 -0
    outer loop
      vertex 26.2539 -1.75 18.8333
      vertex 24.6741 -1.75 17.7777
      vertex 26.3767 -1.75 18.6678
    endloop
  endfacet
  facet normal 0 -1 0
    outer loop
      vertex 24.908 -1.75 17.4624
      vertex 26.3767 -1.75 18.6678
      vertex 24.6741 -1.75 17.7777
    endloop
  endfacet
  facet normal 0 -1 -0
    outer loop
      vertex 26.3767 -1.75 18.6678
      vertex 24.908 -1.75 17.4624
      vertex 26.5151 -1.75 18.5151
    endloop
  endfacet
  facet normal 0 -1 0
    outer loop
      vertex 25.1716 -1.75 17.1716
      vertex 26.5151 -1.75 18.5151
      vertex 24.908 -1.75 17.4624
    endloop
  endfacet
  facet normal 0 -1 -0
    outer loop
      vertex 26.5151 -1.75 18.5151
      vertex 25.1716 -1.75 17.1716
      vertex 26.6678 -1.75 18.3767
    endloop
  endfacet
  facet normal 0 -1 0
    outer loop
      vertex 25.4624 -1.75 16.908
      vertex 26.6678 -1.75 18.3767
      vertex 25.1716 -1.75 17.1716
    endloop
  endfacet
  facet normal 0 -1 -0
    outer loop
      vertex 26.6678 -1.75 18.3767
      vertex 25.4624 -1.75 16.908
      vertex 26.8333 -1.75 18.2539
    endloop
  endfacet
  facet normal 0 -1 0
    outer loop
      vertex 25.7777 -1.75 16.6741
      vertex 26.8333 -1.75 18.2539
      vertex 25.4624 -1.75 16.908
    endloop
  endfacet
  facet normal 0 -1 0
    outer loop
      vertex 26.1144 -1.75 16.4723
      vertex 27.0101 -1.75 18.148
      vertex 25.7777 -1.75 16.6741
    endloop
  endfacet
  facet normal 0 -1 -0
    outer loop
      vertex 26.8333 -1.75 18.2539
      vertex 25.7777 -1.75 16.6741
      vertex 27.0101 -1.75 18.148
    endloop
  endfacet
  facet normal 0 -1 -0
    outer loop
      vertex 29.8856 -1.75 23.5277
      vertex 28.9899 -1.75 21.852
      vertex 30.2223 -1.75 23.3259
    endloop
  endfacet
  facet normal 0 -1 0
    outer loop
      vertex 29.1667 -1.75 21.7461
      vertex 30.2223 -1.75 23.3259
      vertex 28.9899 -1.75 21.852
    endloop
  endfacet
  facet normal 0 -1 -0
    outer loop
      vertex 30.2223 -1.75 23.3259
      vertex 29.1667 -1.75 21.7461
      vertex 30.5376 -1.75 23.092
    endloop
  endfacet
  facet normal 0 -1 0
    outer loop
      vertex 29.3322 -1.75 21.6233
      vertex 30.5376 -1.75 23.092
      vertex 29.1667 -1.75 21.7461
    endloop
  endfacet
  facet normal 0 -1 -0
    outer loop
      vertex 30.5376 -1.75 23.092
      vertex 29.3322 -1.75 21.6233
      vertex 30.8284 -1.75 22.8284
    endloop
  endfacet
  facet normal 0 -1 0
    outer loop
      vertex 29.4849 -1.75 21.4849
      vertex 30.8284 -1.75 22.8284
      vertex 29.3322 -1.75 21.6233
    endloop
  endfacet
  facet normal 0 -1 -0
    outer loop
      vertex 30.8284 -1.75 22.8284
      vertex 29.4849 -1.75 21.4849
      vertex 31.092 -1.75 22.5376
    endloop
  endfacet
  facet normal 0 -1 0
    outer loop
      vertex 29.6233 -1.75 21.3322
      vertex 31.092 -1.75 22.5376
      vertex 29.4849 -1.75 21.4849
    endloop
  endfacet
  facet normal 0 -1 -0
    outer loop
      vertex 31.092 -1.75 22.5376
      vertex 29.6233 -1.75 21.3322
      vertex 31.3259 -1.75 22.2223
    endloop
  endfacet
  facet normal 0 -1 0
    outer loop
      vertex 29.7461 -1.75 21.1667
      vertex 31.3259 -1.75 22.2223
      vertex 29.6233 -1.75 21.3322
    endloop
  endfacet
  facet normal 0 -1 -0
    outer loop
      vertex 31.3259 -1.75 22.2223
      vertex 29.7461 -1.75 21.1667
      vertex 31.5277 -1.75 21.8856
    endloop
  endfacet
  facet normal 0 -1 0
    outer loop
      vertex 29.852 -1.75 20.9899
      vertex 31.5277 -1.75 21.8856
      vertex 29.7461 -1.75 21.1667
    endloop
  endfacet
  facet normal 0 -1 -0
    outer loop
      vertex 31.5277 -1.75 21.8856
      vertex 29.852 -1.75 20.9899
      vertex 31.6955 -1.75 21.5307
    endloop
  endfacet
  facet normal 0 -1 0
    outer loop
      vertex 29.9401 -1.75 20.8036
      vertex 31.6955 -1.75 21.5307
      vertex 29.852 -1.75 20.9899
    endloop
  endfacet
  facet normal 0 -1 -0
    outer loop
      vertex 31.6955 -1.75 21.5307
      vertex 29.9401 -1.75 20.8036
      vertex 31.8278 -1.75 21.1611
    endloop
  endfacet
  facet normal 0 -1 0
    outer loop
      vertex 30.0096 -1.75 20.6096
      vertex 31.8278 -1.75 21.1611
      vertex 29.9401 -1.75 20.8036
    endloop
  endfacet
  facet normal 0 -1 -0
    outer loop
      vertex 31.8278 -1.75 21.1611
      vertex 30.0096 -1.75 20.6096
      vertex 31.9231 -1.75 20.7804
    endloop
  endfacet
  facet normal 0 -1 0
    outer loop
      vertex 30.0596 -1.75 20.4097
      vertex 31.9231 -1.75 20.7804
      vertex 30.0096 -1.75 20.6096
    endloop
  endfacet
  facet normal 0 -1 0
    outer loop
      vertex 30.0596 -1.75 20.4097
      vertex 31.9807 -1.75 20.3921
      vertex 31.9231 -1.75 20.7804
    endloop
  endfacet
  facet normal 0 -1 0
    outer loop
      vertex 30.0899 -1.75 20.2058
      vertex 31.9807 -1.75 20.3921
      vertex 30.0596 -1.75 20.4097
    endloop
  endfacet
  facet normal 0 -1 0
    outer loop
      vertex 30.1 -1.75 20
      vertex 31.9807 -1.75 20.3921
      vertex 30.0899 -1.75 20.2058
    endloop
  endfacet
  facet normal 0 -1 0
    outer loop
      vertex 30.1 -1.75 20
      vertex 32 -1.75 20
      vertex 31.9807 -1.75 20.3921
    endloop
  endfacet
  facet normal 0 -1 0
    outer loop
      vertex 30.0899 -1.75 19.7942
      vertex 32 -1.75 20
      vertex 30.1 -1.75 20
    endloop
  endfacet
  facet normal 0 -1 0
    outer loop
      vertex 30.0899 -1.75 19.7942
      vertex 31.9807 -1.75 19.6079
      vertex 32 -1.75 20
    endloop
  endfacet
  facet normal 0 -1 0
    outer loop
      vertex 30.0596 -1.75 19.5903
      vertex 31.9807 -1.75 19.6079
      vertex 30.0899 -1.75 19.7942
    endloop
  endfacet
  facet normal 0 -1 0
    outer loop
      vertex 31.9231 -1.75 19.2196
      vertex 30.0596 -1.75 19.5903
      vertex 30.0096 -1.75 19.3904
    endloop
  endfacet
  facet normal 0 -1 0
    outer loop
      vertex 30.0596 -1.75 19.5903
      vertex 31.9231 -1.75 19.2196
      vertex 31.9807 -1.75 19.6079
    endloop
  endfacet
  facet normal 0 -1 0
    outer loop
      vertex 31.8278 -1.75 18.8389
      vertex 30.0096 -1.75 19.3904
      vertex 29.9401 -1.75 19.1964
    endloop
  endfacet
  facet normal 0 -1 0
    outer loop
      vertex 31.6955 -1.75 18.4693
      vertex 29.9401 -1.75 19.1964
      vertex 29.852 -1.75 19.0101
    endloop
  endfacet
  facet normal 0 -1 0
    outer loop
      vertex 30.0096 -1.75 19.3904
      vertex 31.8278 -1.75 18.8389
      vertex 31.9231 -1.75 19.2196
    endloop
  endfacet
  facet normal 0 -1 0
    outer loop
      vertex 31.5277 -1.75 18.1144
      vertex 29.852 -1.75 19.0101
      vertex 29.7461 -1.75 18.8333
    endloop
  endfacet
  facet normal 0 -1 0
    outer loop
      vertex 31.3259 -1.75 17.7777
      vertex 29.7461 -1.75 18.8333
      vertex 29.6233 -1.75 18.6678
    endloop
  endfacet
  facet normal 0 -1 0
    outer loop
      vertex 31.092 -1.75 17.4624
      vertex 29.6233 -1.75 18.6678
      vertex 29.4849 -1.75 18.5151
    endloop
  endfacet
  facet normal 0 -1 0
    outer loop
      vertex 29.9401 -1.75 19.1964
      vertex 31.6955 -1.75 18.4693
      vertex 31.8278 -1.75 18.8389
    endloop
  endfacet
  facet normal 0 -1 0
    outer loop
      vertex 30.8284 -1.75 17.1716
      vertex 29.4849 -1.75 18.5151
      vertex 29.3322 -1.75 18.3767
    endloop
  endfacet
  facet normal 0 -1 0
    outer loop
      vertex 30.5376 -1.75 16.908
      vertex 29.3322 -1.75 18.3767
      vertex 29.1667 -1.75 18.2539
    endloop
  endfacet
  facet normal 0 -1 0
    outer loop
      vertex 30.2223 -1.75 16.6741
      vertex 29.1667 -1.75 18.2539
      vertex 28.9899 -1.75 18.148
    endloop
  endfacet
  facet normal 0 -1 0
    outer loop
      vertex 29.852 -1.75 19.0101
      vertex 31.5277 -1.75 18.1144
      vertex 31.6955 -1.75 18.4693
    endloop
  endfacet
  facet normal 0 -1 0
    outer loop
      vertex 29.8856 -1.75 16.4723
      vertex 28.9899 -1.75 18.148
      vertex 28.8036 -1.75 18.0599
    endloop
  endfacet
  facet normal 0 -1 0
    outer loop
      vertex 29.5307 -1.75 16.3045
      vertex 28.8036 -1.75 18.0599
      vertex 28.6096 -1.75 17.9904
    endloop
  endfacet
  facet normal 0 -1 0
    outer loop
      vertex 29.1611 -1.75 16.1722
      vertex 28.6096 -1.75 17.9904
      vertex 28.4097 -1.75 17.9403
    endloop
  endfacet
  facet normal 0 -1 0
    outer loop
      vertex 28.7804 -1.75 16.0769
      vertex 28.4097 -1.75 17.9403
      vertex 28.2058 -1.75 17.9101
    endloop
  endfacet
  facet normal 0 -1 0
    outer loop
      vertex 29.7461 -1.75 18.8333
      vertex 31.3259 -1.75 17.7777
      vertex 31.5277 -1.75 18.1144
    endloop
  endfacet
  facet normal 0 -1 0
    outer loop
      vertex 28.3921 -1.75 16.0193
      vertex 28.2058 -1.75 17.9101
      vertex 28 -1.75 17.9
    endloop
  endfacet
  facet normal 0 -1 -0
    outer loop
      vertex 27.0101 -1.75 18.148
      vertex 26.1144 -1.75 16.4723
      vertex 27.1964 -1.75 18.0599
    endloop
  endfacet
  facet normal 0 -1 0
    outer loop
      vertex 26.4693 -1.75 16.3045
      vertex 27.1964 -1.75 18.0599
      vertex 26.1144 -1.75 16.4723
    endloop
  endfacet
  facet normal 0 -1 0
    outer loop
      vertex 29.6233 -1.75 18.6678
      vertex 31.092 -1.75 17.4624
      vertex 31.3259 -1.75 17.7777
    endloop
  endfacet
  facet normal 0 -1 -0
    outer loop
      vertex 27.1964 -1.75 18.0599
      vertex 26.4693 -1.75 16.3045
      vertex 27.3904 -1.75 17.9904
    endloop
  endfacet
  facet normal 0 -1 0
    outer loop
      vertex 29.4849 -1.75 18.5151
      vertex 30.8284 -1.75 17.1716
      vertex 31.092 -1.75 17.4624
    endloop
  endfacet
  facet normal 0 -1 0
    outer loop
      vertex 26.8389 -1.75 16.1722
      vertex 27.3904 -1.75 17.9904
      vertex 26.4693 -1.75 16.3045
    endloop
  endfacet
  facet normal 0 -1 0
    outer loop
      vertex 29.3322 -1.75 18.3767
      vertex 30.5376 -1.75 16.908
      vertex 30.8284 -1.75 17.1716
    endloop
  endfacet
  facet normal 0 -1 -0
    outer loop
      vertex 27.3904 -1.75 17.9904
      vertex 26.8389 -1.75 16.1722
      vertex 27.5903 -1.75 17.9403
    endloop
  endfacet
  facet normal 0 -1 0
    outer loop
      vertex 29.1667 -1.75 18.2539
      vertex 30.2223 -1.75 16.6741
      vertex 30.5376 -1.75 16.908
    endloop
  endfacet
  facet normal 0 -1 0
    outer loop
      vertex 27.2196 -1.75 16.0769
      vertex 27.5903 -1.75 17.9403
      vertex 26.8389 -1.75 16.1722
    endloop
  endfacet
  facet normal 0 -1 0
    outer loop
      vertex 28.9899 -1.75 18.148
      vertex 29.8856 -1.75 16.4723
      vertex 30.2223 -1.75 16.6741
    endloop
  endfacet
  facet normal 0 -1 -0
    outer loop
      vertex 27.5903 -1.75 17.9403
      vertex 27.2196 -1.75 16.0769
      vertex 27.7942 -1.75 17.9101
    endloop
  endfacet
  facet normal 0 -1 0
    outer loop
      vertex 28.8036 -1.75 18.0599
      vertex 29.5307 -1.75 16.3045
      vertex 29.8856 -1.75 16.4723
    endloop
  endfacet
  facet normal 0 -1 0
    outer loop
      vertex 27.6079 -1.75 16.0193
      vertex 27.7942 -1.75 17.9101
      vertex 27.2196 -1.75 16.0769
    endloop
  endfacet
  facet normal 0 -1 0
    outer loop
      vertex 28.6096 -1.75 17.9904
      vertex 29.1611 -1.75 16.1722
      vertex 29.5307 -1.75 16.3045
    endloop
  endfacet
  facet normal 0 -1 -0
    outer loop
      vertex 27.7942 -1.75 17.9101
      vertex 27.6079 -1.75 16.0193
      vertex 28 -1.75 17.9
    endloop
  endfacet
  facet normal 0 -1 0
    outer loop
      vertex 28.4097 -1.75 17.9403
      vertex 28.7804 -1.75 16.0769
      vertex 29.1611 -1.75 16.1722
    endloop
  endfacet
  facet normal 0 -1 0
    outer loop
      vertex 28 -1.75 16
      vertex 28 -1.75 17.9
      vertex 27.6079 -1.75 16.0193
    endloop
  endfacet
  facet normal 0 -1 0
    outer loop
      vertex 28.2058 -1.75 17.9101
      vertex 28.3921 -1.75 16.0193
      vertex 28.7804 -1.75 16.0769
    endloop
  endfacet
  facet normal 0 -1 0
    outer loop
      vertex 28 -1.75 17.9
      vertex 28 -1.75 16
      vertex 28.3921 -1.75 16.0193
    endloop
  endfacet
  facet normal 0.42744 0 -0.904044
    outer loop
      vertex 29.5307 -1.75 16.3045
      vertex 29.8856 2 16.4723
      vertex 29.8856 -1.75 16.4723
    endloop
  endfacet
  facet normal 0.42744 0 -0.904044
    outer loop
      vertex 29.8856 2 16.4723
      vertex 29.5307 -1.75 16.3045
      vertex 29.5307 2 16.3045
    endloop
  endfacet
  facet normal -0.740908 0 -0.671607
    outer loop
      vertex 24.908 -1.75 17.4624
      vertex 25.1716 2.89239 17.1716
      vertex 25.1716 -1.75 17.1716
    endloop
  endfacet
  facet normal -0.740875 -4.17018e-06 -0.671643
    outer loop
      vertex 25.1716 2.89239 17.1716
      vertex 24.908 -1.75 17.4624
      vertex 25.0251 3.02513 17.3332
    endloop
  endfacet
  facet normal -0.740951 0 -0.671559
    outer loop
      vertex 25.0251 3.02513 17.3332
      vertex 24.908 -1.75 17.4624
      vertex 24.908 3.1544 17.4624
    endloop
  endfacet
  facet normal -0.0491626 0 0.998791
    outer loop
      vertex 27.6079 2 23.9807
      vertex 28 -1.75 24
      vertex 28 2 24
    endloop
  endfacet
  facet normal -0.0491626 0 0.998791
    outer loop
      vertex 28 -1.75 24
      vertex 27.6079 2 23.9807
      vertex 27.6079 -1.75 23.9807
    endloop
  endfacet
  facet normal 0.0491626 0 -0.998791
    outer loop
      vertex 28 -1.75 16
      vertex 28.3921 2 16.0193
      vertex 28.3921 -1.75 16.0193
    endloop
  endfacet
  facet normal 0.0491626 0 -0.998791
    outer loop
      vertex 28.3921 2 16.0193
      vertex 28 -1.75 16
      vertex 28 2 16
    endloop
  endfacet
  facet normal 0.740908 -0 0.671607
    outer loop
      vertex 30.8284 -1.75 22.8284
      vertex 31.092 2 22.5376
      vertex 30.8284 2 22.8284
    endloop
  endfacet
  facet normal 0.740908 0 0.671607
    outer loop
      vertex 31.092 2 22.5376
      vertex 30.8284 -1.75 22.8284
      vertex 31.092 -1.75 22.5376
    endloop
  endfacet
  facet normal 0.595794 0 -0.803137
    outer loop
      vertex 30.2223 -1.75 16.6741
      vertex 30.5376 2 16.908
      vertex 30.5376 -1.75 16.908
    endloop
  endfacet
  facet normal 0.595794 0 -0.803137
    outer loop
      vertex 30.5376 2 16.908
      vertex 30.2223 -1.75 16.6741
      vertex 30.2223 2 16.6741
    endloop
  endfacet
  facet normal 0.904044 0 -0.42744
    outer loop
      vertex 31.6955 -1.75 18.4693
      vertex 31.5277 2 18.1144
      vertex 31.6955 2 18.4693
    endloop
  endfacet
  facet normal 0.904044 0 -0.42744
    outer loop
      vertex 31.5277 2 18.1144
      vertex 31.6955 -1.75 18.4693
      vertex 31.5277 -1.75 18.1144
    endloop
  endfacet
  facet normal -0.80296 0 0.596032
    outer loop
      vertex 24.6741 -1.75 22.2223
      vertex 24.7945 3.27962 22.3845
      vertex 24.6741 3.44189 22.2223
    endloop
  endfacet
  facet normal -0.803315 2.39263e-05 0.595554
    outer loop
      vertex 24.6741 -1.75 22.2223
      vertex 24.908 3.1544 22.5376
      vertex 24.7945 3.27962 22.3845
    endloop
  endfacet
  facet normal -0.803137 0 0.595794
    outer loop
      vertex 24.908 3.1544 22.5376
      vertex 24.6741 -1.75 22.2223
      vertex 24.908 -1.75 22.5376
    endloop
  endfacet
  facet normal 0.740908 0 -0.671607
    outer loop
      vertex 31.092 -1.75 17.4624
      vertex 30.8284 2 17.1716
      vertex 31.092 2 17.4624
    endloop
  endfacet
  facet normal 0.740908 0 -0.671607
    outer loop
      vertex 30.8284 2 17.1716
      vertex 31.092 -1.75 17.4624
      vertex 30.8284 -1.75 17.1716
    endloop
  endfacet
  facet normal -0.989171 0 0.14677
    outer loop
      vertex 24.0193 -1.75 20.3921
      vertex 24.0673 4.81718 20.7156
      vertex 24.0193 5.14071 20.3921
    endloop
  endfacet
  facet normal -0.989203 1.08416e-05 0.146555
    outer loop
      vertex 24.0193 -1.75 20.3921
      vertex 24.0769 4.77883 20.7804
      vertex 24.0673 4.81718 20.7156
    endloop
  endfacet
  facet normal -0.989176 0 0.146733
    outer loop
      vertex 24.0769 4.77883 20.7804
      vertex 24.0193 -1.75 20.3921
      vertex 24.0769 -1.75 20.7804
    endloop
  endfacet
  facet normal -0.857609 0 0.514303
    outer loop
      vertex 24.4723 -1.75 21.8856
      vertex 24.5899 3.5555 22.0817
      vertex 24.4723 3.75161 21.8856
    endloop
  endfacet
  facet normal -0.857914 2.5618e-05 0.513793
    outer loop
      vertex 24.4723 -1.75 21.8856
      vertex 24.6741 3.44189 22.2223
      vertex 24.5899 3.5555 22.0817
    endloop
  endfacet
  facet normal -0.85774 0 0.514084
    outer loop
      vertex 24.6741 3.44189 22.2223
      vertex 24.4723 -1.75 21.8856
      vertex 24.6741 -1.75 22.2223
    endloop
  endfacet
  facet normal -0.337014 0 -0.9415
    outer loop
      vertex 26.4693 -1.75 16.3045
      vertex 26.8389 2.06404 16.1722
      vertex 26.8389 -1.75 16.1722
    endloop
  endfacet
  facet normal -0.338241 0.000134179 -0.941059
    outer loop
      vertex 26.8389 2.06404 16.1722
      vertex 26.4693 -1.75 16.3045
      vertex 26.8172 2.06725 16.18
    endloop
  endfacet
  facet normal -0.33684 -9.92989e-06 -0.941562
    outer loop
      vertex 26.8172 2.06725 16.18
      vertex 26.4693 -1.75 16.3045
      vertex 26.484 2.15071 16.2992
    endloop
  endfacet
  facet normal -0.339173 0 -0.940724
    outer loop
      vertex 26.484 2.15071 16.2992
      vertex 26.4693 -1.75 16.3045
      vertex 26.4693 2.15598 16.3045
    endloop
  endfacet
  facet normal -0.146682 0 -0.989184
    outer loop
      vertex 27.6079 -1.75 16.0193
      vertex 27.5 2 16.0353
      vertex 27.6079 2 16.0193
    endloop
  endfacet
  facet normal -0.146733 -1.52168e-06 -0.989176
    outer loop
      vertex 27.2196 -1.75 16.0769
      vertex 27.5 2 16.0353
      vertex 27.6079 -1.75 16.0193
    endloop
  endfacet
  facet normal -0.146753 0 -0.989173
    outer loop
      vertex 27.5 2 16.0353
      vertex 27.2196 -1.75 16.0769
      vertex 27.2196 2.01377 16.0769
    endloop
  endfacet
  facet normal -0.42744 0 -0.904044
    outer loop
      vertex 26.1144 -1.75 16.4723
      vertex 26.4693 2.15598 16.3045
      vertex 26.4693 -1.75 16.3045
    endloop
  endfacet
  facet normal -0.427379 0.000313346 -0.904072
    outer loop
      vertex 26.4693 2.15598 16.3045
      vertex 26.1611 2.17224 16.4502
      vertex 26.2925 2.21923 16.3881
    endloop
  endfacet
  facet normal -0.42744 0 -0.904044
    outer loop
      vertex 26.4693 2.15598 16.3045
      vertex 26.1144 -1.75 16.4723
      vertex 26.1144 2.16053 16.4723
    endloop
  endfacet
  facet normal -0.427455 -0.00145486 -0.904035
    outer loop
      vertex 26.4693 2.15598 16.3045
      vertex 26.1144 2.16053 16.4723
      vertex 26.1611 2.17224 16.4502
    endloop
  endfacet
  facet normal 0.989176 -0 0.146733
    outer loop
      vertex 31.9231 12.75 20.7804
      vertex 31.9807 16.5 20.3921
      vertex 31.9231 16.5 20.7804
    endloop
  endfacet
  facet normal 0.989176 0 0.146733
    outer loop
      vertex 31.9807 16.5 20.3921
      vertex 31.9231 12.75 20.7804
      vertex 31.9807 12.75 20.3921
    endloop
  endfacet
  facet normal 0.998791 -0 0.0491626
    outer loop
      vertex 31.9807 12.75 20.3921
      vertex 32 16.5 20
      vertex 31.9807 16.5 20.3921
    endloop
  endfacet
  facet normal 0.998791 0 0.0491626
    outer loop
      vertex 32 16.5 20
      vertex 31.9807 12.75 20.3921
      vertex 32 12.75 20
    endloop
  endfacet
  facet normal -0.989176 0 -0.146733
    outer loop
      vertex 24.0193 18 19.6079
      vertex 24.0769 19.2788 19.2196
      vertex 24.0769 18 19.2196
    endloop
  endfacet
  facet normal -0.989199 4.85611e-05 -0.146577
    outer loop
      vertex 24.0769 19.2788 19.2196
      vertex 24.0193 18 19.6079
      vertex 24.0673 19.3172 19.2844
    endloop
  endfacet
  facet normal -0.989171 0 -0.14677
    outer loop
      vertex 24.0673 19.3172 19.2844
      vertex 24.0193 18 19.6079
      vertex 24.0193 19.6407 19.6079
    endloop
  endfacet
  facet normal 0.970068 -0 0.242835
    outer loop
      vertex 31.8278 12.75 21.1611
      vertex 31.9231 16.5 20.7804
      vertex 31.8278 16.5 21.1611
    endloop
  endfacet
  facet normal 0.970068 0 0.242835
    outer loop
      vertex 31.9231 16.5 20.7804
      vertex 31.8278 12.75 21.1611
      vertex 31.9231 12.75 20.7804
    endloop
  endfacet
  facet normal -0.595715 -9.1608e-06 0.803196
    outer loop
      vertex 25.4624 12.75 23.092
      vertex 25.7777 16.9567 23.3259
      vertex 25.5555 17.0899 23.1611
    endloop
  endfacet
  facet normal -0.59599 0 0.802992
    outer loop
      vertex 25.4624 12.75 23.092
      vertex 25.5555 17.0899 23.1611
      vertex 25.4624 17.1589 23.092
    endloop
  endfacet
  facet normal -0.595794 0 0.803137
    outer loop
      vertex 25.7777 16.9567 23.3259
      vertex 25.4624 12.75 23.092
      vertex 25.7777 12.75 23.3259
    endloop
  endfacet
  facet normal 0.9415 -0 0.337014
    outer loop
      vertex 31.6955 12.75 21.5307
      vertex 31.8278 16.5 21.1611
      vertex 31.6955 16.5 21.5307
    endloop
  endfacet
  facet normal 0.9415 0 0.337014
    outer loop
      vertex 31.8278 16.5 21.1611
      vertex 31.6955 12.75 21.5307
      vertex 31.8278 12.75 21.1611
    endloop
  endfacet
  facet normal 0.337014 0 0.9415
    outer loop
      vertex 29.1611 16.5 23.8278
      vertex 29.5307 12.75 23.6955
      vertex 29.5307 16.5 23.6955
    endloop
  endfacet
  facet normal 0.337014 0 0.9415
    outer loop
      vertex 29.5307 12.75 23.6955
      vertex 29.1611 16.5 23.8278
      vertex 29.1611 12.75 23.8278
    endloop
  endfacet
  facet normal 0.9415 0 -0.337014
    outer loop
      vertex 31.8278 12.75 18.8389
      vertex 31.6955 16.5 18.4693
      vertex 31.8278 16.5 18.8389
    endloop
  endfacet
  facet normal 0.9415 0 -0.337014
    outer loop
      vertex 31.6955 16.5 18.4693
      vertex 31.8278 12.75 18.8389
      vertex 31.6955 12.75 18.4693
    endloop
  endfacet
  facet normal 0.671607 0 0.740908
    outer loop
      vertex 30.5376 16.5 23.092
      vertex 30.8284 12.75 22.8284
      vertex 30.8284 16.5 22.8284
    endloop
  endfacet
  facet normal 0.671607 0 0.740908
    outer loop
      vertex 30.8284 12.75 22.8284
      vertex 30.5376 16.5 23.092
      vertex 30.5376 12.75 23.092
    endloop
  endfacet
  facet normal -0.427542 1.12839e-05 0.903996
    outer loop
      vertex 26.1144 12.75 23.5277
      vertex 26.4693 16.656 23.6955
      vertex 26.1606 16.7664 23.5495
    endloop
  endfacet
  facet normal -0.42674 0 0.904375
    outer loop
      vertex 26.1144 12.75 23.5277
      vertex 26.1606 16.7664 23.5495
      vertex 26.1144 16.7883 23.5277
    endloop
  endfacet
  facet normal -0.42744 0 0.904044
    outer loop
      vertex 26.4693 16.656 23.6955
      vertex 26.1144 12.75 23.5277
      vertex 26.4693 12.75 23.6955
    endloop
  endfacet
  facet normal -0.671391 -2.59489e-05 0.741103
    outer loop
      vertex 25.1716 12.75 22.8284
      vertex 25.4624 17.1589 23.092
      vertex 25.2796 17.2945 22.9264
    endloop
  endfacet
  facet normal -0.67199 0 0.74056
    outer loop
      vertex 25.1716 12.75 22.8284
      vertex 25.2796 17.2945 22.9264
      vertex 25.1716 17.3924 22.8284
    endloop
  endfacet
  facet normal -0.671607 0 0.740908
    outer loop
      vertex 25.4624 17.1589 23.092
      vertex 25.1716 12.75 22.8284
      vertex 25.4624 12.75 23.092
    endloop
  endfacet
  facet normal 0.146733 0 0.989176
    outer loop
      vertex 28.3921 16.5 23.9807
      vertex 28.7804 12.75 23.9231
      vertex 28.7804 16.5 23.9231
    endloop
  endfacet
  facet normal 0.146733 0 0.989176
    outer loop
      vertex 28.7804 12.75 23.9231
      vertex 28.3921 16.5 23.9807
      vertex 28.3921 12.75 23.9807
    endloop
  endfacet
  facet normal -0.970065 0 0.242845
    outer loop
      vertex 24.0769 18 20.7804
      vertex 24.1507 18.984 21.0752
      vertex 24.0769 19.2788 20.7804
    endloop
  endfacet
  facet normal -0.970074 1.15719e-05 0.242809
    outer loop
      vertex 24.0769 18 20.7804
      vertex 24.1722 18.9238 21.1611
      vertex 24.1507 18.984 21.0752
    endloop
  endfacet
  facet normal -0.970038 -5.07812e-05 0.242951
    outer loop
      vertex 24.1319 18 21
      vertex 24.1722 18.9238 21.1611
      vertex 24.0769 18 20.7804
    endloop
  endfacet
  facet normal -0.970107 0 0.242677
    outer loop
      vertex 24.1722 12.75 21.1611
      vertex 24.1319 18 21
      vertex 24.1319 12.75 21
    endloop
  endfacet
  facet normal -0.970107 0 0.242677
    outer loop
      vertex 24.1319 18 21
      vertex 24.1722 12.75 21.1611
      vertex 24.1722 18.9238 21.1611
    endloop
  endfacet
  facet normal -0.904044 0 -0.42744
    outer loop
      vertex 24.3045 18 18.4693
      vertex 24.4723 18.2516 18.1144
      vertex 24.4723 18 18.1144
    endloop
  endfacet
  facet normal -0.904052 3.18802e-05 -0.427422
    outer loop
      vertex 24.4723 18.2516 18.1144
      vertex 24.3045 18 18.4693
      vertex 24.4133 18.3501 18.2392
    endloop
  endfacet
  facet normal -0.904034 0 -0.427461
    outer loop
      vertex 24.4133 18.3501 18.2392
      vertex 24.3045 18 18.4693
      vertex 24.3045 18.5801 18.4693
    endloop
  endfacet
  facet normal 0.803137 0 -0.595794
    outer loop
      vertex 31.3259 12.75 17.7777
      vertex 31.092 16.5 17.4624
      vertex 31.3259 16.5 17.7777
    endloop
  endfacet
  facet normal 0.803137 0 -0.595794
    outer loop
      vertex 31.092 16.5 17.4624
      vertex 31.3259 12.75 17.7777
      vertex 31.092 12.75 17.4624
    endloop
  endfacet
  facet normal 0.242835 0 0.970068
    outer loop
      vertex 28.7804 16.5 23.9231
      vertex 29.1611 12.75 23.8278
      vertex 29.1611 16.5 23.8278
    endloop
  endfacet
  facet normal 0.242835 0 0.970068
    outer loop
      vertex 29.1611 12.75 23.8278
      vertex 28.7804 16.5 23.9231
      vertex 28.7804 12.75 23.9231
    endloop
  endfacet
  facet normal 0.989176 0 -0.146733
    outer loop
      vertex 31.9807 12.75 19.6079
      vertex 31.9231 16.5 19.2196
      vertex 31.9807 16.5 19.6079
    endloop
  endfacet
  facet normal 0.989176 0 -0.146733
    outer loop
      vertex 31.9231 16.5 19.2196
      vertex 31.9807 12.75 19.6079
      vertex 31.9231 12.75 19.2196
    endloop
  endfacet
  facet normal 0.85774 0 -0.514084
    outer loop
      vertex 31.5277 12.75 18.1144
      vertex 31.3259 16.5 17.7777
      vertex 31.5277 16.5 18.1144
    endloop
  endfacet
  facet normal 0.85774 0 -0.514084
    outer loop
      vertex 31.3259 16.5 17.7777
      vertex 31.5277 12.75 18.1144
      vertex 31.3259 12.75 17.7777
    endloop
  endfacet
  facet normal 0.0491626 0 0.998791
    outer loop
      vertex 28 16.5 24
      vertex 28.3921 12.75 23.9807
      vertex 28.3921 16.5 23.9807
    endloop
  endfacet
  facet normal 0.0491626 0 0.998791
    outer loop
      vertex 28.3921 12.75 23.9807
      vertex 28 16.5 24
      vertex 28 12.75 24
    endloop
  endfacet
  facet normal 0.42744 0 0.904044
    outer loop
      vertex 29.5307 16.5 23.6955
      vertex 29.8856 12.75 23.5277
      vertex 29.8856 16.5 23.5277
    endloop
  endfacet
  facet normal 0.42744 0 0.904044
    outer loop
      vertex 29.8856 12.75 23.5277
      vertex 29.5307 16.5 23.6955
      vertex 29.5307 12.75 23.6955
    endloop
  endfacet
  facet normal -0.857609 0 -0.514303
    outer loop
      vertex 24.5899 18.0555 17.9183
      vertex 24.4723 18 18.1144
      vertex 24.4723 18.2516 18.1144
    endloop
  endfacet
  facet normal -0.85775 0.00113286 -0.514067
    outer loop
      vertex 24.4723 18 18.1144
      vertex 24.5899 18.0555 17.9183
      vertex 24.631 18 17.8496
    endloop
  endfacet
  facet normal 0.67162 0 -0.740896
    outer loop
      vertex 30.6391 12.75 17
      vertex 30.8284 16.5 17.1716
      vertex 30.8284 12.75 17.1716
    endloop
  endfacet
  facet normal 0.67162 0 -0.740896
    outer loop
      vertex 30.8284 16.5 17.1716
      vertex 30.6391 12.75 17
      vertex 30.6391 16.5 17
    endloop
  endfacet
  facet normal -0.9415 0 -0.337014
    outer loop
      vertex 24.1722 18 18.8389
      vertex 24.3045 18.5801 18.4693
      vertex 24.3045 18 18.4693
    endloop
  endfacet
  facet normal -0.941406 -0.000188142 -0.337276
    outer loop
      vertex 24.3045 18.5801 18.4693
      vertex 24.1722 18 18.8389
      vertex 24.2664 18.6606 18.5756
    endloop
  endfacet
  facet normal -0.941556 0 -0.336857
    outer loop
      vertex 24.2664 18.6606 18.5756
      vertex 24.1722 18 18.8389
      vertex 24.1722 18.9238 18.8389
    endloop
  endfacet
  facet normal -0.2429 0 0.970051
    outer loop
      vertex 27.1569 16.5169 23.9074
      vertex 27.2196 12.75 23.9231
      vertex 27.2196 16.5138 23.9231
    endloop
  endfacet
  facet normal -0.242823 0 0.970071
    outer loop
      vertex 26.8389 12.75 23.8278
      vertex 27.1569 16.5169 23.9074
      vertex 26.8389 16.564 23.8278
    endloop
  endfacet
  facet normal -0.242835 1.13643e-06 0.970068
    outer loop
      vertex 27.1569 16.5169 23.9074
      vertex 26.8389 12.75 23.8278
      vertex 27.2196 12.75 23.9231
    endloop
  endfacet
  facet normal 0.803137 -0 0.595794
    outer loop
      vertex 31.092 12.75 22.5376
      vertex 31.3259 16.5 22.2223
      vertex 31.092 16.5 22.5376
    endloop
  endfacet
  facet normal 0.803137 0 0.595794
    outer loop
      vertex 31.3259 16.5 22.2223
      vertex 31.092 12.75 22.5376
      vertex 31.3259 12.75 22.2223
    endloop
  endfacet
  facet normal -0.338241 0.000134127 0.94106
    outer loop
      vertex 26.4693 12.75 23.6955
      vertex 26.8389 16.564 23.8278
      vertex 26.8172 16.5673 23.82
    endloop
  endfacet
  facet normal -0.33684 -9.92993e-06 0.941562
    outer loop
      vertex 26.4693 12.75 23.6955
      vertex 26.8172 16.5673 23.82
      vertex 26.484 16.6507 23.7008
    endloop
  endfacet
  facet normal -0.339173 0 0.940724
    outer loop
      vertex 26.4693 12.75 23.6955
      vertex 26.484 16.6507 23.7008
      vertex 26.4693 16.656 23.6955
    endloop
  endfacet
  facet normal -0.337014 0 0.9415
    outer loop
      vertex 26.8389 16.564 23.8278
      vertex 26.4693 12.75 23.6955
      vertex 26.8389 12.75 23.8278
    endloop
  endfacet
  facet normal -0.970068 0 -0.242835
    outer loop
      vertex 24.0769 18 19.2196
      vertex 24.1722 18.9238 18.8389
      vertex 24.1722 18 18.8389
    endloop
  endfacet
  facet normal -0.970074 1.15719e-05 -0.242809
    outer loop
      vertex 24.1722 18.9238 18.8389
      vertex 24.0769 18 19.2196
      vertex 24.1507 18.984 18.9248
    endloop
  endfacet
  facet normal -0.970065 0 -0.242845
    outer loop
      vertex 24.1507 18.984 18.9248
      vertex 24.0769 18 19.2196
      vertex 24.0769 19.2788 19.2196
    endloop
  endfacet
  facet normal -0.146682 0 0.989184
    outer loop
      vertex 27.5 16.5 23.9647
      vertex 27.6079 12.75 23.9807
      vertex 27.6079 16.5 23.9807
    endloop
  endfacet
  facet normal -0.146753 0 0.989173
    outer loop
      vertex 27.2196 12.75 23.9231
      vertex 27.5 16.5 23.9647
      vertex 27.2196 16.5138 23.9231
    endloop
  endfacet
  facet normal -0.146733 -1.52168e-06 0.989176
    outer loop
      vertex 27.5 16.5 23.9647
      vertex 27.2196 12.75 23.9231
      vertex 27.6079 12.75 23.9807
    endloop
  endfacet
  facet normal 0.998791 0 -0.0491626
    outer loop
      vertex 32 12.75 20
      vertex 31.9807 16.5 19.6079
      vertex 32 16.5 20
    endloop
  endfacet
  facet normal 0.998791 0 -0.0491626
    outer loop
      vertex 31.9807 16.5 19.6079
      vertex 32 12.75 20
      vertex 31.9807 12.75 19.6079
    endloop
  endfacet
  facet normal 0.85774 -0 0.514084
    outer loop
      vertex 31.3259 12.75 22.2223
      vertex 31.5277 16.5 21.8856
      vertex 31.3259 16.5 22.2223
    endloop
  endfacet
  facet normal 0.85774 0 0.514084
    outer loop
      vertex 31.5277 16.5 21.8856
      vertex 31.3259 12.75 22.2223
      vertex 31.5277 12.75 21.8856
    endloop
  endfacet
  facet normal 0.514084 0 0.85774
    outer loop
      vertex 29.8856 16.5 23.5277
      vertex 30.2223 12.75 23.3259
      vertex 30.2223 16.5 23.3259
    endloop
  endfacet
  facet normal 0.514084 0 0.85774
    outer loop
      vertex 30.2223 12.75 23.3259
      vertex 29.8856 16.5 23.5277
      vertex 29.8856 12.75 23.5277
    endloop
  endfacet
  facet normal 0.595794 0 0.803137
    outer loop
      vertex 30.2223 16.5 23.3259
      vertex 30.5376 12.75 23.092
      vertex 30.5376 16.5 23.092
    endloop
  endfacet
  facet normal 0.595794 0 0.803137
    outer loop
      vertex 30.5376 12.75 23.092
      vertex 30.2223 16.5 23.3259
      vertex 30.2223 12.75 23.3259
    endloop
  endfacet
  facet normal 0.970068 0 -0.242835
    outer loop
      vertex 31.9231 12.75 19.2196
      vertex 31.8278 16.5 18.8389
      vertex 31.9231 16.5 19.2196
    endloop
  endfacet
  facet normal 0.970068 0 -0.242835
    outer loop
      vertex 31.8278 16.5 18.8389
      vertex 31.9231 12.75 19.2196
      vertex 31.8278 12.75 18.8389
    endloop
  endfacet
  facet normal -0.998791 0 -0.0491626
    outer loop
      vertex 24 18 20
      vertex 24.0193 19.6407 19.6079
      vertex 24.0193 18 19.6079
    endloop
  endfacet
  facet normal -0.998802 5.36555e-05 -0.0489386
    outer loop
      vertex 24.0193 19.6407 19.6079
      vertex 24 18 20
      vertex 24.0169 19.6569 19.6569
    endloop
  endfacet
  facet normal -0.998789 0 -0.0491971
    outer loop
      vertex 24.0169 19.6569 19.6569
      vertex 24 18 20
      vertex 24 20 20
    endloop
  endfacet
  facet normal -0.998789 0 0.0491971
    outer loop
      vertex 24 18 20
      vertex 24.0169 19.6569 20.3431
      vertex 24 20 20
    endloop
  endfacet
  facet normal -0.998802 5.36555e-05 0.0489386
    outer loop
      vertex 24 18 20
      vertex 24.0193 19.6407 20.3921
      vertex 24.0169 19.6569 20.3431
    endloop
  endfacet
  facet normal -0.998791 0 0.0491626
    outer loop
      vertex 24.0193 19.6407 20.3921
      vertex 24 18 20
      vertex 24.0193 18 20.3921
    endloop
  endfacet
  facet normal 0 -1 0
    outer loop
      vertex 29 12.75 21
      vertex 28 12.75 24
      vertex 27.6079 12.75 23.9807
    endloop
  endfacet
  facet normal 0 -1 0
    outer loop
      vertex 29 12.75 21
      vertex 27.6079 12.75 23.9807
      vertex 27.2196 12.75 23.9231
    endloop
  endfacet
  facet normal 0 -1 0
    outer loop
      vertex 28 12.75 24
      vertex 29 12.75 21
      vertex 28.3921 12.75 23.9807
    endloop
  endfacet
  facet normal 0 -1 0
    outer loop
      vertex 29 12.75 21
      vertex 27.2196 12.75 23.9231
      vertex 26.8389 12.75 23.8278
    endloop
  endfacet
  facet normal 0 -1 0
    outer loop
      vertex 28.3921 12.75 23.9807
      vertex 29 12.75 21
      vertex 28.7804 12.75 23.9231
    endloop
  endfacet
  facet normal 0 -1 0
    outer loop
      vertex 29 12.75 21
      vertex 26.8389 12.75 23.8278
      vertex 26.4693 12.75 23.6955
    endloop
  endfacet
  facet normal 0 -1 0
    outer loop
      vertex 28.7804 12.75 23.9231
      vertex 29 12.75 21
      vertex 29.1611 12.75 23.8278
    endloop
  endfacet
  facet normal 0 -1 0
    outer loop
      vertex 29 12.75 21
      vertex 26.4693 12.75 23.6955
      vertex 26.1144 12.75 23.5277
    endloop
  endfacet
  facet normal 0 -1 -0
    outer loop
      vertex 29.1611 12.75 23.8278
      vertex 29 12.75 21
      vertex 29.5307 12.75 23.6955
    endloop
  endfacet
  facet normal 0 -1 0
    outer loop
      vertex 29 12.75 21
      vertex 26.1144 12.75 23.5277
      vertex 25.7777 12.75 23.3259
    endloop
  endfacet
  facet normal 0 -1 -0
    outer loop
      vertex 29.5307 12.75 23.6955
      vertex 29 12.75 21
      vertex 29.8856 12.75 23.5277
    endloop
  endfacet
  facet normal 0 -1 0
    outer loop
      vertex 29 12.75 21
      vertex 25.7777 12.75 23.3259
      vertex 25.4624 12.75 23.092
    endloop
  endfacet
  facet normal 0 -1 -0
    outer loop
      vertex 29.8856 12.75 23.5277
      vertex 29 12.75 21
      vertex 30.2223 12.75 23.3259
    endloop
  endfacet
  facet normal 0 -1 0
    outer loop
      vertex 29 12.75 21
      vertex 25.4624 12.75 23.092
      vertex 25.1716 12.75 22.8284
    endloop
  endfacet
  facet normal 0 -1 -0
    outer loop
      vertex 30.2223 12.75 23.3259
      vertex 29 12.75 21
      vertex 30.5376 12.75 23.092
    endloop
  endfacet
  facet normal 0 -1 0
    outer loop
      vertex 29 12.75 21
      vertex 25.1716 12.75 22.8284
      vertex 24.908 12.75 22.5376
    endloop
  endfacet
  facet normal 0 -1 -0
    outer loop
      vertex 30.5376 12.75 23.092
      vertex 29 12.75 21
      vertex 30.8284 12.75 22.8284
    endloop
  endfacet
  facet normal 0 -1 0
    outer loop
      vertex 29 12.75 21
      vertex 24.908 12.75 22.5376
      vertex 24.6741 12.75 22.2223
    endloop
  endfacet
  facet normal 0 -1 -0
    outer loop
      vertex 30.8284 12.75 22.8284
      vertex 29 12.75 21
      vertex 31.092 12.75 22.5376
    endloop
  endfacet
  facet normal 0 -1 0
    outer loop
      vertex 29 12.75 21
      vertex 24.6741 12.75 22.2223
      vertex 24.4723 12.75 21.8856
    endloop
  endfacet
  facet normal 0 -1 -0
    outer loop
      vertex 31.092 12.75 22.5376
      vertex 29 12.75 21
      vertex 31.3259 12.75 22.2223
    endloop
  endfacet
  facet normal 0 -1 0
    outer loop
      vertex 29 12.75 21
      vertex 24.4723 12.75 21.8856
      vertex 24.3045 12.75 21.5307
    endloop
  endfacet
  facet normal 0 -1 -0
    outer loop
      vertex 31.3259 12.75 22.2223
      vertex 29 12.75 21
      vertex 31.5277 12.75 21.8856
    endloop
  endfacet
  facet normal 0 -1 0
    outer loop
      vertex 29 12.75 21
      vertex 24.3045 12.75 21.5307
      vertex 24.1722 12.75 21.1611
    endloop
  endfacet
  facet normal 0 -1 -0
    outer loop
      vertex 31.5277 12.75 21.8856
      vertex 29 12.75 21
      vertex 31.6955 12.75 21.5307
    endloop
  endfacet
  facet normal 0 -1 0
    outer loop
      vertex 29 12.75 21
      vertex 24.1722 12.75 21.1611
      vertex 24.1319 12.75 21
    endloop
  endfacet
  facet normal 0 -1 -0
    outer loop
      vertex 31.6955 12.75 21.5307
      vertex 29 12.75 21
      vertex 31.8278 12.75 21.1611
    endloop
  endfacet
  facet normal 0 -1 0
    outer loop
      vertex 29 12.75 21
      vertex 31.9231 12.75 20.7804
      vertex 31.8278 12.75 21.1611
    endloop
  endfacet
  facet normal 0 -1 0
    outer loop
      vertex 29 12.75 21
      vertex 31.9807 12.75 20.3921
      vertex 31.9231 12.75 20.7804
    endloop
  endfacet
  facet normal 0 -1 0
    outer loop
      vertex 29 12.75 21
      vertex 32 12.75 20
      vertex 31.9807 12.75 20.3921
    endloop
  endfacet
  facet normal 0 -1 0
    outer loop
      vertex 29 12.75 21
      vertex 31.9807 12.75 19.6079
      vertex 32 12.75 20
    endloop
  endfacet
  facet normal 0 -1 0
    outer loop
      vertex 29 12.75 21
      vertex 31.9231 12.75 19.2196
      vertex 31.9807 12.75 19.6079
    endloop
  endfacet
  facet normal 0 -1 0
    outer loop
      vertex 29 12.75 21
      vertex 31.8278 12.75 18.8389
      vertex 31.9231 12.75 19.2196
    endloop
  endfacet
  facet normal 0 -1 0
    outer loop
      vertex 29 12.75 21
      vertex 31.6955 12.75 18.4693
      vertex 31.8278 12.75 18.8389
    endloop
  endfacet
  facet normal 0 -1 0
    outer loop
      vertex 29 12.75 21
      vertex 31.5277 12.75 18.1144
      vertex 31.6955 12.75 18.4693
    endloop
  endfacet
  facet normal 0 -1 0
    outer loop
      vertex 29 12.75 21
      vertex 31.3259 12.75 17.7777
      vertex 31.5277 12.75 18.1144
    endloop
  endfacet
  facet normal 0 -1 0
    outer loop
      vertex 29 12.75 17
      vertex 31.3259 12.75 17.7777
      vertex 29 12.75 21
    endloop
  endfacet
  facet normal 0 -1 0
    outer loop
      vertex 31.3259 12.75 17.7777
      vertex 29 12.75 17
      vertex 31.092 12.75 17.4624
    endloop
  endfacet
  facet normal 0 -1 0
    outer loop
      vertex 31.092 12.75 17.4624
      vertex 29 12.75 17
      vertex 30.8284 12.75 17.1716
    endloop
  endfacet
  facet normal 0 -1 0
    outer loop
      vertex 30.8284 12.75 17.1716
      vertex 29 12.75 17
      vertex 30.6391 12.75 17
    endloop
  endfacet
  facet normal 0.904044 -0 0.42744
    outer loop
      vertex 31.5277 12.75 21.8856
      vertex 31.6955 16.5 21.5307
      vertex 31.5277 16.5 21.8856
    endloop
  endfacet
  facet normal 0.904044 0 0.42744
    outer loop
      vertex 31.6955 16.5 21.5307
      vertex 31.5277 12.75 21.8856
      vertex 31.6955 12.75 21.5307
    endloop
  endfacet
  facet normal -0.740951 0 0.671559
    outer loop
      vertex 24.908 12.75 22.5376
      vertex 25.0251 17.5251 22.6668
      vertex 24.908 17.6544 22.5376
    endloop
  endfacet
  facet normal -0.740875 -4.17023e-06 0.671643
    outer loop
      vertex 24.908 12.75 22.5376
      vertex 25.1716 17.3924 22.8284
      vertex 25.0251 17.5251 22.6668
    endloop
  endfacet
  facet normal -0.740908 0 0.671607
    outer loop
      vertex 25.1716 17.3924 22.8284
      vertex 24.908 12.75 22.5376
      vertex 25.1716 12.75 22.8284
    endloop
  endfacet
  facet normal -0.904034 0 0.427461
    outer loop
      vertex 24.3045 12.75 21.5307
      vertex 24.4133 18.3501 21.7608
      vertex 24.3045 18.5801 21.5307
    endloop
  endfacet
  facet normal -0.904061 2.93186e-06 0.427403
    outer loop
      vertex 24.3045 12.75 21.5307
      vertex 24.4723 18.2516 21.8856
      vertex 24.4133 18.3501 21.7608
    endloop
  endfacet
  facet normal -0.904044 0 0.42744
    outer loop
      vertex 24.4723 18.2516 21.8856
      vertex 24.3045 12.75 21.5307
      vertex 24.4723 12.75 21.8856
    endloop
  endfacet
  facet normal -0.941556 0 0.336857
    outer loop
      vertex 24.1722 12.75 21.1611
      vertex 24.2664 18.6606 21.4244
      vertex 24.1722 18.9238 21.1611
    endloop
  endfacet
  facet normal -0.941367 -2.64803e-05 0.337384
    outer loop
      vertex 24.1722 12.75 21.1611
      vertex 24.3045 18.5801 21.5307
      vertex 24.2664 18.6606 21.4244
    endloop
  endfacet
  facet normal -0.9415 0 0.337014
    outer loop
      vertex 24.3045 18.5801 21.5307
      vertex 24.1722 12.75 21.1611
      vertex 24.3045 12.75 21.5307
    endloop
  endfacet
  facet normal -0.0491626 0 0.998791
    outer loop
      vertex 27.6079 16.5 23.9807
      vertex 28 12.75 24
      vertex 28 16.5 24
    endloop
  endfacet
  facet normal -0.0491626 0 0.998791
    outer loop
      vertex 28 12.75 24
      vertex 27.6079 16.5 23.9807
      vertex 27.6079 12.75 23.9807
    endloop
  endfacet
  facet normal 0.740908 -0 0.671607
    outer loop
      vertex 30.8284 12.75 22.8284
      vertex 31.092 16.5 22.5376
      vertex 30.8284 16.5 22.8284
    endloop
  endfacet
  facet normal 0.740908 0 0.671607
    outer loop
      vertex 31.092 16.5 22.5376
      vertex 30.8284 12.75 22.8284
      vertex 31.092 12.75 22.5376
    endloop
  endfacet
  facet normal 0.904044 0 -0.42744
    outer loop
      vertex 31.6955 12.75 18.4693
      vertex 31.5277 16.5 18.1144
      vertex 31.6955 16.5 18.4693
    endloop
  endfacet
  facet normal 0.904044 0 -0.42744
    outer loop
      vertex 31.5277 16.5 18.1144
      vertex 31.6955 12.75 18.4693
      vertex 31.5277 12.75 18.1144
    endloop
  endfacet
  facet normal -0.80296 0 0.596032
    outer loop
      vertex 24.6741 12.75 22.2223
      vertex 24.7945 17.7796 22.3845
      vertex 24.6741 17.9419 22.2223
    endloop
  endfacet
  facet normal -0.803315 2.39265e-05 0.595554
    outer loop
      vertex 24.6741 12.75 22.2223
      vertex 24.908 17.6544 22.5376
      vertex 24.7945 17.7796 22.3845
    endloop
  endfacet
  facet normal -0.803137 0 0.595794
    outer loop
      vertex 24.908 17.6544 22.5376
      vertex 24.6741 12.75 22.2223
      vertex 24.908 12.75 22.5376
    endloop
  endfacet
  facet normal -0.514067 -1.90197e-06 0.85775
    outer loop
      vertex 25.7777 12.75 23.3259
      vertex 26.1144 16.7883 23.5277
      vertex 25.8501 16.9133 23.3693
    endloop
  endfacet
  facet normal -0.514147 0 0.857702
    outer loop
      vertex 25.7777 12.75 23.3259
      vertex 25.8501 16.9133 23.3693
      vertex 25.7777 16.9567 23.3259
    endloop
  endfacet
  facet normal -0.514084 0 0.85774
    outer loop
      vertex 26.1144 16.7883 23.5277
      vertex 25.7777 12.75 23.3259
      vertex 26.1144 12.75 23.5277
    endloop
  endfacet
  facet normal 0.740908 0 -0.671607
    outer loop
      vertex 31.092 12.75 17.4624
      vertex 30.8284 16.5 17.1716
      vertex 31.092 16.5 17.4624
    endloop
  endfacet
  facet normal 0.740908 0 -0.671607
    outer loop
      vertex 30.8284 16.5 17.1716
      vertex 31.092 12.75 17.4624
      vertex 30.8284 12.75 17.1716
    endloop
  endfacet
  facet normal -0.989171 0 0.14677
    outer loop
      vertex 24.0193 18 20.3921
      vertex 24.0673 19.3172 20.7156
      vertex 24.0193 19.6407 20.3921
    endloop
  endfacet
  facet normal -0.989199 4.85611e-05 0.146577
    outer loop
      vertex 24.0193 18 20.3921
      vertex 24.0769 19.2788 20.7804
      vertex 24.0673 19.3172 20.7156
    endloop
  endfacet
  facet normal -0.989176 0 0.146733
    outer loop
      vertex 24.0769 19.2788 20.7804
      vertex 24.0193 18 20.3921
      vertex 24.0769 18 20.7804
    endloop
  endfacet
  facet normal -0.857609 0 0.514303
    outer loop
      vertex 24.4723 12.75 21.8856
      vertex 24.5899 18.0555 22.0817
      vertex 24.4723 18.2516 21.8856
    endloop
  endfacet
  facet normal -0.857914 2.5618e-05 0.513793
    outer loop
      vertex 24.4723 12.75 21.8856
      vertex 24.6741 17.9419 22.2223
      vertex 24.5899 18.0555 22.0817
    endloop
  endfacet
  facet normal -0.85774 0 0.514084
    outer loop
      vertex 24.6741 17.9419 22.2223
      vertex 24.4723 12.75 21.8856
      vertex 24.6741 12.75 22.2223
    endloop
  endfacet
  facet normal -0.989172 0 -0.14676
    outer loop
      vertex 24.5673 7.90678 19.3172
      vertex 24.5169 8 19.6569
      vertex 24.5673 8 19.3172
    endloop
  endfacet
  facet normal -0.989172 -0 -0.14676
    outer loop
      vertex 24.5169 8 19.6569
      vertex 24.5673 7.90678 19.3172
      vertex 24.5169 7.8227 19.6569
    endloop
  endfacet
  facet normal -0.595659 0 0.803237
    outer loop
      vertex 25.7796 9.5 22.7055
      vertex 26.0555 9.18387 22.9101
      vertex 26.0555 9.5 22.9101
    endloop
  endfacet
  facet normal -0.595625 4.6145e-05 0.803263
    outer loop
      vertex 26.0555 9.18387 22.9101
      vertex 25.7796 9.5 22.7055
      vertex 25.8501 9.08672 22.7578
    endloop
  endfacet
  facet normal -0.5958 0 0.803133
    outer loop
      vertex 25.8501 9.08672 22.7578
      vertex 25.7796 9.5 22.7055
      vertex 25.7796 9.04448 22.7055
    endloop
  endfacet
  facet normal -0.427448 0 0.90404
    outer loop
      vertex 26.6606 9.5 23.2336
      vertex 26.484 9.34929 23.1501
      vertex 26.6606 9.39353 23.2336
    endloop
  endfacet
  facet normal -0.427661 0.000305013 0.903939
    outer loop
      vertex 26.3501 9.5 23.0867
      vertex 26.484 9.34929 23.1501
      vertex 26.6606 9.5 23.2336
    endloop
  endfacet
  facet normal -0.427941 0 0.903807
    outer loop
      vertex 26.484 9.34929 23.1501
      vertex 26.3501 9.5 23.0867
      vertex 26.3501 9.30138 23.0867
    endloop
  endfacet
  facet normal -0.671454 0 0.741046
    outer loop
      vertex 25.5251 9.5 22.4749
      vertex 25.7796 9.04448 22.7055
      vertex 25.7796 9.5 22.7055
    endloop
  endfacet
  facet normal -0.671516 -6.2478e-05 0.74099
    outer loop
      vertex 25.7796 9.04448 22.7055
      vertex 25.5251 9.5 22.4749
      vertex 25.5555 8.91014 22.5024
    endloop
  endfacet
  facet normal -0.670849 0 0.741594
    outer loop
      vertex 25.5555 8.91014 22.5024
      vertex 25.5251 9.5 22.4749
      vertex 25.5251 8.88761 22.4749
    endloop
  endfacet
  facet normal -0.970143 0 0.242536
    outer loop
      vertex 24.6467 9.5 21
      vertex 24.6507 8.02654 21.016
      vertex 24.6507 9.5 21.016
    endloop
  endfacet
  facet normal -0.970143 0 0.242536
    outer loop
      vertex 24.6507 8.02654 21.016
      vertex 24.6467 9.5 21
      vertex 24.6467 8.02114 21
    endloop
  endfacet
  facet normal -0.970098 -0.000127009 0.242715
    outer loop
      vertex 24.5673 8 20.6828
      vertex 24.5899 7.9445 20.7731
      vertex 24.631 8 20.9374
    endloop
  endfacet
  facet normal -0.970079 0 0.242788
    outer loop
      vertex 24.5899 7.9445 20.7731
      vertex 24.5673 8 20.6828
      vertex 24.5673 7.90678 20.6828
    endloop
  endfacet
  facet normal -0.242678 0 0.970107
    outer loop
      vertex 27.3172 9.5 23.4327
      vertex 27.1569 9.48315 23.3926
      vertex 27.3172 9.49102 23.4327
    endloop
  endfacet
  facet normal -0.242809 0.00133042 0.970073
    outer loop
      vertex 26.984 9.5 23.3493
      vertex 27.1569 9.48315 23.3926
      vertex 27.3172 9.5 23.4327
    endloop
  endfacet
  facet normal -0.242932 0 0.970043
    outer loop
      vertex 27.1569 9.48315 23.3926
      vertex 26.984 9.5 23.3493
      vertex 26.984 9.45749 23.3493
    endloop
  endfacet
  facet normal -0.33698 0 0.941512
    outer loop
      vertex 26.984 9.5 23.3493
      vertex 26.8172 9.43275 23.2896
      vertex 26.984 9.45749 23.3493
    endloop
  endfacet
  facet normal -0.336853 -0.000355866 0.941557
    outer loop
      vertex 26.6606 9.5 23.2336
      vertex 26.8172 9.43275 23.2896
      vertex 26.984 9.5 23.3493
    endloop
  endfacet
  facet normal -0.336717 0 0.941606
    outer loop
      vertex 26.8172 9.43275 23.2896
      vertex 26.6606 9.5 23.2336
      vertex 26.6606 9.39353 23.2336
    endloop
  endfacet
  facet normal -0.970098 -0.000127009 -0.242715
    outer loop
      vertex 24.5899 7.9445 19.2269
      vertex 24.5673 8 19.3172
      vertex 24.631 8 19.0626
    endloop
  endfacet
  facet normal -0.970079 -0 -0.242788
    outer loop
      vertex 24.5673 8 19.3172
      vertex 24.5899 7.9445 19.2269
      vertex 24.5673 7.90678 19.3172
    endloop
  endfacet
  facet normal -0.147176 0 0.98911
    outer loop
      vertex 27.3172 9.5 23.4327
      vertex 27.3172 9.49102 23.4327
      vertex 27.5 9.5 23.4599
    endloop
  endfacet
  facet normal -0.998789 0 -0.0491971
    outer loop
      vertex 24.5169 7.8227 19.6569
      vertex 24.5 8 20
      vertex 24.5169 8 19.6569
    endloop
  endfacet
  facet normal -0.998789 -0 -0.0491971
    outer loop
      vertex 24.5 8 20
      vertex 24.5169 7.8227 19.6569
      vertex 24.5 7.79458 20
    endloop
  endfacet
  facet normal -0.998789 0 0.0491971
    outer loop
      vertex 24.5 8 20
      vertex 24.5169 7.8227 20.3431
      vertex 24.5169 8 20.3431
    endloop
  endfacet
  facet normal -0.998789 0 0.0491971
    outer loop
      vertex 24.5169 7.8227 20.3431
      vertex 24.5 8 20
      vertex 24.5 7.79458 20
    endloop
  endfacet
  facet normal -0.741046 0 0.671454
    outer loop
      vertex 25.2945 9.5 22.2204
      vertex 25.5251 8.88761 22.4749
      vertex 25.5251 9.5 22.4749
    endloop
  endfacet
  facet normal -0.741046 0 0.671454
    outer loop
      vertex 25.5251 8.88761 22.4749
      vertex 25.2945 9.5 22.2204
      vertex 25.2945 8.71654 22.2204
    endloop
  endfacet
  facet normal -0.903939 0 0.427661
    outer loop
      vertex 24.7664 9.5 21.3394
      vertex 24.9133 8.35147 21.6499
      vertex 24.9133 9.5 21.6499
    endloop
  endfacet
  facet normal -0.903994 -3.81133e-05 0.427546
    outer loop
      vertex 24.7664 9.5 21.3394
      vertex 24.7945 8.22038 21.3987
      vertex 24.9133 8.35147 21.6499
    endloop
  endfacet
  facet normal -0.903676 0 0.428217
    outer loop
      vertex 24.7945 8.22038 21.3987
      vertex 24.7664 9.5 21.3394
      vertex 24.7664 8.18257 21.3394
    endloop
  endfacet
  facet normal -0.941557 0 0.336853
    outer loop
      vertex 24.6507 9.5 21.016
      vertex 24.7664 8.18257 21.3394
      vertex 24.7664 9.5 21.3394
    endloop
  endfacet
  facet normal -0.941557 0 0.336853
    outer loop
      vertex 24.7664 8.18257 21.3394
      vertex 24.6507 9.5 21.016
      vertex 24.6507 8.02654 21.016
    endloop
  endfacet
  facet normal -0.803237 0 0.595659
    outer loop
      vertex 25.0899 9.5 21.9445
      vertex 25.2945 8.71654 22.2204
      vertex 25.2945 9.5 22.2204
    endloop
  endfacet
  facet normal -0.802134 0.000810964 0.597144
    outer loop
      vertex 25.0899 9.5 21.9445
      vertex 25.2796 8.70554 22.2004
      vertex 25.2945 8.71654 22.2204
    endloop
  endfacet
  facet normal -0.80334 0 0.59552
    outer loop
      vertex 25.2796 8.70554 22.2004
      vertex 25.0899 9.5 21.9445
      vertex 25.0899 8.53354 21.9445
    endloop
  endfacet
  facet normal -0.514163 0 0.857693
    outer loop
      vertex 26.3501 9.5 23.0867
      vertex 26.1606 9.23358 22.9731
      vertex 26.3501 9.30138 23.0867
    endloop
  endfacet
  facet normal -0.514153 -9.39796e-06 0.857698
    outer loop
      vertex 26.0555 9.5 22.9101
      vertex 26.1606 9.23358 22.9731
      vertex 26.3501 9.5 23.0867
    endloop
  endfacet
  facet normal -0.514136 0 0.857709
    outer loop
      vertex 26.1606 9.23358 22.9731
      vertex 26.0555 9.5 22.9101
      vertex 26.0555 9.18387 22.9101
    endloop
  endfacet
  facet normal -0.989172 0 0.14676
    outer loop
      vertex 24.5169 8 20.3431
      vertex 24.5673 7.90678 20.6828
      vertex 24.5673 8 20.6828
    endloop
  endfacet
  facet normal -0.989172 0 0.14676
    outer loop
      vertex 24.5673 7.90678 20.6828
      vertex 24.5169 8 20.3431
      vertex 24.5169 7.8227 20.3431
    endloop
  endfacet
  facet normal -0.857698 0 0.514153
    outer loop
      vertex 24.9133 9.5 21.6499
      vertex 25.0899 8.53354 21.9445
      vertex 25.0899 9.5 21.9445
    endloop
  endfacet
  facet normal -0.857522 0.000121796 0.514447
    outer loop
      vertex 24.9133 9.5 21.6499
      vertex 25.0251 8.47487 21.8365
      vertex 25.0899 8.53354 21.9445
    endloop
  endfacet
  facet normal -0.857817 0 0.513955
    outer loop
      vertex 25.0251 8.47487 21.8365
      vertex 24.9133 9.5 21.6499
      vertex 24.9133 8.35147 21.6499
    endloop
  endfacet
  facet normal -0.0489044 0.998803 0
    outer loop
      vertex 84.2941 10.0144 0
      vertex 84 10 10
      vertex 84.2941 10.0144 10
    endloop
  endfacet
  facet normal -0.0489044 0.998803 0
    outer loop
      vertex 84 10 10
      vertex 84.2941 10.0144 0
      vertex 84 10 0
    endloop
  endfacet
  facet normal -0.671607 -0.740908 0
    outer loop
      vertex 85.9032 15.319 0
      vertex 86.1213 15.1213 10
      vertex 85.9032 15.319 10
    endloop
  endfacet
  facet normal -0.671607 -0.740908 -0
    outer loop
      vertex 86.1213 15.1213 10
      vertex 85.9032 15.319 0
      vertex 86.1213 15.1213 0
    endloop
  endfacet
  facet normal -0.803208 -0.595699 0
    outer loop
      vertex 86.4944 14.6667 0
      vertex 86.319 14.9032 10
      vertex 86.319 14.9032 0
    endloop
  endfacet
  facet normal -0.803208 -0.595699 0
    outer loop
      vertex 86.319 14.9032 10
      vertex 86.4944 14.6667 0
      vertex 86.4944 14.6667 10
    endloop
  endfacet
  facet normal 0.0489044 -0.998803 0
    outer loop
      vertex 27.7059 15.9856 0
      vertex 28 16 11
      vertex 27.7059 15.9856 11
    endloop
  endfacet
  facet normal 0.0489044 -0.998803 0
    outer loop
      vertex 28 16 11
      vertex 27.7059 15.9856 0
      vertex 28 16 0
    endloop
  endfacet
  facet normal -0.336939 -0.941527 0
    outer loop
      vertex 84.8708 15.8708 0
      vertex 85.148 15.7716 10
      vertex 84.8708 15.8708 10
    endloop
  endfacet
  facet normal -0.336939 -0.941527 -0
    outer loop
      vertex 85.148 15.7716 10
      vertex 84.8708 15.8708 0
      vertex 85.148 15.7716 0
    endloop
  endfacet
  facet normal -0.969982 0.243175 0
    outer loop
      vertex 86.8708 12.1291 0
      vertex 86.9424 12.4147 10
      vertex 86.9424 12.4147 0
    endloop
  endfacet
  facet normal -0.969982 0.243175 0
    outer loop
      vertex 86.9424 12.4147 10
      vertex 86.8708 12.1291 0
      vertex 86.8708 12.1291 10
    endloop
  endfacet
  facet normal -0.595699 0.803208 0
    outer loop
      vertex 85.9032 10.681 0
      vertex 85.6667 10.5056 10
      vertex 85.9032 10.681 10
    endloop
  endfacet
  facet normal -0.595699 0.803208 0
    outer loop
      vertex 85.6667 10.5056 10
      vertex 85.9032 10.681 0
      vertex 85.6667 10.5056 0
    endloop
  endfacet
  facet normal -0.989224 -0.146413 0
    outer loop
      vertex 86.9855 13.2941 0
      vertex 86.9424 13.5853 10
      vertex 86.9424 13.5853 0
    endloop
  endfacet
  facet normal -0.989224 -0.146413 0
    outer loop
      vertex 86.9424 13.5853 10
      vertex 86.9855 13.2941 0
      vertex 86.9855 13.2941 10
    endloop
  endfacet
  facet normal 0.146746 -0.989174 0
    outer loop
      vertex 27.4147 15.9424 0
      vertex 27.7059 15.9856 11
      vertex 27.4147 15.9424 11
    endloop
  endfacet
  facet normal 0.146746 -0.989174 0
    outer loop
      vertex 27.7059 15.9856 11
      vertex 27.4147 15.9424 0
      vertex 27.7059 15.9856 0
    endloop
  endfacet
  facet normal 0.857643 0.514246 0
    outer loop
      vertex 25.5056 11.3333 11
      vertex 25.3542 11.5858 0
      vertex 25.3542 11.5858 11
    endloop
  endfacet
  facet normal 0.857643 0.514246 0
    outer loop
      vertex 25.3542 11.5858 0
      vertex 25.5056 11.3333 11
      vertex 25.5056 11.3333 0
    endloop
  endfacet
  facet normal 0.0489044 0.998803 -0
    outer loop
      vertex 28 10 0
      vertex 27.7059 10.0144 11
      vertex 28 10 11
    endloop
  endfacet
  facet normal 0.0489044 0.998803 0
    outer loop
      vertex 27.7059 10.0144 11
      vertex 28 10 0
      vertex 27.7059 10.0144 0
    endloop
  endfacet
  facet normal -0.941488 -0.337047 0
    outer loop
      vertex 86.8708 13.8709 0
      vertex 86.7716 14.148 10
      vertex 86.7716 14.148 0
    endloop
  endfacet
  facet normal -0.941488 -0.337047 0
    outer loop
      vertex 86.7716 14.148 10
      vertex 86.8708 13.8709 0
      vertex 86.8708 13.8709 10
    endloop
  endfacet
  facet normal 0.989174 0.146746 0
    outer loop
      vertex 25.0576 12.4147 11
      vertex 25.0144 12.7059 0
      vertex 25.0144 12.7059 11
    endloop
  endfacet
  facet normal 0.989174 0.146746 0
    outer loop
      vertex 25.0144 12.7059 0
      vertex 25.0576 12.4147 11
      vertex 25.0576 12.4147 0
    endloop
  endfacet
  facet normal 0.969982 -0.243175 0
    outer loop
      vertex 25.0576 13.5853 11
      vertex 25.1292 13.8709 0
      vertex 25.1292 13.8709 11
    endloop
  endfacet
  facet normal 0.969982 -0.243175 0
    outer loop
      vertex 25.1292 13.8709 0
      vertex 25.0576 13.5853 11
      vertex 25.0576 13.5853 0
    endloop
  endfacet
  facet normal 0.514246 -0.857643 0
    outer loop
      vertex 26.3333 15.4944 0
      vertex 26.5858 15.6458 11
      vertex 26.3333 15.4944 11
    endloop
  endfacet
  facet normal 0.514246 -0.857643 0
    outer loop
      vertex 26.5858 15.6458 11
      vertex 26.3333 15.4944 0
      vertex 26.5858 15.6458 0
    endloop
  endfacet
  facet normal -0.740908 -0.671607 0
    outer loop
      vertex 86.319 14.9032 0
      vertex 86.1213 15.1213 10
      vertex 86.1213 15.1213 0
    endloop
  endfacet
  facet normal -0.740908 -0.671607 0
    outer loop
      vertex 86.1213 15.1213 10
      vertex 86.319 14.9032 0
      vertex 86.319 14.9032 10
    endloop
  endfacet
  facet normal -0.803208 0.595699 0
    outer loop
      vertex 86.319 11.0968 0
      vertex 86.4944 11.3333 10
      vertex 86.4944 11.3333 0
    endloop
  endfacet
  facet normal -0.803208 0.595699 0
    outer loop
      vertex 86.4944 11.3333 10
      vertex 86.319 11.0968 0
      vertex 86.319 11.0968 10
    endloop
  endfacet
  facet normal 0.941527 0.336939 0
    outer loop
      vertex 25.2284 11.8519 11
      vertex 25.1292 12.1291 0
      vertex 25.1292 12.1291 11
    endloop
  endfacet
  facet normal 0.941527 0.336939 0
    outer loop
      vertex 25.1292 12.1291 0
      vertex 25.2284 11.8519 11
      vertex 25.2284 11.8519 0
    endloop
  endfacet
  facet normal 0 1 0
    outer loop
      vertex 84 10 10
      vertex 84 10 0
      vertex 38.8246 10 10
    endloop
  endfacet
  facet normal 0 1 -0
    outer loop
      vertex 38.8246 10 10
      vertex 28 10 11
      vertex 38.8246 10 11
    endloop
  endfacet
  facet normal 0 1 0
    outer loop
      vertex 28 10 0
      vertex 38.8246 10 10
      vertex 84 10 0
    endloop
  endfacet
  facet normal 0 1 0
    outer loop
      vertex 38.8246 10 10
      vertex 28 10 0
      vertex 28 10 11
    endloop
  endfacet
  facet normal -0.595699 -0.803208 0
    outer loop
      vertex 85.6667 15.4944 0
      vertex 85.9032 15.319 10
      vertex 85.6667 15.4944 10
    endloop
  endfacet
  facet normal -0.595699 -0.803208 -0
    outer loop
      vertex 85.9032 15.319 10
      vertex 85.6667 15.4944 0
      vertex 85.9032 15.319 0
    endloop
  endfacet
  facet normal 0 -1 0
    outer loop
      vertex 28 16 11
      vertex 38.8246 16 10
      vertex 38.8246 16 11
    endloop
  endfacet
  facet normal 0 -1 0
    outer loop
      vertex 28 16 0
      vertex 38.8246 16 10
      vertex 28 16 11
    endloop
  endfacet
  facet normal 0 -1 0
    outer loop
      vertex 84 16 0
      vertex 38.8246 16 10
      vertex 28 16 0
    endloop
  endfacet
  facet normal 0 -1 0
    outer loop
      vertex 38.8246 16 10
      vertex 84 16 0
      vertex 84 16 10
    endloop
  endfacet
  facet normal -0.857643 0.514246 0
    outer loop
      vertex 86.4944 11.3333 0
      vertex 86.6458 11.5858 10
      vertex 86.6458 11.5858 0
    endloop
  endfacet
  facet normal -0.857643 0.514246 0
    outer loop
      vertex 86.6458 11.5858 10
      vertex 86.4944 11.3333 0
      vertex 86.4944 11.3333 10
    endloop
  endfacet
  facet normal 0.998803 -0.0489044 0
    outer loop
      vertex 25 13 11
      vertex 25.0144 13.2941 0
      vertex 25.0144 13.2941 11
    endloop
  endfacet
  facet normal 0.998803 -0.0489044 0
    outer loop
      vertex 25.0144 13.2941 0
      vertex 25 13 11
      vertex 25 13 0
    endloop
  endfacet
  facet normal -0.998787 0.0492431 0
    outer loop
      vertex 86.9855 12.7059 0
      vertex 87 13 10
      vertex 87 13 0
    endloop
  endfacet
  facet normal -0.998787 0.0492431 0
    outer loop
      vertex 87 13 10
      vertex 86.9855 12.7059 0
      vertex 86.9855 12.7059 10
    endloop
  endfacet
  facet normal -0.243255 0.969962 0
    outer loop
      vertex 84.8708 10.1292 0
      vertex 84.5853 10.0576 10
      vertex 84.8708 10.1292 10
    endloop
  endfacet
  facet normal -0.243255 0.969962 0
    outer loop
      vertex 84.5853 10.0576 10
      vertex 84.8708 10.1292 0
      vertex 84.5853 10.0576 0
    endloop
  endfacet
  facet normal -0.998787 -0.0492431 0
    outer loop
      vertex 87 13 0
      vertex 86.9855 13.2941 10
      vertex 86.9855 13.2941 0
    endloop
  endfacet
  facet normal -0.998787 -0.0492431 0
    outer loop
      vertex 86.9855 13.2941 10
      vertex 87 13 0
      vertex 87 13 10
    endloop
  endfacet
  facet normal -0.857643 -0.514246 0
    outer loop
      vertex 86.6458 14.4142 0
      vertex 86.4944 14.6667 10
      vertex 86.4944 14.6667 0
    endloop
  endfacet
  facet normal -0.857643 -0.514246 0
    outer loop
      vertex 86.4944 14.6667 10
      vertex 86.6458 14.4142 0
      vertex 86.6458 14.4142 10
    endloop
  endfacet
  facet normal -0.740908 0.671607 0
    outer loop
      vertex 86.1213 10.8787 0
      vertex 86.319 11.0968 10
      vertex 86.319 11.0968 0
    endloop
  endfacet
  facet normal -0.740908 0.671607 0
    outer loop
      vertex 86.319 11.0968 10
      vertex 86.1213 10.8787 0
      vertex 86.1213 10.8787 10
    endloop
  endfacet
  facet normal 0.989174 -0.146746 0
    outer loop
      vertex 25.0144 13.2941 11
      vertex 25.0576 13.5853 0
      vertex 25.0576 13.5853 11
    endloop
  endfacet
  facet normal 0.989174 -0.146746 0
    outer loop
      vertex 25.0576 13.5853 0
      vertex 25.0144 13.2941 11
      vertex 25.0144 13.2941 0
    endloop
  endfacet
  facet normal -0.0489044 -0.998803 0
    outer loop
      vertex 84 16 0
      vertex 84.2941 15.9856 10
      vertex 84 16 10
    endloop
  endfacet
  facet normal -0.0489044 -0.998803 -0
    outer loop
      vertex 84.2941 15.9856 10
      vertex 84 16 0
      vertex 84.2941 15.9856 0
    endloop
  endfacet
  facet normal 0.803208 0.595699 0
    outer loop
      vertex 25.681 11.0968 11
      vertex 25.5056 11.3333 0
      vertex 25.5056 11.3333 11
    endloop
  endfacet
  facet normal 0.803208 0.595699 0
    outer loop
      vertex 25.5056 11.3333 0
      vertex 25.681 11.0968 11
      vertex 25.681 11.0968 0
    endloop
  endfacet
  facet normal 0.941488 -0.337047 0
    outer loop
      vertex 25.1292 13.8709 11
      vertex 25.2284 14.148 0
      vertex 25.2284 14.148 11
    endloop
  endfacet
  facet normal 0.941488 -0.337047 0
    outer loop
      vertex 25.2284 14.148 0
      vertex 25.1292 13.8709 11
      vertex 25.1292 13.8709 0
    endloop
  endfacet
  facet normal 0.969982 0.243175 0
    outer loop
      vertex 25.1292 12.1291 11
      vertex 25.0576 12.4147 0
      vertex 25.0576 12.4147 11
    endloop
  endfacet
  facet normal 0.969982 0.243175 0
    outer loop
      vertex 25.0576 12.4147 0
      vertex 25.1292 12.1291 11
      vertex 25.1292 12.1291 0
    endloop
  endfacet
  facet normal 0.146746 0.989174 -0
    outer loop
      vertex 27.7059 10.0144 0
      vertex 27.4147 10.0576 11
      vertex 27.7059 10.0144 11
    endloop
  endfacet
  facet normal 0.146746 0.989174 0
    outer loop
      vertex 27.4147 10.0576 11
      vertex 27.7059 10.0144 0
      vertex 27.4147 10.0576 0
    endloop
  endfacet
  facet normal -0.427269 -0.904125 0
    outer loop
      vertex 85.148 15.7716 0
      vertex 85.4142 15.6458 10
      vertex 85.148 15.7716 10
    endloop
  endfacet
  facet normal -0.427269 -0.904125 -0
    outer loop
      vertex 85.4142 15.6458 10
      vertex 85.148 15.7716 0
      vertex 85.4142 15.6458 0
    endloop
  endfacet
  facet normal -0.146746 -0.989174 0
    outer loop
      vertex 84.2941 15.9856 0
      vertex 84.5853 15.9424 10
      vertex 84.2941 15.9856 10
    endloop
  endfacet
  facet normal -0.146746 -0.989174 -0
    outer loop
      vertex 84.5853 15.9424 10
      vertex 84.2941 15.9856 0
      vertex 84.5853 15.9424 0
    endloop
  endfacet
  facet normal -0.941527 0.336939 0
    outer loop
      vertex 86.7716 11.8519 0
      vertex 86.8708 12.1291 10
      vertex 86.8708 12.1291 0
    endloop
  endfacet
  facet normal -0.941527 0.336939 0
    outer loop
      vertex 86.8708 12.1291 10
      vertex 86.7716 11.8519 0
      vertex 86.7716 11.8519 10
    endloop
  endfacet
  facet normal -0.904125 -0.427269 0
    outer loop
      vertex 86.7716 14.148 0
      vertex 86.6458 14.4142 10
      vertex 86.6458 14.4142 0
    endloop
  endfacet
  facet normal -0.904125 -0.427269 0
    outer loop
      vertex 86.6458 14.4142 10
      vertex 86.7716 14.148 0
      vertex 86.7716 14.148 10
    endloop
  endfacet
  facet normal -0.671607 0.740908 0
    outer loop
      vertex 86.1213 10.8787 0
      vertex 85.9032 10.681 10
      vertex 86.1213 10.8787 10
    endloop
  endfacet
  facet normal -0.671607 0.740908 0
    outer loop
      vertex 85.9032 10.681 10
      vertex 86.1213 10.8787 0
      vertex 85.9032 10.681 0
    endloop
  endfacet
  facet normal 0.740908 0.671607 0
    outer loop
      vertex 25.8787 10.8787 11
      vertex 25.681 11.0968 0
      vertex 25.681 11.0968 11
    endloop
  endfacet
  facet normal 0.740908 0.671607 0
    outer loop
      vertex 25.681 11.0968 0
      vertex 25.8787 10.8787 11
      vertex 25.8787 10.8787 0
    endloop
  endfacet
  facet normal 0.595699 -0.803208 0
    outer loop
      vertex 26.0968 15.319 0
      vertex 26.3333 15.4944 11
      vertex 26.0968 15.319 11
    endloop
  endfacet
  facet normal 0.595699 -0.803208 0
    outer loop
      vertex 26.3333 15.4944 11
      vertex 26.0968 15.319 0
      vertex 26.3333 15.4944 0
    endloop
  endfacet
  facet normal -0.243255 -0.969962 0
    outer loop
      vertex 84.5853 15.9424 0
      vertex 84.8708 15.8708 10
      vertex 84.5853 15.9424 10
    endloop
  endfacet
  facet normal -0.243255 -0.969962 -0
    outer loop
      vertex 84.8708 15.8708 10
      vertex 84.5853 15.9424 0
      vertex 84.8708 15.8708 0
    endloop
  endfacet
  facet normal 0.740908 -0.671607 0
    outer loop
      vertex 25.681 14.9032 11
      vertex 25.8787 15.1213 0
      vertex 25.8787 15.1213 11
    endloop
  endfacet
  facet normal 0.740908 -0.671607 0
    outer loop
      vertex 25.8787 15.1213 0
      vertex 25.681 14.9032 11
      vertex 25.681 14.9032 0
    endloop
  endfacet
  facet normal 0.803208 -0.595699 0
    outer loop
      vertex 25.5056 14.6667 11
      vertex 25.681 14.9032 0
      vertex 25.681 14.9032 11
    endloop
  endfacet
  facet normal 0.803208 -0.595699 0
    outer loop
      vertex 25.681 14.9032 0
      vertex 25.5056 14.6667 11
      vertex 25.5056 14.6667 0
    endloop
  endfacet
  facet normal 0.336939 -0.941527 0
    outer loop
      vertex 26.8519 15.7716 0
      vertex 27.1291 15.8708 11
      vertex 26.8519 15.7716 11
    endloop
  endfacet
  facet normal 0.336939 -0.941527 0
    outer loop
      vertex 27.1291 15.8708 11
      vertex 26.8519 15.7716 0
      vertex 27.1291 15.8708 0
    endloop
  endfacet
  facet normal -0.989224 0.146413 0
    outer loop
      vertex 86.9424 12.4147 0
      vertex 86.9855 12.7059 10
      vertex 86.9855 12.7059 0
    endloop
  endfacet
  facet normal -0.989224 0.146413 0
    outer loop
      vertex 86.9855 12.7059 10
      vertex 86.9424 12.4147 0
      vertex 86.9424 12.4147 10
    endloop
  endfacet
  facet normal 0.998803 0.0489044 0
    outer loop
      vertex 25.0144 12.7059 11
      vertex 25 13 0
      vertex 25 13 11
    endloop
  endfacet
  facet normal 0.998803 0.0489044 0
    outer loop
      vertex 25 13 0
      vertex 25.0144 12.7059 11
      vertex 25.0144 12.7059 0
    endloop
  endfacet
  facet normal -0.514246 -0.857643 0
    outer loop
      vertex 85.4142 15.6458 0
      vertex 85.6667 15.4944 10
      vertex 85.4142 15.6458 10
    endloop
  endfacet
  facet normal -0.514246 -0.857643 -0
    outer loop
      vertex 85.6667 15.4944 10
      vertex 85.4142 15.6458 0
      vertex 85.6667 15.4944 0
    endloop
  endfacet
  facet normal -0.969982 -0.243175 0
    outer loop
      vertex 86.9424 13.5853 0
      vertex 86.8708 13.8709 10
      vertex 86.8708 13.8709 0
    endloop
  endfacet
  facet normal -0.969982 -0.243175 0
    outer loop
      vertex 86.8708 13.8709 10
      vertex 86.9424 13.5853 0
      vertex 86.9424 13.5853 10
    endloop
  endfacet
  facet normal 0.857643 -0.514246 0
    outer loop
      vertex 25.3542 14.4142 11
      vertex 25.5056 14.6667 0
      vertex 25.5056 14.6667 11
    endloop
  endfacet
  facet normal 0.857643 -0.514246 0
    outer loop
      vertex 25.5056 14.6667 0
      vertex 25.3542 14.4142 11
      vertex 25.3542 14.4142 0
    endloop
  endfacet
  facet normal -0.336939 0.941527 0
    outer loop
      vertex 85.148 10.2284 0
      vertex 84.8708 10.1292 10
      vertex 85.148 10.2284 10
    endloop
  endfacet
  facet normal -0.336939 0.941527 0
    outer loop
      vertex 84.8708 10.1292 10
      vertex 85.148 10.2284 0
      vertex 84.8708 10.1292 0
    endloop
  endfacet
  facet normal 0.904063 0.4274 0
    outer loop
      vertex 25.3542 11.5858 11
      vertex 25.2284 11.8519 0
      vertex 25.2284 11.8519 11
    endloop
  endfacet
  facet normal 0.904063 0.4274 0
    outer loop
      vertex 25.2284 11.8519 0
      vertex 25.3542 11.5858 11
      vertex 25.3542 11.5858 0
    endloop
  endfacet
  facet normal -0.904063 0.4274 0
    outer loop
      vertex 86.6458 11.5858 0
      vertex 86.7716 11.8519 10
      vertex 86.7716 11.8519 0
    endloop
  endfacet
  facet normal -0.904063 0.4274 0
    outer loop
      vertex 86.7716 11.8519 10
      vertex 86.6458 11.5858 0
      vertex 86.6458 11.5858 10
    endloop
  endfacet
  facet normal -0.146746 0.989174 0
    outer loop
      vertex 84.5853 10.0576 0
      vertex 84.2941 10.0144 10
      vertex 84.5853 10.0576 10
    endloop
  endfacet
  facet normal -0.146746 0.989174 0
    outer loop
      vertex 84.2941 10.0144 10
      vertex 84.5853 10.0576 0
      vertex 84.2941 10.0144 0
    endloop
  endfacet
  facet normal -0.514246 0.857643 0
    outer loop
      vertex 85.6667 10.5056 0
      vertex 85.4142 10.3542 10
      vertex 85.6667 10.5056 10
    endloop
  endfacet
  facet normal -0.514246 0.857643 0
    outer loop
      vertex 85.4142 10.3542 10
      vertex 85.6667 10.5056 0
      vertex 85.4142 10.3542 0
    endloop
  endfacet
  facet normal 0.243175 -0.969982 0
    outer loop
      vertex 27.1291 15.8708 0
      vertex 27.4147 15.9424 11
      vertex 27.1291 15.8708 11
    endloop
  endfacet
  facet normal 0.243175 -0.969982 0
    outer loop
      vertex 27.4147 15.9424 11
      vertex 27.1291 15.8708 0
      vertex 27.4147 15.9424 0
    endloop
  endfacet
  facet normal 0.514246 0.857643 -0
    outer loop
      vertex 26.5858 10.3542 0
      vertex 26.3333 10.5056 11
      vertex 26.5858 10.3542 11
    endloop
  endfacet
  facet normal 0.514246 0.857643 0
    outer loop
      vertex 26.3333 10.5056 11
      vertex 26.5858 10.3542 0
      vertex 26.3333 10.5056 0
    endloop
  endfacet
  facet normal 0.671607 0.740908 -0
    outer loop
      vertex 26.0968 10.681 0
      vertex 25.8787 10.8787 11
      vertex 26.0968 10.681 11
    endloop
  endfacet
  facet normal 0.671607 0.740908 0
    outer loop
      vertex 25.8787 10.8787 11
      vertex 26.0968 10.681 0
      vertex 25.8787 10.8787 0
    endloop
  endfacet
  facet normal 0.4274 -0.904063 0
    outer loop
      vertex 26.5858 15.6458 0
      vertex 26.8519 15.7716 11
      vertex 26.5858 15.6458 11
    endloop
  endfacet
  facet normal 0.4274 -0.904063 0
    outer loop
      vertex 26.8519 15.7716 11
      vertex 26.5858 15.6458 0
      vertex 26.8519 15.7716 0
    endloop
  endfacet
  facet normal 0.336939 0.941527 -0
    outer loop
      vertex 27.1291 10.1292 0
      vertex 26.8519 10.2284 11
      vertex 27.1291 10.1292 11
    endloop
  endfacet
  facet normal 0.336939 0.941527 0
    outer loop
      vertex 26.8519 10.2284 11
      vertex 27.1291 10.1292 0
      vertex 26.8519 10.2284 0
    endloop
  endfacet
  facet normal 0.243175 0.969982 -0
    outer loop
      vertex 27.4147 10.0576 0
      vertex 27.1291 10.1292 11
      vertex 27.4147 10.0576 11
    endloop
  endfacet
  facet normal 0.243175 0.969982 0
    outer loop
      vertex 27.1291 10.1292 11
      vertex 27.4147 10.0576 0
      vertex 27.1291 10.1292 0
    endloop
  endfacet
  facet normal 0.595699 0.803208 -0
    outer loop
      vertex 26.3333 10.5056 0
      vertex 26.0968 10.681 11
      vertex 26.3333 10.5056 11
    endloop
  endfacet
  facet normal 0.595699 0.803208 0
    outer loop
      vertex 26.0968 10.681 11
      vertex 26.3333 10.5056 0
      vertex 26.0968 10.681 0
    endloop
  endfacet
  facet normal 0.4274 0.904063 -0
    outer loop
      vertex 26.8519 10.2284 0
      vertex 26.5858 10.3542 11
      vertex 26.8519 10.2284 11
    endloop
  endfacet
  facet normal 0.4274 0.904063 0
    outer loop
      vertex 26.5858 10.3542 11
      vertex 26.8519 10.2284 0
      vertex 26.5858 10.3542 0
    endloop
  endfacet
  facet normal -0.427269 0.904125 0
    outer loop
      vertex 85.4142 10.3542 0
      vertex 85.148 10.2284 10
      vertex 85.4142 10.3542 10
    endloop
  endfacet
  facet normal -0.427269 0.904125 0
    outer loop
      vertex 85.148 10.2284 10
      vertex 85.4142 10.3542 0
      vertex 85.148 10.2284 0
    endloop
  endfacet
  facet normal 0 0 -1
    outer loop
      vertex 38.8246 10 11
      vertex 39 11 11
      vertex 38.9856 10.7059 11
    endloop
  endfacet
  facet normal -0 0 -1
    outer loop
      vertex 39 11 11
      vertex 28 10 11
      vertex 39 15 11
    endloop
  endfacet
  facet normal 0 0 -1
    outer loop
      vertex 38.8246 10 11
      vertex 38.9856 10.7059 11
      vertex 38.9424 10.4147 11
    endloop
  endfacet
  facet normal 0 0 -1
    outer loop
      vertex 28 16 11
      vertex 39 15 11
      vertex 28 10 11
    endloop
  endfacet
  facet normal 0 0 -1
    outer loop
      vertex 38.8246 10 11
      vertex 38.9424 10.4147 11
      vertex 38.8708 10.1291 11
    endloop
  endfacet
  facet normal -0 -0 -1
    outer loop
      vertex 38.8246 16 11
      vertex 39 15 11
      vertex 28 16 11
    endloop
  endfacet
  facet normal 0 0 -1
    outer loop
      vertex 39 11 11
      vertex 38.8246 10 11
      vertex 28 10 11
    endloop
  endfacet
  facet normal 0 0 -1
    outer loop
      vertex 39 15 11
      vertex 38.8246 16 11
      vertex 38.9856 15.2941 11
    endloop
  endfacet
  facet normal 0 0 -1
    outer loop
      vertex 38.9856 15.2941 11
      vertex 38.8246 16 11
      vertex 38.9424 15.5853 11
    endloop
  endfacet
  facet normal 0 0 -1
    outer loop
      vertex 38.9424 15.5853 11
      vertex 38.8246 16 11
      vertex 38.8708 15.8709 11
    endloop
  endfacet
  facet normal 0 0 -1
    outer loop
      vertex 27.7059 10.0144 11
      vertex 28 16 11
      vertex 28 10 11
    endloop
  endfacet
  facet normal 0 0 -1
    outer loop
      vertex 27.7059 10.0144 11
      vertex 27.7059 15.9856 11
      vertex 28 16 11
    endloop
  endfacet
  facet normal 0 0 -1
    outer loop
      vertex 27.4147 10.0576 11
      vertex 27.7059 15.9856 11
      vertex 27.7059 10.0144 11
    endloop
  endfacet
  facet normal 0 0 -1
    outer loop
      vertex 27.4147 10.0576 11
      vertex 27.4147 15.9424 11
      vertex 27.7059 15.9856 11
    endloop
  endfacet
  facet normal 0 0 -1
    outer loop
      vertex 27.1291 10.1292 11
      vertex 27.4147 15.9424 11
      vertex 27.4147 10.0576 11
    endloop
  endfacet
  facet normal 0 0 -1
    outer loop
      vertex 27.1291 10.1292 11
      vertex 27.1291 15.8708 11
      vertex 27.4147 15.9424 11
    endloop
  endfacet
  facet normal 0 0 -1
    outer loop
      vertex 26.8519 10.2284 11
      vertex 27.1291 15.8708 11
      vertex 27.1291 10.1292 11
    endloop
  endfacet
  facet normal 0 0 -1
    outer loop
      vertex 26.8519 10.2284 11
      vertex 26.8519 15.7716 11
      vertex 27.1291 15.8708 11
    endloop
  endfacet
  facet normal 0 0 -1
    outer loop
      vertex 26.5858 10.3542 11
      vertex 26.8519 15.7716 11
      vertex 26.8519 10.2284 11
    endloop
  endfacet
  facet normal 0 0 -1
    outer loop
      vertex 26.5858 10.3542 11
      vertex 26.5858 15.6458 11
      vertex 26.8519 15.7716 11
    endloop
  endfacet
  facet normal 0 0 -1
    outer loop
      vertex 26.3333 10.5056 11
      vertex 26.5858 15.6458 11
      vertex 26.5858 10.3542 11
    endloop
  endfacet
  facet normal 0 0 -1
    outer loop
      vertex 26.3333 10.5056 11
      vertex 26.3333 15.4944 11
      vertex 26.5858 15.6458 11
    endloop
  endfacet
  facet normal 0 0 -1
    outer loop
      vertex 26.0968 10.681 11
      vertex 26.3333 15.4944 11
      vertex 26.3333 10.5056 11
    endloop
  endfacet
  facet normal 0 0 -1
    outer loop
      vertex 26.0968 10.681 11
      vertex 26.0968 15.319 11
      vertex 26.3333 15.4944 11
    endloop
  endfacet
  facet normal 0 0 -1
    outer loop
      vertex 25.8787 10.8787 11
      vertex 26.0968 15.319 11
      vertex 26.0968 10.681 11
    endloop
  endfacet
  facet normal 0 0 -1
    outer loop
      vertex 25.8787 10.8787 11
      vertex 25.8787 15.1213 11
      vertex 26.0968 15.319 11
    endloop
  endfacet
  facet normal 0 0 -1
    outer loop
      vertex 25.681 11.0968 11
      vertex 25.8787 15.1213 11
      vertex 25.8787 10.8787 11
    endloop
  endfacet
  facet normal 0 0 -1
    outer loop
      vertex 25.681 11.0968 11
      vertex 25.681 14.9032 11
      vertex 25.8787 15.1213 11
    endloop
  endfacet
  facet normal 0 0 -1
    outer loop
      vertex 25.5056 11.3333 11
      vertex 25.681 14.9032 11
      vertex 25.681 11.0968 11
    endloop
  endfacet
  facet normal 0 0 -1
    outer loop
      vertex 25.5056 11.3333 11
      vertex 25.5056 14.6667 11
      vertex 25.681 14.9032 11
    endloop
  endfacet
  facet normal 0 0 -1
    outer loop
      vertex 25.3542 11.5858 11
      vertex 25.5056 14.6667 11
      vertex 25.5056 11.3333 11
    endloop
  endfacet
  facet normal 0 0 -1
    outer loop
      vertex 25.3542 11.5858 11
      vertex 25.3542 14.4142 11
      vertex 25.5056 14.6667 11
    endloop
  endfacet
  facet normal 0 0 -1
    outer loop
      vertex 25.2284 11.8519 11
      vertex 25.3542 14.4142 11
      vertex 25.3542 11.5858 11
    endloop
  endfacet
  facet normal 0 0 -1
    outer loop
      vertex 25.2284 11.8519 11
      vertex 25.2284 14.148 11
      vertex 25.3542 14.4142 11
    endloop
  endfacet
  facet normal 0 0 -1
    outer loop
      vertex 25.1292 12.1291 11
      vertex 25.2284 14.148 11
      vertex 25.2284 11.8519 11
    endloop
  endfacet
  facet normal 0 0 -1
    outer loop
      vertex 25.1292 12.1291 11
      vertex 25.1292 13.8709 11
      vertex 25.2284 14.148 11
    endloop
  endfacet
  facet normal 0 0 -1
    outer loop
      vertex 25.0576 12.4147 11
      vertex 25.1292 13.8709 11
      vertex 25.1292 12.1291 11
    endloop
  endfacet
  facet normal 0 0 -1
    outer loop
      vertex 25.0576 12.4147 11
      vertex 25.0576 13.5853 11
      vertex 25.1292 13.8709 11
    endloop
  endfacet
  facet normal 0 0 -1
    outer loop
      vertex 25.0144 12.7059 11
      vertex 25.0576 13.5853 11
      vertex 25.0576 12.4147 11
    endloop
  endfacet
  facet normal 0 0 -1
    outer loop
      vertex 25.0144 12.7059 11
      vertex 25.0144 13.2941 11
      vertex 25.0576 13.5853 11
    endloop
  endfacet
  facet normal 0 -0 -1
    outer loop
      vertex 25.0144 13.2941 11
      vertex 25.0144 12.7059 11
      vertex 25 13 11
    endloop
  endfacet
  facet normal 0.904125 -0.427269 0
    outer loop
      vertex 25.2284 14.148 11
      vertex 25.3542 14.4142 0
      vertex 25.3542 14.4142 11
    endloop
  endfacet
  facet normal 0.904125 -0.427269 0
    outer loop
      vertex 25.3542 14.4142 0
      vertex 25.2284 14.148 11
      vertex 25.2284 14.148 0
    endloop
  endfacet
  facet normal 0.671607 -0.740908 0
    outer loop
      vertex 25.8787 15.1213 0
      vertex 26.0968 15.319 11
      vertex 25.8787 15.1213 11
    endloop
  endfacet
  facet normal 0.671607 -0.740908 0
    outer loop
      vertex 26.0968 15.319 11
      vertex 25.8787 15.1213 0
      vertex 26.0968 15.319 0
    endloop
  endfacet
  facet normal -0.989028 -0.14773 0
    outer loop
      vertex 103.981 13.3921 0
      vertex 103.923 13.7804 10
      vertex 103.923 13.7804 0
    endloop
  endfacet
  facet normal -0.989028 -0.14773 0
    outer loop
      vertex 103.923 13.7804 10
      vertex 103.981 13.3921 0
      vertex 103.981 13.3921 10
    endloop
  endfacet
  facet normal -0.998828 -0.0484002 0
    outer loop
      vertex 104 13 0
      vertex 103.981 13.3921 10
      vertex 103.981 13.3921 0
    endloop
  endfacet
  facet normal -0.998828 -0.0484002 0
    outer loop
      vertex 103.981 13.3921 10
      vertex 104 13 0
      vertex 104 13 10
    endloop
  endfacet
  facet normal -0.970247 -0.242116 0
    outer loop
      vertex 103.923 13.7804 0
      vertex 103.828 14.1611 10
      vertex 103.828 14.1611 0
    endloop
  endfacet
  facet normal -0.970247 -0.242116 0
    outer loop
      vertex 103.828 14.1611 10
      vertex 103.923 13.7804 0
      vertex 103.923 13.7804 10
    endloop
  endfacet
  facet normal 0.671663 0.740857 -0
    outer loop
      vertex 97.4624 9.90796 0
      vertex 97.1716 10.1716 10
      vertex 97.4624 9.90796 10
    endloop
  endfacet
  facet normal 0.671663 0.740857 0
    outer loop
      vertex 97.1716 10.1716 10
      vertex 97.4624 9.90796 0
      vertex 97.1716 10.1716 0
    endloop
  endfacet
  facet normal -0.336691 -0.941615 0
    outer loop
      vertex 101.161 16.8278 0
      vertex 101.531 16.6955 10
      vertex 101.161 16.8278 10
    endloop
  endfacet
  facet normal -0.336691 -0.941615 -0
    outer loop
      vertex 101.531 16.6955 10
      vertex 101.161 16.8278 0
      vertex 101.531 16.6955 0
    endloop
  endfacet
  facet normal 0.049061 0.998796 -0
    outer loop
      vertex 100 9 0
      vertex 99.6079 9.01926 10
      vertex 100 9 10
    endloop
  endfacet
  facet normal 0.049061 0.998796 0
    outer loop
      vertex 99.6079 9.01926 10
      vertex 100 9 0
      vertex 99.6079 9.01926 0
    endloop
  endfacet
  facet normal -0.941742 0.336336 0
    outer loop
      vertex 103.696 11.4693 0
      vertex 103.828 11.8389 10
      vertex 103.828 11.8389 0
    endloop
  endfacet
  facet normal -0.941742 0.336336 0
    outer loop
      vertex 103.828 11.8389 10
      vertex 103.696 11.4693 0
      vertex 103.696 11.4693 10
    endloop
  endfacet
  facet normal 0.42744 -0.904044 0
    outer loop
      vertex 98.1144 16.5277 0
      vertex 98.4693 16.6955 10
      vertex 98.1144 16.5277 10
    endloop
  endfacet
  facet normal 0.42744 -0.904044 0
    outer loop
      vertex 98.4693 16.6955 10
      vertex 98.1144 16.5277 0
      vertex 98.4693 16.6955 0
    endloop
  endfacet
  facet normal -0.672622 -0.739986 0
    outer loop
      vertex 102.538 16.092 0
      vertex 102.828 15.8284 10
      vertex 102.538 16.092 10
    endloop
  endfacet
  facet normal -0.672622 -0.739986 -0
    outer loop
      vertex 102.828 15.8284 10
      vertex 102.538 16.092 0
      vertex 102.828 15.8284 0
    endloop
  endfacet
  facet normal -0.242847 0.970065 0
    outer loop
      vertex 101.161 9.17224 0
      vertex 100.78 9.07686 10
      vertex 101.161 9.17224 10
    endloop
  endfacet
  facet normal -0.242847 0.970065 0
    outer loop
      vertex 100.78 9.07686 10
      vertex 101.161 9.17224 0
      vertex 100.78 9.07686 0
    endloop
  endfacet
  facet normal -0.146844 -0.98916 0
    outer loop
      vertex 100.392 16.9807 0
      vertex 100.78 16.9231 10
      vertex 100.392 16.9807 10
    endloop
  endfacet
  facet normal -0.146844 -0.98916 -0
    outer loop
      vertex 100.78 16.9231 10
      vertex 100.392 16.9807 0
      vertex 100.78 16.9231 0
    endloop
  endfacet
  facet normal 0.970068 -0.242835 0
    outer loop
      vertex 96.0769 13.7804 10
      vertex 96.1722 14.1611 0
      vertex 96.1722 14.1611 10
    endloop
  endfacet
  facet normal 0.970068 -0.242835 0
    outer loop
      vertex 96.1722 14.1611 0
      vertex 96.0769 13.7804 10
      vertex 96.0769 13.7804 0
    endloop
  endfacet
  facet normal 0.904044 0.42744 0
    outer loop
      vertex 96.4723 11.1144 10
      vertex 96.3045 11.4693 0
      vertex 96.3045 11.4693 10
    endloop
  endfacet
  facet normal 0.904044 0.42744 0
    outer loop
      vertex 96.3045 11.4693 0
      vertex 96.4723 11.1144 10
      vertex 96.4723 11.1144 0
    endloop
  endfacet
  facet normal -0.803015 0.595958 0
    outer loop
      vertex 103.092 10.4624 0
      vertex 103.326 10.7777 10
      vertex 103.326 10.7777 0
    endloop
  endfacet
  facet normal -0.803015 0.595958 0
    outer loop
      vertex 103.326 10.7777 10
      vertex 103.092 10.4624 0
      vertex 103.092 10.4624 10
    endloop
  endfacet
  facet normal 0.803137 0.595794 0
    outer loop
      vertex 96.908 10.4624 10
      vertex 96.6741 10.7777 0
      vertex 96.6741 10.7777 10
    endloop
  endfacet
  facet normal 0.803137 0.595794 0
    outer loop
      vertex 96.6741 10.7777 0
      vertex 96.908 10.4624 10
      vertex 96.908 10.4624 0
    endloop
  endfacet
  facet normal -0.989028 0.14773 0
    outer loop
      vertex 103.923 12.2196 0
      vertex 103.981 12.6079 10
      vertex 103.981 12.6079 0
    endloop
  endfacet
  facet normal -0.989028 0.14773 0
    outer loop
      vertex 103.981 12.6079 10
      vertex 103.923 12.2196 0
      vertex 103.923 12.2196 10
    endloop
  endfacet
  facet normal 0.146733 -0.989176 0
    outer loop
      vertex 99.2196 16.9231 0
      vertex 99.6079 16.9807 10
      vertex 99.2196 16.9231 10
    endloop
  endfacet
  facet normal 0.146733 -0.989176 0
    outer loop
      vertex 99.6079 16.9807 10
      vertex 99.2196 16.9231 0
      vertex 99.6079 16.9807 0
    endloop
  endfacet
  facet normal -0.0491751 -0.99879 0
    outer loop
      vertex 100 17 0
      vertex 100.392 16.9807 10
      vertex 100 17 10
    endloop
  endfacet
  facet normal -0.0491751 -0.99879 -0
    outer loop
      vertex 100.392 16.9807 10
      vertex 100 17 0
      vertex 100.392 16.9807 0
    endloop
  endfacet
  facet normal 0.9415 0.337014 0
    outer loop
      vertex 96.3045 11.4693 10
      vertex 96.1722 11.8389 0
      vertex 96.1722 11.8389 10
    endloop
  endfacet
  facet normal 0.9415 0.337014 0
    outer loop
      vertex 96.1722 11.8389 0
      vertex 96.3045 11.4693 10
      vertex 96.3045 11.4693 0
    endloop
  endfacet
  facet normal -0.427342 -0.90409 0
    outer loop
      vertex 101.531 16.6955 0
      vertex 101.886 16.5277 10
      vertex 101.531 16.6955 10
    endloop
  endfacet
  facet normal -0.427342 -0.90409 -0
    outer loop
      vertex 101.886 16.5277 10
      vertex 101.531 16.6955 0
      vertex 101.886 16.5277 0
    endloop
  endfacet
  facet normal 0.85774 0.514084 0
    outer loop
      vertex 96.6741 10.7777 10
      vertex 96.4723 11.1144 0
      vertex 96.4723 11.1144 10
    endloop
  endfacet
  facet normal 0.85774 0.514084 0
    outer loop
      vertex 96.4723 11.1144 0
      vertex 96.6741 10.7777 10
      vertex 96.6741 10.7777 0
    endloop
  endfacet
  facet normal 0.146733 0.989176 -0
    outer loop
      vertex 99.6079 9.01926 0
      vertex 99.2196 9.07686 10
      vertex 99.6079 9.01926 10
    endloop
  endfacet
  facet normal 0.146733 0.989176 0
    outer loop
      vertex 99.2196 9.07686 10
      vertex 99.6079 9.01926 0
      vertex 99.2196 9.07686 0
    endloop
  endfacet
  facet normal -0.672678 0.739935 0
    outer loop
      vertex 102.828 10.1716 0
      vertex 102.538 9.90796 10
      vertex 102.828 10.1716 10
    endloop
  endfacet
  facet normal -0.672678 0.739935 0
    outer loop
      vertex 102.538 9.90796 10
      vertex 102.828 10.1716 0
      vertex 102.538 9.90796 0
    endloop
  endfacet
  facet normal 0.337014 -0.9415 0
    outer loop
      vertex 98.4693 16.6955 0
      vertex 98.8389 16.8278 10
      vertex 98.4693 16.6955 10
    endloop
  endfacet
  facet normal 0.337014 -0.9415 0
    outer loop
      vertex 98.8389 16.8278 10
      vertex 98.4693 16.6955 0
      vertex 98.8389 16.8278 0
    endloop
  endfacet
  facet normal -0.970247 0.242116 0
    outer loop
      vertex 103.828 11.8389 0
      vertex 103.923 12.2196 10
      vertex 103.923 12.2196 0
    endloop
  endfacet
  facet normal -0.970247 0.242116 0
    outer loop
      vertex 103.923 12.2196 10
      vertex 103.828 11.8389 0
      vertex 103.828 11.8389 10
    endloop
  endfacet
  facet normal 0.671607 -0.740908 0
    outer loop
      vertex 97.1716 15.8284 0
      vertex 97.4624 16.092 10
      vertex 97.1716 15.8284 10
    endloop
  endfacet
  facet normal 0.671607 -0.740908 0
    outer loop
      vertex 97.4624 16.092 10
      vertex 97.1716 15.8284 0
      vertex 97.4624 16.092 0
    endloop
  endfacet
  facet normal 0.595695 0.80321 -0
    outer loop
      vertex 97.7777 9.67412 0
      vertex 97.4624 9.90796 10
      vertex 97.7777 9.67412 10
    endloop
  endfacet
  facet normal 0.595695 0.80321 0
    outer loop
      vertex 97.4624 9.90796 10
      vertex 97.7777 9.67412 0
      vertex 97.4624 9.90796 0
    endloop
  endfacet
  facet normal -0.803015 -0.595958 0
    outer loop
      vertex 103.326 15.2223 0
      vertex 103.092 15.5376 10
      vertex 103.092 15.5376 0
    endloop
  endfacet
  facet normal -0.803015 -0.595958 0
    outer loop
      vertex 103.092 15.5376 10
      vertex 103.326 15.2223 0
      vertex 103.326 15.2223 10
    endloop
  endfacet
  facet normal 0.970068 0.242835 0
    outer loop
      vertex 96.1722 11.8389 10
      vertex 96.0769 12.2196 0
      vertex 96.0769 12.2196 10
    endloop
  endfacet
  facet normal 0.970068 0.242835 0
    outer loop
      vertex 96.0769 12.2196 0
      vertex 96.1722 11.8389 10
      vertex 96.1722 11.8389 0
    endloop
  endfacet
  facet normal 0.85774 -0.514084 0
    outer loop
      vertex 96.4723 14.8856 10
      vertex 96.6741 15.2223 0
      vertex 96.6741 15.2223 10
    endloop
  endfacet
  facet normal 0.85774 -0.514084 0
    outer loop
      vertex 96.6741 15.2223 0
      vertex 96.4723 14.8856 10
      vertex 96.4723 14.8856 0
    endloop
  endfacet
  facet normal -0.998828 0.0484002 0
    outer loop
      vertex 103.981 12.6079 0
      vertex 104 13 10
      vertex 104 13 0
    endloop
  endfacet
  facet normal -0.998828 0.0484002 0
    outer loop
      vertex 104 13 10
      vertex 103.981 12.6079 0
      vertex 103.981 12.6079 10
    endloop
  endfacet
  facet normal -0.336556 0.941664 0
    outer loop
      vertex 101.531 9.30448 0
      vertex 101.161 9.17224 10
      vertex 101.531 9.30448 10
    endloop
  endfacet
  facet normal -0.336556 0.941664 0
    outer loop
      vertex 101.161 9.17224 10
      vertex 101.531 9.30448 0
      vertex 101.161 9.17224 0
    endloop
  endfacet
  facet normal 0.9415 -0.337014 0
    outer loop
      vertex 96.1722 14.1611 10
      vertex 96.3045 14.5307 0
      vertex 96.3045 14.5307 10
    endloop
  endfacet
  facet normal 0.9415 -0.337014 0
    outer loop
      vertex 96.3045 14.5307 0
      vertex 96.1722 14.1611 10
      vertex 96.1722 14.1611 0
    endloop
  endfacet
  facet normal -0.594942 -0.803769 0
    outer loop
      vertex 102.222 16.3259 0
      vertex 102.538 16.092 10
      vertex 102.222 16.3259 10
    endloop
  endfacet
  facet normal -0.594942 -0.803769 -0
    outer loop
      vertex 102.538 16.092 10
      vertex 102.222 16.3259 0
      vertex 102.538 16.092 0
    endloop
  endfacet
  facet normal -0.514871 -0.857268 0
    outer loop
      vertex 101.886 16.5277 0
      vertex 102.222 16.3259 10
      vertex 101.886 16.5277 10
    endloop
  endfacet
  facet normal -0.514871 -0.857268 -0
    outer loop
      vertex 102.222 16.3259 10
      vertex 101.886 16.5277 0
      vertex 102.222 16.3259 0
    endloop
  endfacet
  facet normal -0.146844 0.98916 0
    outer loop
      vertex 100.78 9.07686 0
      vertex 100.392 9.01926 10
      vertex 100.78 9.07686 10
    endloop
  endfacet
  facet normal -0.146844 0.98916 0
    outer loop
      vertex 100.392 9.01926 10
      vertex 100.78 9.07686 0
      vertex 100.392 9.01926 0
    endloop
  endfacet
  facet normal -0.941742 -0.336336 0
    outer loop
      vertex 103.828 14.1611 0
      vertex 103.696 14.5307 10
      vertex 103.696 14.5307 0
    endloop
  endfacet
  facet normal -0.941742 -0.336336 0
    outer loop
      vertex 103.696 14.5307 10
      vertex 103.828 14.1611 0
      vertex 103.828 14.1611 10
    endloop
  endfacet
  facet normal -0.857515 0.514458 0
    outer loop
      vertex 103.326 10.7777 0
      vertex 103.528 11.1144 10
      vertex 103.528 11.1144 0
    endloop
  endfacet
  facet normal -0.857515 0.514458 0
    outer loop
      vertex 103.528 11.1144 10
      vertex 103.326 10.7777 0
      vertex 103.326 10.7777 10
    endloop
  endfacet
  facet normal 0.998791 0.0491626 0
    outer loop
      vertex 96.0193 12.6079 10
      vertex 96 13 0
      vertex 96 13 10
    endloop
  endfacet
  facet normal 0.998791 0.0491626 0
    outer loop
      vertex 96 13 0
      vertex 96.0193 12.6079 10
      vertex 96.0193 12.6079 0
    endloop
  endfacet
  facet normal -0.242655 -0.970113 0
    outer loop
      vertex 100.78 16.9231 0
      vertex 101.161 16.8278 10
      vertex 100.78 16.9231 10
    endloop
  endfacet
  facet normal -0.242655 -0.970113 -0
    outer loop
      vertex 101.161 16.8278 10
      vertex 100.78 16.9231 0
      vertex 101.161 16.8278 0
    endloop
  endfacet
  facet normal 0.998791 -0.0491626 0
    outer loop
      vertex 96 13 10
      vertex 96.0193 13.3921 0
      vertex 96.0193 13.3921 10
    endloop
  endfacet
  facet normal 0.998791 -0.0491626 0
    outer loop
      vertex 96.0193 13.3921 0
      vertex 96 13 10
      vertex 96 13 0
    endloop
  endfacet
  facet normal 0.514084 -0.85774 0
    outer loop
      vertex 97.7777 16.3259 0
      vertex 98.1144 16.5277 10
      vertex 97.7777 16.3259 10
    endloop
  endfacet
  facet normal 0.514084 -0.85774 0
    outer loop
      vertex 98.1144 16.5277 10
      vertex 97.7777 16.3259 0
      vertex 98.1144 16.5277 0
    endloop
  endfacet
  facet normal 0.243027 0.970019 -0
    outer loop
      vertex 99.2196 9.07686 0
      vertex 98.8389 9.17224 10
      vertex 99.2196 9.07686 10
    endloop
  endfacet
  facet normal 0.243027 0.970019 0
    outer loop
      vertex 98.8389 9.17224 10
      vertex 99.2196 9.07686 0
      vertex 98.8389 9.17224 0
    endloop
  endfacet
  facet normal -0.903847 -0.427856 0
    outer loop
      vertex 103.696 14.5307 0
      vertex 103.528 14.8856 10
      vertex 103.528 14.8856 0
    endloop
  endfacet
  facet normal -0.903847 -0.427856 0
    outer loop
      vertex 103.528 14.8856 10
      vertex 103.696 14.5307 0
      vertex 103.696 14.5307 10
    endloop
  endfacet
  facet normal -0.857515 -0.514458 0
    outer loop
      vertex 103.528 14.8856 0
      vertex 103.326 15.2223 10
      vertex 103.326 15.2223 0
    endloop
  endfacet
  facet normal -0.857515 -0.514458 0
    outer loop
      vertex 103.326 15.2223 10
      vertex 103.528 14.8856 0
      vertex 103.528 14.8856 10
    endloop
  endfacet
  facet normal 0.740908 -0.671607 0
    outer loop
      vertex 96.908 15.5376 10
      vertex 97.1716 15.8284 0
      vertex 97.1716 15.8284 10
    endloop
  endfacet
  facet normal 0.740908 -0.671607 0
    outer loop
      vertex 97.1716 15.8284 0
      vertex 96.908 15.5376 10
      vertex 96.908 15.5376 0
    endloop
  endfacet
  facet normal 0.989176 0.146733 0
    outer loop
      vertex 96.0769 12.2196 10
      vertex 96.0193 12.6079 0
      vertex 96.0193 12.6079 10
    endloop
  endfacet
  facet normal 0.989176 0.146733 0
    outer loop
      vertex 96.0193 12.6079 0
      vertex 96.0769 12.2196 10
      vertex 96.0769 12.2196 0
    endloop
  endfacet
  facet normal 0.740908 0.671607 0
    outer loop
      vertex 97.1716 10.1716 10
      vertex 96.908 10.4624 0
      vertex 96.908 10.4624 10
    endloop
  endfacet
  facet normal 0.740908 0.671607 0
    outer loop
      vertex 96.908 10.4624 0
      vertex 97.1716 10.1716 10
      vertex 97.1716 10.1716 0
    endloop
  endfacet
  facet normal 0.0491626 -0.998791 0
    outer loop
      vertex 99.6079 16.9807 0
      vertex 100 17 10
      vertex 99.6079 16.9807 10
    endloop
  endfacet
  facet normal 0.0491626 -0.998791 0
    outer loop
      vertex 100 17 10
      vertex 99.6079 16.9807 0
      vertex 100 17 0
    endloop
  endfacet
  facet normal 0.242835 -0.970068 0
    outer loop
      vertex 98.8389 16.8278 0
      vertex 99.2196 16.9231 10
      vertex 98.8389 16.8278 10
    endloop
  endfacet
  facet normal 0.242835 -0.970068 0
    outer loop
      vertex 99.2196 16.9231 10
      vertex 98.8389 16.8278 0
      vertex 99.2196 16.9231 0
    endloop
  endfacet
  facet normal 0.514102 0.857729 -0
    outer loop
      vertex 98.1144 9.47231 0
      vertex 97.7777 9.67412 10
      vertex 98.1144 9.47231 10
    endloop
  endfacet
  facet normal 0.514102 0.857729 0
    outer loop
      vertex 97.7777 9.67412 10
      vertex 98.1144 9.47231 0
      vertex 97.7777 9.67412 0
    endloop
  endfacet
  facet normal 0.904044 -0.42744 0
    outer loop
      vertex 96.3045 14.5307 10
      vertex 96.4723 14.8856 0
      vertex 96.4723 14.8856 10
    endloop
  endfacet
  facet normal 0.904044 -0.42744 0
    outer loop
      vertex 96.4723 14.8856 0
      vertex 96.3045 14.5307 10
      vertex 96.3045 14.5307 0
    endloop
  endfacet
  facet normal -0.427404 0.904061 0
    outer loop
      vertex 101.886 9.47231 0
      vertex 101.531 9.30448 10
      vertex 101.886 9.47231 10
    endloop
  endfacet
  facet normal -0.427404 0.904061 0
    outer loop
      vertex 101.531 9.30448 10
      vertex 101.886 9.47231 0
      vertex 101.531 9.30448 0
    endloop
  endfacet
  facet normal -0.740401 -0.672166 0
    outer loop
      vertex 103.092 15.5376 0
      vertex 102.828 15.8284 10
      vertex 102.828 15.8284 0
    endloop
  endfacet
  facet normal -0.740401 -0.672166 0
    outer loop
      vertex 102.828 15.8284 10
      vertex 103.092 15.5376 0
      vertex 103.092 15.5376 10
    endloop
  endfacet
  facet normal -0.594843 0.803842 0
    outer loop
      vertex 102.538 9.90796 0
      vertex 102.222 9.67412 10
      vertex 102.538 9.90796 10
    endloop
  endfacet
  facet normal -0.594843 0.803842 0
    outer loop
      vertex 102.222 9.67412 10
      vertex 102.538 9.90796 0
      vertex 102.222 9.67412 0
    endloop
  endfacet
  facet normal -0.51489 0.857256 0
    outer loop
      vertex 102.222 9.67412 0
      vertex 101.886 9.47231 10
      vertex 102.222 9.67412 10
    endloop
  endfacet
  facet normal -0.51489 0.857256 0
    outer loop
      vertex 101.886 9.47231 10
      vertex 102.222 9.67412 0
      vertex 101.886 9.47231 0
    endloop
  endfacet
  facet normal -0.903847 0.427856 0
    outer loop
      vertex 103.528 11.1144 0
      vertex 103.696 11.4693 10
      vertex 103.696 11.4693 0
    endloop
  endfacet
  facet normal -0.903847 0.427856 0
    outer loop
      vertex 103.696 11.4693 10
      vertex 103.528 11.1144 0
      vertex 103.528 11.1144 10
    endloop
  endfacet
  facet normal 0.803137 -0.595794 0
    outer loop
      vertex 96.6741 15.2223 10
      vertex 96.908 15.5376 0
      vertex 96.908 15.5376 10
    endloop
  endfacet
  facet normal 0.803137 -0.595794 0
    outer loop
      vertex 96.908 15.5376 0
      vertex 96.6741 15.2223 10
      vertex 96.6741 15.2223 0
    endloop
  endfacet
  facet normal -0.0490735 0.998795 0
    outer loop
      vertex 100.392 9.01926 0
      vertex 100 9 10
      vertex 100.392 9.01926 10
    endloop
  endfacet
  facet normal -0.0490735 0.998795 0
    outer loop
      vertex 100 9 10
      vertex 100.392 9.01926 0
      vertex 100 9 0
    endloop
  endfacet
  facet normal 0.595794 -0.803137 0
    outer loop
      vertex 97.4624 16.092 0
      vertex 97.7777 16.3259 10
      vertex 97.4624 16.092 10
    endloop
  endfacet
  facet normal 0.595794 -0.803137 0
    outer loop
      vertex 97.7777 16.3259 10
      vertex 97.4624 16.092 0
      vertex 97.7777 16.3259 0
    endloop
  endfacet
  facet normal -0.740401 0.672166 0
    outer loop
      vertex 102.828 10.1716 0
      vertex 103.092 10.4624 10
      vertex 103.092 10.4624 0
    endloop
  endfacet
  facet normal -0.740401 0.672166 0
    outer loop
      vertex 103.092 10.4624 10
      vertex 102.828 10.1716 0
      vertex 102.828 10.1716 10
    endloop
  endfacet
  facet normal 0.989176 -0.146733 0
    outer loop
      vertex 96.0193 13.3921 10
      vertex 96.0769 13.7804 0
      vertex 96.0769 13.7804 10
    endloop
  endfacet
  facet normal 0.989176 -0.146733 0
    outer loop
      vertex 96.0769 13.7804 0
      vertex 96.0193 13.3921 10
      vertex 96.0193 13.3921 0
    endloop
  endfacet
  facet normal 0.336879 0.941548 -0
    outer loop
      vertex 98.8389 9.17224 0
      vertex 98.4693 9.30448 10
      vertex 98.8389 9.17224 10
    endloop
  endfacet
  facet normal 0.336879 0.941548 0
    outer loop
      vertex 98.4693 9.30448 10
      vertex 98.8389 9.17224 0
      vertex 98.4693 9.30448 0
    endloop
  endfacet
  facet normal 0.427503 0.904014 -0
    outer loop
      vertex 98.4693 9.30448 0
      vertex 98.1144 9.47231 10
      vertex 98.4693 9.30448 10
    endloop
  endfacet
  facet normal 0.427503 0.904014 0
    outer loop
      vertex 98.1144 9.47231 10
      vertex 98.4693 9.30448 0
      vertex 98.1144 9.47231 0
    endloop
  endfacet
  facet normal -1 0 0
    outer loop
      vertex 89 16.5 16
      vertex 89 18.5 36
      vertex 89 18.5 16
    endloop
  endfacet
  facet normal -1 -0 0
    outer loop
      vertex 89 18.5 36
      vertex 89 16.5 16
      vertex 89 16.5 36
    endloop
  endfacet
  facet normal -1 0 0
    outer loop
      vertex 89 7.5 16
      vertex 89 9.5 36
      vertex 89 9.5 16
    endloop
  endfacet
  facet normal -1 -0 0
    outer loop
      vertex 89 9.5 36
      vertex 89 7.5 16
      vertex 89 7.5 36
    endloop
  endfacet
  facet normal 0 0 1
    outer loop
      vertex 89 18.5 16
      vertex 38.5943 16.5 16
      vertex 89 16.5 16
    endloop
  endfacet
  facet normal 0 0 1
    outer loop
      vertex 34 7.5 16
      vertex 39 11 16
      vertex 34 18.5 16
    endloop
  endfacet
  facet normal -0 0 1
    outer loop
      vertex 34 18.5 16
      vertex 38.5943 16.5 16
      vertex 89 18.5 16
    endloop
  endfacet
  facet normal 0 0 1
    outer loop
      vertex 38.5943 16.5 16
      vertex 39 15 16
      vertex 38.9856 15.2941 16
    endloop
  endfacet
  facet normal 0 0 1
    outer loop
      vertex 34 18.5 16
      vertex 39 15 16
      vertex 38.5943 16.5 16
    endloop
  endfacet
  facet normal 0 0 1
    outer loop
      vertex 38.5943 16.5 16
      vertex 38.9856 15.2941 16
      vertex 38.9424 15.5853 16
    endloop
  endfacet
  facet normal 0 0 1
    outer loop
      vertex 39 15 16
      vertex 34 18.5 16
      vertex 39 11 16
    endloop
  endfacet
  facet normal 0 0 1
    outer loop
      vertex 38.5943 16.5 16
      vertex 38.9424 15.5853 16
      vertex 38.8708 15.8709 16
    endloop
  endfacet
  facet normal 0 0 1
    outer loop
      vertex 39 11 16
      vertex 38.5943 9.5 16
      vertex 38.9856 10.7059 16
    endloop
  endfacet
  facet normal 0 0 1
    outer loop
      vertex 38.5943 16.5 16
      vertex 38.8708 15.8709 16
      vertex 38.7716 16.148 16
    endloop
  endfacet
  facet normal 0 0 1
    outer loop
      vertex 38.9856 10.7059 16
      vertex 38.5943 9.5 16
      vertex 38.9424 10.4147 16
    endloop
  endfacet
  facet normal 0 0 1
    outer loop
      vertex 38.5943 16.5 16
      vertex 38.7716 16.148 16
      vertex 38.6458 16.4142 16
    endloop
  endfacet
  facet normal 0 0 1
    outer loop
      vertex 38.9424 10.4147 16
      vertex 38.5943 9.5 16
      vertex 38.8708 10.1291 16
    endloop
  endfacet
  facet normal 0 0 1
    outer loop
      vertex 38.8708 10.1291 16
      vertex 38.5943 9.5 16
      vertex 38.7716 9.85195 16
    endloop
  endfacet
  facet normal 0 0 1
    outer loop
      vertex 38.7716 9.85195 16
      vertex 38.5943 9.5 16
      vertex 38.6458 9.58581 16
    endloop
  endfacet
  facet normal -0 0 1
    outer loop
      vertex 38.5943 9.5 16
      vertex 89 7.5 16
      vertex 89 9.5 16
    endloop
  endfacet
  facet normal 0 0 1
    outer loop
      vertex 38.5943 9.5 16
      vertex 34 7.5 16
      vertex 89 7.5 16
    endloop
  endfacet
  facet normal 0 0 1
    outer loop
      vertex 39 11 16
      vertex 34 7.5 16
      vertex 38.5943 9.5 16
    endloop
  endfacet
  facet normal 1 0 0
    outer loop
      vertex 34 9.5 36
      vertex 34 7.5 36
      vertex 34 9.5 17
    endloop
  endfacet
  facet normal 1 0 0
    outer loop
      vertex 34 16.5 17
      vertex 34 18.5 36
      vertex 34 16.5 36
    endloop
  endfacet
  facet normal 1 0 0
    outer loop
      vertex 34 18.5 36
      vertex 34 16.5 17
      vertex 34 18.5 16
    endloop
  endfacet
  facet normal 1 -0 0
    outer loop
      vertex 34 9.5 17
      vertex 34 18.5 16
      vertex 34 16.5 17
    endloop
  endfacet
  facet normal 1 0 0
    outer loop
      vertex 34 9.5 17
      vertex 34 7.5 16
      vertex 34 18.5 16
    endloop
  endfacet
  facet normal 1 0 0
    outer loop
      vertex 34 7.5 16
      vertex 34 9.5 17
      vertex 34 7.5 36
    endloop
  endfacet
  facet normal 0 -1 0
    outer loop
      vertex 34 18.5 16
      vertex 89 18.5 36
      vertex 34 18.5 36
    endloop
  endfacet
  facet normal 0 -1 -0
    outer loop
      vertex 89 18.5 36
      vertex 34 18.5 16
      vertex 89 18.5 16
    endloop
  endfacet
  facet normal 0 1 -0
    outer loop
      vertex 89 7.5 16
      vertex 34 7.5 36
      vertex 89 7.5 36
    endloop
  endfacet
  facet normal 0 1 0
    outer loop
      vertex 34 7.5 36
      vertex 89 7.5 16
      vertex 34 7.5 16
    endloop
  endfacet
  facet normal 0.97 -0 0.243106
    outer loop
      vertex 25.9403 -1.75 19.5903
      vertex 25.9904 -1 19.3904
      vertex 25.9403 -1 19.5903
    endloop
  endfacet
  facet normal 0.97 0 0.243106
    outer loop
      vertex 25.9904 -1 19.3904
      vertex 25.9403 -1.75 19.5903
      vertex 25.9904 -1.75 19.3904
    endloop
  endfacet
  facet normal -0.989138 0 -0.146988
    outer loop
      vertex 30.0899 -1.75 20.2058
      vertex 30.0596 -1 20.4097
      vertex 30.0899 -1 20.2058
    endloop
  endfacet
  facet normal -0.989138 -0 -0.146988
    outer loop
      vertex 30.0596 -1 20.4097
      vertex 30.0899 -1.75 20.2058
      vertex 30.0596 -1.75 20.4097
    endloop
  endfacet
  facet normal -0.998798 0 -0.0490178
    outer loop
      vertex 30.1 -1.75 20
      vertex 30.0899 -1 20.2058
      vertex 30.1 -1 20
    endloop
  endfacet
  facet normal -0.998798 -0 -0.0490178
    outer loop
      vertex 30.0899 -1 20.2058
      vertex 30.1 -1.75 20
      vertex 30.0899 -1.75 20.2058
    endloop
  endfacet
  facet normal 0.989209 -0 0.146513
    outer loop
      vertex 25.9101 -1.75 19.7942
      vertex 25.9403 -1 19.5903
      vertex 25.9101 -1 19.7942
    endloop
  endfacet
  facet normal 0.989209 0 0.146513
    outer loop
      vertex 25.9403 -1 19.5903
      vertex 25.9101 -1.75 19.7942
      vertex 25.9403 -1.75 19.5903
    endloop
  endfacet
  facet normal 0.595877 0 0.803076
    outer loop
      vertex 26.6678 -1 18.3767
      vertex 26.8333 -1.75 18.2539
      vertex 26.8333 -1 18.2539
    endloop
  endfacet
  facet normal 0.595877 0 0.803076
    outer loop
      vertex 26.8333 -1.75 18.2539
      vertex 26.6678 -1 18.3767
      vertex 26.6678 -1.75 18.3767
    endloop
  endfacet
  facet normal 0.0490178 0 0.998798
    outer loop
      vertex 27.7942 -1 17.9101
      vertex 28 -1.75 17.9
      vertex 28 -1 17.9
    endloop
  endfacet
  facet normal 0.0490178 0 0.998798
    outer loop
      vertex 28 -1.75 17.9
      vertex 27.7942 -1 17.9101
      vertex 27.7942 -1.75 17.9101
    endloop
  endfacet
  facet normal 0 -1 0
    outer loop
      vertex 27.7942 -1 22.0899
      vertex 28.2058 -1 22.0899
      vertex 28 -1 22.1
    endloop
  endfacet
  facet normal 0 -1 0
    outer loop
      vertex 27.5903 -1 22.0596
      vertex 28.2058 -1 22.0899
      vertex 27.7942 -1 22.0899
    endloop
  endfacet
  facet normal 0 -1 0
    outer loop
      vertex 27.5903 -1 22.0596
      vertex 28.4097 -1 22.0596
      vertex 28.2058 -1 22.0899
    endloop
  endfacet
  facet normal 0 -1 0
    outer loop
      vertex 27.3904 -1 22.0096
      vertex 28.4097 -1 22.0596
      vertex 27.5903 -1 22.0596
    endloop
  endfacet
  facet normal 0 -1 0
    outer loop
      vertex 27.3904 -1 22.0096
      vertex 28.6096 -1 22.0096
      vertex 28.4097 -1 22.0596
    endloop
  endfacet
  facet normal 0 -1 0
    outer loop
      vertex 27.1964 -1 21.9401
      vertex 28.6096 -1 22.0096
      vertex 27.3904 -1 22.0096
    endloop
  endfacet
  facet normal 0 -1 0
    outer loop
      vertex 27.1964 -1 21.9401
      vertex 28.8036 -1 21.9401
      vertex 28.6096 -1 22.0096
    endloop
  endfacet
  facet normal 0 -1 0
    outer loop
      vertex 27.0101 -1 21.852
      vertex 28.8036 -1 21.9401
      vertex 27.1964 -1 21.9401
    endloop
  endfacet
  facet normal 0 -1 0
    outer loop
      vertex 27.0101 -1 21.852
      vertex 28.9899 -1 21.852
      vertex 28.8036 -1 21.9401
    endloop
  endfacet
  facet normal 0 -1 0
    outer loop
      vertex 26.8333 -1 21.7461
      vertex 28.9899 -1 21.852
      vertex 27.0101 -1 21.852
    endloop
  endfacet
  facet normal 0 -1 0
    outer loop
      vertex 26.8333 -1 21.7461
      vertex 29.1667 -1 21.7461
      vertex 28.9899 -1 21.852
    endloop
  endfacet
  facet normal 0 -1 0
    outer loop
      vertex 26.6678 -1 21.6233
      vertex 29.1667 -1 21.7461
      vertex 26.8333 -1 21.7461
    endloop
  endfacet
  facet normal 0 -1 0
    outer loop
      vertex 26.6678 -1 21.6233
      vertex 29.3322 -1 21.6233
      vertex 29.1667 -1 21.7461
    endloop
  endfacet
  facet normal 0 -1 0
    outer loop
      vertex 26.5151 -1 21.4849
      vertex 29.3322 -1 21.6233
      vertex 26.6678 -1 21.6233
    endloop
  endfacet
  facet normal 0 -1 0
    outer loop
      vertex 26.5151 -1 21.4849
      vertex 29.4849 -1 21.4849
      vertex 29.3322 -1 21.6233
    endloop
  endfacet
  facet normal 0 -1 0
    outer loop
      vertex 26.3767 -1 21.3322
      vertex 29.4849 -1 21.4849
      vertex 26.5151 -1 21.4849
    endloop
  endfacet
  facet normal 0 -1 0
    outer loop
      vertex 26.3767 -1 21.3322
      vertex 29.6233 -1 21.3322
      vertex 29.4849 -1 21.4849
    endloop
  endfacet
  facet normal 0 -1 0
    outer loop
      vertex 26.2539 -1 21.1667
      vertex 29.6233 -1 21.3322
      vertex 26.3767 -1 21.3322
    endloop
  endfacet
  facet normal 0 -1 0
    outer loop
      vertex 26.2539 -1 21.1667
      vertex 29.7461 -1 21.1667
      vertex 29.6233 -1 21.3322
    endloop
  endfacet
  facet normal 0 -1 0
    outer loop
      vertex 26.148 -1 20.9899
      vertex 29.7461 -1 21.1667
      vertex 26.2539 -1 21.1667
    endloop
  endfacet
  facet normal 0 -1 0
    outer loop
      vertex 26.148 -1 20.9899
      vertex 29.852 -1 20.9899
      vertex 29.7461 -1 21.1667
    endloop
  endfacet
  facet normal 0 -1 0
    outer loop
      vertex 26.0599 -1 20.8036
      vertex 29.852 -1 20.9899
      vertex 26.148 -1 20.9899
    endloop
  endfacet
  facet normal 0 -1 0
    outer loop
      vertex 26.0599 -1 20.8036
      vertex 29.9401 -1 20.8036
      vertex 29.852 -1 20.9899
    endloop
  endfacet
  facet normal 0 -1 0
    outer loop
      vertex 25.9904 -1 20.6096
      vertex 29.9401 -1 20.8036
      vertex 26.0599 -1 20.8036
    endloop
  endfacet
  facet normal 0 -1 0
    outer loop
      vertex 25.9904 -1 20.6096
      vertex 30.0096 -1 20.6096
      vertex 29.9401 -1 20.8036
    endloop
  endfacet
  facet normal 0 -1 0
    outer loop
      vertex 25.9403 -1 20.4097
      vertex 30.0096 -1 20.6096
      vertex 25.9904 -1 20.6096
    endloop
  endfacet
  facet normal 0 -1 0
    outer loop
      vertex 25.9403 -1 20.4097
      vertex 30.0596 -1 20.4097
      vertex 30.0096 -1 20.6096
    endloop
  endfacet
  facet normal 0 -1 0
    outer loop
      vertex 25.9101 -1 20.2058
      vertex 30.0596 -1 20.4097
      vertex 25.9403 -1 20.4097
    endloop
  endfacet
  facet normal 0 -1 0
    outer loop
      vertex 25.9101 -1 20.2058
      vertex 30.0899 -1 20.2058
      vertex 30.0596 -1 20.4097
    endloop
  endfacet
  facet normal 0 -1 0
    outer loop
      vertex 25.9 -1 20
      vertex 30.0899 -1 20.2058
      vertex 25.9101 -1 20.2058
    endloop
  endfacet
  facet normal 0 -1 0
    outer loop
      vertex 25.9 -1 20
      vertex 30.1 -1 20
      vertex 30.0899 -1 20.2058
    endloop
  endfacet
  facet normal 0 -1 0
    outer loop
      vertex 25.9101 -1 19.7942
      vertex 30.1 -1 20
      vertex 25.9 -1 20
    endloop
  endfacet
  facet normal 0 -1 0
    outer loop
      vertex 25.9101 -1 19.7942
      vertex 30.0899 -1 19.7942
      vertex 30.1 -1 20
    endloop
  endfacet
  facet normal 0 -1 0
    outer loop
      vertex 25.9403 -1 19.5903
      vertex 30.0899 -1 19.7942
      vertex 25.9101 -1 19.7942
    endloop
  endfacet
  facet normal 0 -1 0
    outer loop
      vertex 25.9403 -1 19.5903
      vertex 30.0596 -1 19.5903
      vertex 30.0899 -1 19.7942
    endloop
  endfacet
  facet normal 0 -1 0
    outer loop
      vertex 25.9904 -1 19.3904
      vertex 30.0596 -1 19.5903
      vertex 25.9403 -1 19.5903
    endloop
  endfacet
  facet normal 0 -1 0
    outer loop
      vertex 25.9904 -1 19.3904
      vertex 30.0096 -1 19.3904
      vertex 30.0596 -1 19.5903
    endloop
  endfacet
  facet normal 0 -1 0
    outer loop
      vertex 26.0599 -1 19.1964
      vertex 30.0096 -1 19.3904
      vertex 25.9904 -1 19.3904
    endloop
  endfacet
  facet normal 0 -1 0
    outer loop
      vertex 26.0599 -1 19.1964
      vertex 29.9401 -1 19.1964
      vertex 30.0096 -1 19.3904
    endloop
  endfacet
  facet normal 0 -1 0
    outer loop
      vertex 26.148 -1 19.0101
      vertex 29.9401 -1 19.1964
      vertex 26.0599 -1 19.1964
    endloop
  endfacet
  facet normal 0 -1 0
    outer loop
      vertex 26.148 -1 19.0101
      vertex 29.852 -1 19.0101
      vertex 29.9401 -1 19.1964
    endloop
  endfacet
  facet normal 0 -1 0
    outer loop
      vertex 26.2539 -1 18.8333
      vertex 29.852 -1 19.0101
      vertex 26.148 -1 19.0101
    endloop
  endfacet
  facet normal 0 -1 0
    outer loop
      vertex 26.2539 -1 18.8333
      vertex 29.7461 -1 18.8333
      vertex 29.852 -1 19.0101
    endloop
  endfacet
  facet normal 0 -1 0
    outer loop
      vertex 26.3767 -1 18.6678
      vertex 29.7461 -1 18.8333
      vertex 26.2539 -1 18.8333
    endloop
  endfacet
  facet normal 0 -1 0
    outer loop
      vertex 26.3767 -1 18.6678
      vertex 29.6233 -1 18.6678
      vertex 29.7461 -1 18.8333
    endloop
  endfacet
  facet normal 0 -1 0
    outer loop
      vertex 26.5151 -1 18.5151
      vertex 29.6233 -1 18.6678
      vertex 26.3767 -1 18.6678
    endloop
  endfacet
  facet normal 0 -1 0
    outer loop
      vertex 26.5151 -1 18.5151
      vertex 29.4849 -1 18.5151
      vertex 29.6233 -1 18.6678
    endloop
  endfacet
  facet normal 0 -1 0
    outer loop
      vertex 26.6678 -1 18.3767
      vertex 29.4849 -1 18.5151
      vertex 26.5151 -1 18.5151
    endloop
  endfacet
  facet normal 0 -1 0
    outer loop
      vertex 26.6678 -1 18.3767
      vertex 29.3322 -1 18.3767
      vertex 29.4849 -1 18.5151
    endloop
  endfacet
  facet normal 0 -1 0
    outer loop
      vertex 26.8333 -1 18.2539
      vertex 29.3322 -1 18.3767
      vertex 26.6678 -1 18.3767
    endloop
  endfacet
  facet normal 0 -1 0
    outer loop
      vertex 26.8333 -1 18.2539
      vertex 29.1667 -1 18.2539
      vertex 29.3322 -1 18.3767
    endloop
  endfacet
  facet normal 0 -1 0
    outer loop
      vertex 27.0101 -1 18.148
      vertex 29.1667 -1 18.2539
      vertex 26.8333 -1 18.2539
    endloop
  endfacet
  facet normal 0 -1 0
    outer loop
      vertex 27.0101 -1 18.148
      vertex 28.9899 -1 18.148
      vertex 29.1667 -1 18.2539
    endloop
  endfacet
  facet normal 0 -1 0
    outer loop
      vertex 27.1964 -1 18.0599
      vertex 28.9899 -1 18.148
      vertex 27.0101 -1 18.148
    endloop
  endfacet
  facet normal 0 -1 0
    outer loop
      vertex 27.1964 -1 18.0599
      vertex 28.8036 -1 18.0599
      vertex 28.9899 -1 18.148
    endloop
  endfacet
  facet normal 0 -1 0
    outer loop
      vertex 27.3904 -1 17.9904
      vertex 28.8036 -1 18.0599
      vertex 27.1964 -1 18.0599
    endloop
  endfacet
  facet normal 0 -1 0
    outer loop
      vertex 27.3904 -1 17.9904
      vertex 28.6096 -1 17.9904
      vertex 28.8036 -1 18.0599
    endloop
  endfacet
  facet normal 0 -1 0
    outer loop
      vertex 27.5903 -1 17.9403
      vertex 28.6096 -1 17.9904
      vertex 27.3904 -1 17.9904
    endloop
  endfacet
  facet normal 0 -1 0
    outer loop
      vertex 27.5903 -1 17.9403
      vertex 28.4097 -1 17.9403
      vertex 28.6096 -1 17.9904
    endloop
  endfacet
  facet normal 0 -1 0
    outer loop
      vertex 27.7942 -1 17.9101
      vertex 28.4097 -1 17.9403
      vertex 27.5903 -1 17.9403
    endloop
  endfacet
  facet normal 0 -1 0
    outer loop
      vertex 27.7942 -1 17.9101
      vertex 28.2058 -1 17.9101
      vertex 28.4097 -1 17.9403
    endloop
  endfacet
  facet normal -0 -1 0
    outer loop
      vertex 28.2058 -1 17.9101
      vertex 27.7942 -1 17.9101
      vertex 28 -1 17.9
    endloop
  endfacet
  facet normal -0.941412 0 0.337258
    outer loop
      vertex 29.9401 -1.75 19.1964
      vertex 30.0096 -1 19.3904
      vertex 29.9401 -1 19.1964
    endloop
  endfacet
  facet normal -0.941412 0 0.337258
    outer loop
      vertex 30.0096 -1 19.3904
      vertex 29.9401 -1.75 19.1964
      vertex 30.0096 -1.75 19.3904
    endloop
  endfacet
  facet normal 0.671561 0 -0.740949
    outer loop
      vertex 26.5151 -1.75 21.4849
      vertex 26.6678 -1 21.6233
      vertex 26.6678 -1.75 21.6233
    endloop
  endfacet
  facet normal 0.671561 0 -0.740949
    outer loop
      vertex 26.6678 -1 21.6233
      vertex 26.5151 -1.75 21.4849
      vertex 26.5151 -1 21.4849
    endloop
  endfacet
  facet normal 0.857878 -0 0.513853
    outer loop
      vertex 26.148 -1.75 19.0101
      vertex 26.2539 -1 18.8333
      vertex 26.148 -1 19.0101
    endloop
  endfacet
  facet normal 0.857878 0 0.513853
    outer loop
      vertex 26.2539 -1 18.8333
      vertex 26.148 -1.75 19.0101
      vertex 26.2539 -1.75 18.8333
    endloop
  endfacet
  facet normal 0.671561 0 0.740949
    outer loop
      vertex 26.5151 -1 18.5151
      vertex 26.6678 -1.75 18.3767
      vertex 26.6678 -1 18.3767
    endloop
  endfacet
  facet normal 0.671561 0 0.740949
    outer loop
      vertex 26.6678 -1.75 18.3767
      vertex 26.5151 -1 18.5151
      vertex 26.5151 -1.75 18.5151
    endloop
  endfacet
  facet normal -0.671561 0 0.740949
    outer loop
      vertex 29.3322 -1 18.3767
      vertex 29.4849 -1.75 18.5151
      vertex 29.4849 -1 18.5151
    endloop
  endfacet
  facet normal -0.671561 0 0.740949
    outer loop
      vertex 29.4849 -1.75 18.5151
      vertex 29.3322 -1 18.3767
      vertex 29.3322 -1.75 18.3767
    endloop
  endfacet
  facet normal 0.595877 0 -0.803076
    outer loop
      vertex 26.6678 -1.75 21.6233
      vertex 26.8333 -1 21.7461
      vertex 26.8333 -1.75 21.7461
    endloop
  endfacet
  facet normal 0.595877 0 -0.803076
    outer loop
      vertex 26.8333 -1 21.7461
      vertex 26.6678 -1.75 21.6233
      vertex 26.6678 -1 21.6233
    endloop
  endfacet
  facet normal 0.97 0 -0.243106
    outer loop
      vertex 25.9904 -1.75 20.6096
      vertex 25.9403 -1 20.4097
      vertex 25.9904 -1 20.6096
    endloop
  endfacet
  facet normal 0.97 0 -0.243106
    outer loop
      vertex 25.9403 -1 20.4097
      vertex 25.9904 -1.75 20.6096
      vertex 25.9403 -1.75 20.4097
    endloop
  endfacet
  facet normal 0.146988 0 -0.989138
    outer loop
      vertex 27.5903 -1.75 22.0596
      vertex 27.7942 -1 22.0899
      vertex 27.7942 -1.75 22.0899
    endloop
  endfacet
  facet normal 0.146988 0 -0.989138
    outer loop
      vertex 27.7942 -1 22.0899
      vertex 27.5903 -1.75 22.0596
      vertex 27.5903 -1 22.0596
    endloop
  endfacet
  facet normal -0.904014 0 -0.427502
    outer loop
      vertex 29.9401 -1.75 20.8036
      vertex 29.852 -1 20.9899
      vertex 29.9401 -1 20.8036
    endloop
  endfacet
  facet normal -0.904014 -0 -0.427502
    outer loop
      vertex 29.852 -1 20.9899
      vertex 29.9401 -1.75 20.8036
      vertex 29.852 -1.75 20.9899
    endloop
  endfacet
  facet normal -0.803076 0 0.595877
    outer loop
      vertex 29.6233 -1.75 18.6678
      vertex 29.7461 -1 18.8333
      vertex 29.6233 -1 18.6678
    endloop
  endfacet
  facet normal -0.803076 0 0.595877
    outer loop
      vertex 29.7461 -1 18.8333
      vertex 29.6233 -1.75 18.6678
      vertex 29.7461 -1.75 18.8333
    endloop
  endfacet
  facet normal -0.24265 0 -0.970114
    outer loop
      vertex 28.4097 -1.75 22.0596
      vertex 28.6096 -1 22.0096
      vertex 28.6096 -1.75 22.0096
    endloop
  endfacet
  facet normal -0.24265 0 -0.970114
    outer loop
      vertex 28.6096 -1 22.0096
      vertex 28.4097 -1.75 22.0596
      vertex 28.4097 -1 22.0596
    endloop
  endfacet
  facet normal -0.970114 0 -0.24265
    outer loop
      vertex 30.0596 -1.75 20.4097
      vertex 30.0096 -1 20.6096
      vertex 30.0596 -1 20.4097
    endloop
  endfacet
  facet normal -0.970114 -0 -0.24265
    outer loop
      vertex 30.0096 -1 20.6096
      vertex 30.0596 -1.75 20.4097
      vertex 30.0096 -1.75 20.6096
    endloop
  endfacet
  facet normal -0.337258 0 0.941412
    outer loop
      vertex 28.6096 -1 17.9904
      vertex 28.8036 -1.75 18.0599
      vertex 28.8036 -1 18.0599
    endloop
  endfacet
  facet normal -0.337258 0 0.941412
    outer loop
      vertex 28.8036 -1.75 18.0599
      vertex 28.6096 -1 17.9904
      vertex 28.6096 -1.75 17.9904
    endloop
  endfacet
  facet normal -0.243106 0 0.97
    outer loop
      vertex 28.4097 -1 17.9403
      vertex 28.6096 -1.75 17.9904
      vertex 28.6096 -1 17.9904
    endloop
  endfacet
  facet normal -0.243106 0 0.97
    outer loop
      vertex 28.6096 -1.75 17.9904
      vertex 28.4097 -1 17.9403
      vertex 28.4097 -1.75 17.9403
    endloop
  endfacet
  facet normal -0.857878 0 0.513853
    outer loop
      vertex 29.7461 -1.75 18.8333
      vertex 29.852 -1 19.0101
      vertex 29.7461 -1 18.8333
    endloop
  endfacet
  facet normal -0.857878 0 0.513853
    outer loop
      vertex 29.852 -1 19.0101
      vertex 29.7461 -1.75 18.8333
      vertex 29.852 -1.75 19.0101
    endloop
  endfacet
  facet normal 0.427502 0 -0.904014
    outer loop
      vertex 27.0101 -1.75 21.852
      vertex 27.1964 -1 21.9401
      vertex 27.1964 -1.75 21.9401
    endloop
  endfacet
  facet normal 0.427502 0 -0.904014
    outer loop
      vertex 27.1964 -1 21.9401
      vertex 27.0101 -1.75 21.852
      vertex 27.0101 -1 21.852
    endloop
  endfacet
  facet normal -0.0490178 0 -0.998798
    outer loop
      vertex 28 -1.75 22.1
      vertex 28.2058 -1 22.0899
      vertex 28.2058 -1.75 22.0899
    endloop
  endfacet
  facet normal -0.0490178 0 -0.998798
    outer loop
      vertex 28.2058 -1 22.0899
      vertex 28 -1.75 22.1
      vertex 28 -1 22.1
    endloop
  endfacet
  facet normal -0.803076 0 -0.595877
    outer loop
      vertex 29.7461 -1.75 21.1667
      vertex 29.6233 -1 21.3322
      vertex 29.7461 -1 21.1667
    endloop
  endfacet
  facet normal -0.803076 -0 -0.595877
    outer loop
      vertex 29.6233 -1 21.3322
      vertex 29.7461 -1.75 21.1667
      vertex 29.6233 -1.75 21.3322
    endloop
  endfacet
  facet normal 0.904014 -0 0.427502
    outer loop
      vertex 26.0599 -1.75 19.1964
      vertex 26.148 -1 19.0101
      vertex 26.0599 -1 19.1964
    endloop
  endfacet
  facet normal 0.904014 0 0.427502
    outer loop
      vertex 26.148 -1 19.0101
      vertex 26.0599 -1.75 19.1964
      vertex 26.148 -1.75 19.0101
    endloop
  endfacet
  facet normal -0.513853 0 -0.857878
    outer loop
      vertex 28.9899 -1.75 21.852
      vertex 29.1667 -1 21.7461
      vertex 29.1667 -1.75 21.7461
    endloop
  endfacet
  facet normal -0.513853 0 -0.857878
    outer loop
      vertex 29.1667 -1 21.7461
      vertex 28.9899 -1.75 21.852
      vertex 28.9899 -1 21.852
    endloop
  endfacet
  facet normal 0.941412 -0 0.337258
    outer loop
      vertex 25.9904 -1.75 19.3904
      vertex 26.0599 -1 19.1964
      vertex 25.9904 -1 19.3904
    endloop
  endfacet
  facet normal 0.941412 0 0.337258
    outer loop
      vertex 26.0599 -1 19.1964
      vertex 25.9904 -1.75 19.3904
      vertex 26.0599 -1.75 19.1964
    endloop
  endfacet
  facet normal -0.513853 0 0.857878
    outer loop
      vertex 28.9899 -1 18.148
      vertex 29.1667 -1.75 18.2539
      vertex 29.1667 -1 18.2539
    endloop
  endfacet
  facet normal -0.513853 0 0.857878
    outer loop
      vertex 29.1667 -1.75 18.2539
      vertex 28.9899 -1 18.148
      vertex 28.9899 -1.75 18.148
    endloop
  endfacet
  facet normal -0.671561 0 -0.740949
    outer loop
      vertex 29.3322 -1.75 21.6233
      vertex 29.4849 -1 21.4849
      vertex 29.4849 -1.75 21.4849
    endloop
  endfacet
  facet normal -0.671561 0 -0.740949
    outer loop
      vertex 29.4849 -1 21.4849
      vertex 29.3322 -1.75 21.6233
      vertex 29.3322 -1 21.6233
    endloop
  endfacet
  facet normal 0.337258 0 -0.941412
    outer loop
      vertex 27.1964 -1.75 21.9401
      vertex 27.3904 -1 22.0096
      vertex 27.3904 -1.75 22.0096
    endloop
  endfacet
  facet normal 0.337258 0 -0.941412
    outer loop
      vertex 27.3904 -1 22.0096
      vertex 27.1964 -1.75 21.9401
      vertex 27.1964 -1 21.9401
    endloop
  endfacet
  facet normal -0.998798 0 0.0490178
    outer loop
      vertex 30.0899 -1.75 19.7942
      vertex 30.1 -1 20
      vertex 30.0899 -1 19.7942
    endloop
  endfacet
  facet normal -0.998798 0 0.0490178
    outer loop
      vertex 30.1 -1 20
      vertex 30.0899 -1.75 19.7942
      vertex 30.1 -1.75 20
    endloop
  endfacet
  facet normal 0.857878 0 -0.513853
    outer loop
      vertex 26.2539 -1.75 21.1667
      vertex 26.148 -1 20.9899
      vertex 26.2539 -1 21.1667
    endloop
  endfacet
  facet normal 0.857878 0 -0.513853
    outer loop
      vertex 26.148 -1 20.9899
      vertex 26.2539 -1.75 21.1667
      vertex 26.148 -1.75 20.9899
    endloop
  endfacet
  facet normal -0.857878 0 -0.513853
    outer loop
      vertex 29.852 -1.75 20.9899
      vertex 29.7461 -1 21.1667
      vertex 29.852 -1 20.9899
    endloop
  endfacet
  facet normal -0.857878 -0 -0.513853
    outer loop
      vertex 29.7461 -1 21.1667
      vertex 29.852 -1.75 20.9899
      vertex 29.7461 -1.75 21.1667
    endloop
  endfacet
  facet normal -0.989138 0 0.146988
    outer loop
      vertex 30.0596 -1.75 19.5903
      vertex 30.0899 -1 19.7942
      vertex 30.0596 -1 19.5903
    endloop
  endfacet
  facet normal -0.989138 0 0.146988
    outer loop
      vertex 30.0899 -1 19.7942
      vertex 30.0596 -1.75 19.5903
      vertex 30.0899 -1.75 19.7942
    endloop
  endfacet
  facet normal -0.941412 0 -0.337258
    outer loop
      vertex 30.0096 -1.75 20.6096
      vertex 29.9401 -1 20.8036
      vertex 30.0096 -1 20.6096
    endloop
  endfacet
  facet normal -0.941412 -0 -0.337258
    outer loop
      vertex 29.9401 -1 20.8036
      vertex 30.0096 -1.75 20.6096
      vertex 29.9401 -1.75 20.8036
    endloop
  endfacet
  facet normal -0.970114 0 0.24265
    outer loop
      vertex 30.0096 -1.75 19.3904
      vertex 30.0596 -1 19.5903
      vertex 30.0096 -1 19.3904
    endloop
  endfacet
  facet normal -0.970114 0 0.24265
    outer loop
      vertex 30.0596 -1 19.5903
      vertex 30.0096 -1.75 19.3904
      vertex 30.0596 -1.75 19.5903
    endloop
  endfacet
  facet normal -0.337258 0 -0.941412
    outer loop
      vertex 28.6096 -1.75 22.0096
      vertex 28.8036 -1 21.9401
      vertex 28.8036 -1.75 21.9401
    endloop
  endfacet
  facet normal -0.337258 0 -0.941412
    outer loop
      vertex 28.8036 -1 21.9401
      vertex 28.6096 -1.75 22.0096
      vertex 28.6096 -1 22.0096
    endloop
  endfacet
  facet normal -0.146513 0 0.989209
    outer loop
      vertex 28.2058 -1 17.9101
      vertex 28.4097 -1.75 17.9403
      vertex 28.4097 -1 17.9403
    endloop
  endfacet
  facet normal -0.146513 0 0.989209
    outer loop
      vertex 28.4097 -1.75 17.9403
      vertex 28.2058 -1 17.9101
      vertex 28.2058 -1.75 17.9101
    endloop
  endfacet
  facet normal -0.595877 0 -0.803076
    outer loop
      vertex 29.1667 -1.75 21.7461
      vertex 29.3322 -1 21.6233
      vertex 29.3322 -1.75 21.6233
    endloop
  endfacet
  facet normal -0.595877 0 -0.803076
    outer loop
      vertex 29.3322 -1 21.6233
      vertex 29.1667 -1.75 21.7461
      vertex 29.1667 -1 21.7461
    endloop
  endfacet
  facet normal 0.998798 -0 0.0490178
    outer loop
      vertex 25.9 -1.75 20
      vertex 25.9101 -1 19.7942
      vertex 25.9 -1 20
    endloop
  endfacet
  facet normal 0.998798 0 0.0490178
    outer loop
      vertex 25.9101 -1 19.7942
      vertex 25.9 -1.75 20
      vertex 25.9101 -1.75 19.7942
    endloop
  endfacet
  facet normal -0.146988 0 -0.989138
    outer loop
      vertex 28.2058 -1.75 22.0899
      vertex 28.4097 -1 22.0596
      vertex 28.4097 -1.75 22.0596
    endloop
  endfacet
  facet normal -0.146988 0 -0.989138
    outer loop
      vertex 28.4097 -1 22.0596
      vertex 28.2058 -1.75 22.0899
      vertex 28.2058 -1 22.0899
    endloop
  endfacet
  facet normal 0.998798 0 -0.0490178
    outer loop
      vertex 25.9101 -1.75 20.2058
      vertex 25.9 -1 20
      vertex 25.9101 -1 20.2058
    endloop
  endfacet
  facet normal 0.998798 0 -0.0490178
    outer loop
      vertex 25.9 -1 20
      vertex 25.9101 -1.75 20.2058
      vertex 25.9 -1.75 20
    endloop
  endfacet
  facet normal -0.427502 0 -0.904014
    outer loop
      vertex 28.8036 -1.75 21.9401
      vertex 28.9899 -1 21.852
      vertex 28.9899 -1.75 21.852
    endloop
  endfacet
  facet normal -0.427502 0 -0.904014
    outer loop
      vertex 28.9899 -1 21.852
      vertex 28.8036 -1.75 21.9401
      vertex 28.8036 -1 21.9401
    endloop
  endfacet
  facet normal 0.513853 0 -0.857878
    outer loop
      vertex 26.8333 -1.75 21.7461
      vertex 27.0101 -1 21.852
      vertex 27.0101 -1.75 21.852
    endloop
  endfacet
  facet normal 0.513853 0 -0.857878
    outer loop
      vertex 27.0101 -1 21.852
      vertex 26.8333 -1.75 21.7461
      vertex 26.8333 -1 21.7461
    endloop
  endfacet
  facet normal 0.243106 0 0.97
    outer loop
      vertex 27.3904 -1 17.9904
      vertex 27.5903 -1.75 17.9403
      vertex 27.5903 -1 17.9403
    endloop
  endfacet
  facet normal 0.243106 0 0.97
    outer loop
      vertex 27.5903 -1.75 17.9403
      vertex 27.3904 -1 17.9904
      vertex 27.3904 -1.75 17.9904
    endloop
  endfacet
  facet normal -0.740949 0 0.671561
    outer loop
      vertex 29.4849 -1.75 18.5151
      vertex 29.6233 -1 18.6678
      vertex 29.4849 -1 18.5151
    endloop
  endfacet
  facet normal -0.740949 0 0.671561
    outer loop
      vertex 29.6233 -1 18.6678
      vertex 29.4849 -1.75 18.5151
      vertex 29.6233 -1.75 18.6678
    endloop
  endfacet
  facet normal 0.740949 0 -0.671561
    outer loop
      vertex 26.5151 -1.75 21.4849
      vertex 26.3767 -1 21.3322
      vertex 26.5151 -1 21.4849
    endloop
  endfacet
  facet normal 0.740949 0 -0.671561
    outer loop
      vertex 26.3767 -1 21.3322
      vertex 26.5151 -1.75 21.4849
      vertex 26.3767 -1.75 21.3322
    endloop
  endfacet
  facet normal 0.24265 0 -0.970114
    outer loop
      vertex 27.3904 -1.75 22.0096
      vertex 27.5903 -1 22.0596
      vertex 27.5903 -1.75 22.0596
    endloop
  endfacet
  facet normal 0.24265 0 -0.970114
    outer loop
      vertex 27.5903 -1 22.0596
      vertex 27.3904 -1.75 22.0096
      vertex 27.3904 -1 22.0096
    endloop
  endfacet
  facet normal 0.803076 -0 0.595877
    outer loop
      vertex 26.2539 -1.75 18.8333
      vertex 26.3767 -1 18.6678
      vertex 26.2539 -1 18.8333
    endloop
  endfacet
  facet normal 0.803076 0 0.595877
    outer loop
      vertex 26.3767 -1 18.6678
      vertex 26.2539 -1.75 18.8333
      vertex 26.3767 -1.75 18.6678
    endloop
  endfacet
  facet normal 0.513853 0 0.857878
    outer loop
      vertex 26.8333 -1 18.2539
      vertex 27.0101 -1.75 18.148
      vertex 27.0101 -1 18.148
    endloop
  endfacet
  facet normal 0.513853 0 0.857878
    outer loop
      vertex 27.0101 -1.75 18.148
      vertex 26.8333 -1 18.2539
      vertex 26.8333 -1.75 18.2539
    endloop
  endfacet
  facet normal 0.904014 0 -0.427502
    outer loop
      vertex 26.148 -1.75 20.9899
      vertex 26.0599 -1 20.8036
      vertex 26.148 -1 20.9899
    endloop
  endfacet
  facet normal 0.904014 0 -0.427502
    outer loop
      vertex 26.0599 -1 20.8036
      vertex 26.148 -1.75 20.9899
      vertex 26.0599 -1.75 20.8036
    endloop
  endfacet
  facet normal 0.941412 0 -0.337258
    outer loop
      vertex 26.0599 -1.75 20.8036
      vertex 25.9904 -1 20.6096
      vertex 26.0599 -1 20.8036
    endloop
  endfacet
  facet normal 0.941412 0 -0.337258
    outer loop
      vertex 25.9904 -1 20.6096
      vertex 26.0599 -1.75 20.8036
      vertex 25.9904 -1.75 20.6096
    endloop
  endfacet
  facet normal -0.427502 0 0.904014
    outer loop
      vertex 28.8036 -1 18.0599
      vertex 28.9899 -1.75 18.148
      vertex 28.9899 -1 18.148
    endloop
  endfacet
  facet normal -0.427502 0 0.904014
    outer loop
      vertex 28.9899 -1.75 18.148
      vertex 28.8036 -1 18.0599
      vertex 28.8036 -1.75 18.0599
    endloop
  endfacet
  facet normal 0.740949 -0 0.671561
    outer loop
      vertex 26.3767 -1.75 18.6678
      vertex 26.5151 -1 18.5151
      vertex 26.3767 -1 18.6678
    endloop
  endfacet
  facet normal 0.740949 0 0.671561
    outer loop
      vertex 26.5151 -1 18.5151
      vertex 26.3767 -1.75 18.6678
      vertex 26.5151 -1.75 18.5151
    endloop
  endfacet
  facet normal 0.0490178 0 -0.998798
    outer loop
      vertex 27.7942 -1.75 22.0899
      vertex 28 -1 22.1
      vertex 28 -1.75 22.1
    endloop
  endfacet
  facet normal 0.0490178 0 -0.998798
    outer loop
      vertex 28 -1 22.1
      vertex 27.7942 -1.75 22.0899
      vertex 27.7942 -1 22.0899
    endloop
  endfacet
  facet normal -0.0490178 0 0.998798
    outer loop
      vertex 28 -1 17.9
      vertex 28.2058 -1.75 17.9101
      vertex 28.2058 -1 17.9101
    endloop
  endfacet
  facet normal -0.0490178 0 0.998798
    outer loop
      vertex 28.2058 -1.75 17.9101
      vertex 28 -1 17.9
      vertex 28 -1.75 17.9
    endloop
  endfacet
  facet normal -0.740949 0 -0.671561
    outer loop
      vertex 29.6233 -1.75 21.3322
      vertex 29.4849 -1 21.4849
      vertex 29.6233 -1 21.3322
    endloop
  endfacet
  facet normal -0.740949 -0 -0.671561
    outer loop
      vertex 29.4849 -1 21.4849
      vertex 29.6233 -1.75 21.3322
      vertex 29.4849 -1.75 21.4849
    endloop
  endfacet
  facet normal -0.595877 0 0.803076
    outer loop
      vertex 29.1667 -1 18.2539
      vertex 29.3322 -1.75 18.3767
      vertex 29.3322 -1 18.3767
    endloop
  endfacet
  facet normal -0.595877 0 0.803076
    outer loop
      vertex 29.3322 -1.75 18.3767
      vertex 29.1667 -1 18.2539
      vertex 29.1667 -1.75 18.2539
    endloop
  endfacet
  facet normal -0.904014 0 0.427502
    outer loop
      vertex 29.852 -1.75 19.0101
      vertex 29.9401 -1 19.1964
      vertex 29.852 -1 19.0101
    endloop
  endfacet
  facet normal -0.904014 0 0.427502
    outer loop
      vertex 29.9401 -1 19.1964
      vertex 29.852 -1.75 19.0101
      vertex 29.9401 -1.75 19.1964
    endloop
  endfacet
  facet normal 0.803076 0 -0.595877
    outer loop
      vertex 26.3767 -1.75 21.3322
      vertex 26.2539 -1 21.1667
      vertex 26.3767 -1 21.3322
    endloop
  endfacet
  facet normal 0.803076 0 -0.595877
    outer loop
      vertex 26.2539 -1 21.1667
      vertex 26.3767 -1.75 21.3322
      vertex 26.2539 -1.75 21.1667
    endloop
  endfacet
  facet normal 0.989209 0 -0.146513
    outer loop
      vertex 25.9403 -1.75 20.4097
      vertex 25.9101 -1 20.2058
      vertex 25.9403 -1 20.4097
    endloop
  endfacet
  facet normal 0.989209 0 -0.146513
    outer loop
      vertex 25.9101 -1 20.2058
      vertex 25.9403 -1.75 20.4097
      vertex 25.9101 -1.75 20.2058
    endloop
  endfacet
  facet normal 0.146513 0 0.989209
    outer loop
      vertex 27.5903 -1 17.9403
      vertex 27.7942 -1.75 17.9101
      vertex 27.7942 -1 17.9101
    endloop
  endfacet
  facet normal 0.146513 0 0.989209
    outer loop
      vertex 27.7942 -1.75 17.9101
      vertex 27.5903 -1 17.9403
      vertex 27.5903 -1.75 17.9403
    endloop
  endfacet
  facet normal 0.427502 0 0.904014
    outer loop
      vertex 27.0101 -1 18.148
      vertex 27.1964 -1.75 18.0599
      vertex 27.1964 -1 18.0599
    endloop
  endfacet
  facet normal 0.427502 0 0.904014
    outer loop
      vertex 27.1964 -1.75 18.0599
      vertex 27.0101 -1 18.148
      vertex 27.0101 -1.75 18.148
    endloop
  endfacet
  facet normal 0.337258 0 0.941412
    outer loop
      vertex 27.1964 -1 18.0599
      vertex 27.3904 -1.75 17.9904
      vertex 27.3904 -1 17.9904
    endloop
  endfacet
  facet normal 0.337258 0 0.941412
    outer loop
      vertex 27.3904 -1.75 17.9904
      vertex 27.1964 -1 18.0599
      vertex 27.1964 -1.75 18.0599
    endloop
  endfacet
  facet normal -1 0 0
    outer loop
      vertex 29 18 16
      vertex 29 12.75 17
      vertex 29 18 21
    endloop
  endfacet
  facet normal -1 0 0
    outer loop
      vertex 29 8 16
      vertex 29 12.75 17
      vertex 29 18 16
    endloop
  endfacet
  facet normal -1 -0 0
    outer loop
      vertex 29 12.75 17
      vertex 29 8 16
      vertex 29 9.5 17
    endloop
  endfacet
  facet normal -1 0 0
    outer loop
      vertex 29 8 21
      vertex 29 9.5 17
      vertex 29 8 16
    endloop
  endfacet
  facet normal -1 0 0
    outer loop
      vertex 29 9.5 17
      vertex 29 8 21
      vertex 29 9.5 21
    endloop
  endfacet
  facet normal -1 -0 0
    outer loop
      vertex 29 18 21
      vertex 29 12.75 17
      vertex 29 12.75 21
    endloop
  endfacet
  facet normal 0 0 -1
    outer loop
      vertex 24.1319 12.75 21
      vertex 29 18 21
      vertex 29 12.75 21
    endloop
  endfacet
  facet normal -0 0 -1
    outer loop
      vertex 29 18 21
      vertex 24.1319 12.75 21
      vertex 24.1319 18 21
    endloop
  endfacet
  facet normal 0 0 -1
    outer loop
      vertex 29 8 21
      vertex 24.6467 8.02114 21
      vertex 29 9.5 21
    endloop
  endfacet
  facet normal 0 -0 -1
    outer loop
      vertex 24.6467 8.02114 21
      vertex 29 8 21
      vertex 24.631 8 21
    endloop
  endfacet
  facet normal -0 0 -1
    outer loop
      vertex 29 9.5 21
      vertex 24.6467 8.02114 21
      vertex 24.6467 9.5 21
    endloop
  endfacet
  facet normal -0 0 1
    outer loop
      vertex 5 18 16
      vertex 29 8 16
      vertex 29 18 16
    endloop
  endfacet
  facet normal 0 0 1
    outer loop
      vertex 29 8 16
      vertex 5 18 16
      vertex 5 8 16
    endloop
  endfacet
  facet normal 0 -1 0
    outer loop
      vertex 5 18 17
      vertex 5 18 16
      vertex 24.631 18 17
    endloop
  endfacet
  facet normal 0 -1 0
    outer loop
      vertex 24.0769 18 20.7804
      vertex 29 18 21
      vertex 24.1319 18 21
    endloop
  endfacet
  facet normal 0 -1 0
    outer loop
      vertex 24.0193 18 20.3921
      vertex 29 18 21
      vertex 24.0769 18 20.7804
    endloop
  endfacet
  facet normal 0 -1 0
    outer loop
      vertex 24 18 20
      vertex 29 18 21
      vertex 24.0193 18 20.3921
    endloop
  endfacet
  facet normal 0 -1 0
    outer loop
      vertex 24.0193 18 19.6079
      vertex 29 18 21
      vertex 24 18 20
    endloop
  endfacet
  facet normal 0 -1 0
    outer loop
      vertex 24.0769 18 19.2196
      vertex 29 18 21
      vertex 24.0193 18 19.6079
    endloop
  endfacet
  facet normal 0 -1 0
    outer loop
      vertex 24.1722 18 18.8389
      vertex 29 18 21
      vertex 24.0769 18 19.2196
    endloop
  endfacet
  facet normal 0 -1 0
    outer loop
      vertex 24.3045 18 18.4693
      vertex 29 18 21
      vertex 24.1722 18 18.8389
    endloop
  endfacet
  facet normal 0 -1 0
    outer loop
      vertex 24.4723 18 18.1144
      vertex 29 18 21
      vertex 24.3045 18 18.4693
    endloop
  endfacet
  facet normal 0 -1 0
    outer loop
      vertex 24.631 18 17.8496
      vertex 29 18 21
      vertex 24.4723 18 18.1144
    endloop
  endfacet
  facet normal 0 -1 0
    outer loop
      vertex 29 18 16
      vertex 24.631 18 17.8496
      vertex 24.631 18 17
    endloop
  endfacet
  facet normal 0 -1 0
    outer loop
      vertex 24.631 18 17.8496
      vertex 29 18 16
      vertex 29 18 21
    endloop
  endfacet
  facet normal 0 -1 0
    outer loop
      vertex 29 18 16
      vertex 24.631 18 17
      vertex 5 18 16
    endloop
  endfacet
  facet normal 0 1 0
    outer loop
      vertex 29 8 21
      vertex 24.631 8 20.9374
      vertex 24.631 8 21
    endloop
  endfacet
  facet normal 0 1 0
    outer loop
      vertex 29 8 21
      vertex 24.5673 8 20.6828
      vertex 24.631 8 20.9374
    endloop
  endfacet
  facet normal 0 1 0
    outer loop
      vertex 29 8 21
      vertex 24.5169 8 20.3431
      vertex 24.5673 8 20.6828
    endloop
  endfacet
  facet normal 0 1 0
    outer loop
      vertex 29 8 21
      vertex 24.5 8 20
      vertex 24.5169 8 20.3431
    endloop
  endfacet
  facet normal 0 1 0
    outer loop
      vertex 29 8 21
      vertex 24.5169 8 19.6569
      vertex 24.5 8 20
    endloop
  endfacet
  facet normal 0 1 0
    outer loop
      vertex 29 8 21
      vertex 24.5673 8 19.3172
      vertex 24.5169 8 19.6569
    endloop
  endfacet
  facet normal 0 1 0
    outer loop
      vertex 29 8 21
      vertex 24.631 8 19.0626
      vertex 24.5673 8 19.3172
    endloop
  endfacet
  facet normal 0 1 -0
    outer loop
      vertex 29 8 16
      vertex 24.631 8 19.0626
      vertex 29 8 21
    endloop
  endfacet
  facet normal 0 1 0
    outer loop
      vertex 24.631 8 19.0626
      vertex 29 8 16
      vertex 24.631 8 17
    endloop
  endfacet
  facet normal 0 1 0
    outer loop
      vertex 5 8 16
      vertex 24.631 8 17
      vertex 29 8 16
    endloop
  endfacet
  facet normal 0 1 0
    outer loop
      vertex 24.631 8 17
      vertex 5 8 16
      vertex 5 8 17
    endloop
  endfacet
endsolid OpenSCAD_Model
